kanji	on	kun	en	bg
日	にち じつ	ひ -び -か	Day | Sun | Japan | Counter For Days	ден | слънце | Япония | брояч за дни
一	いち いつ	ひと- ひと.つ	One | One Radical (no.1)	едно | единица
国	こく	くに	Country	държава | страна
会	かい え	あ.う あ.わせる あつ.まる	Meeting | Meet | Party | Association | Interview | Join	среща | събрание | дружество | интервю
人	じん にん	ひと -り -と	Person	човек | лице
年	ねん	とし	Year | Counter For Years	година | брояч за години
大	だい たい	おお- おお.きい -おお.いに	Large | Big	голям
十	じゅう じっ じゅっ	とお と	Ten	десет
二	に じ	ふた ふた.つ ふたたび	Two | Two Radical (no. 7)	две
本	ほん	もと	Book | Present | Main | Origin | True | Real | Counter For Long Cylindrical Things	книга | основа | главен | истински | брояч за дълги тънки предмети
中	ちゅう	なか うち あた.る	In | Inside | Middle | Mean | Center	среда | вътре | център
長	ちょう	なが.い おさ	Long | Leader | Superior | Senior	дълъг | началник | старши
出	しゅつ すい	で.る -で だ.す -だ.す い.でる い.だす	Exit | Leave | Go Out | Come Out | Put Out | Protrude	излизам | изваждам
三	さん ぞう	み み.つ みっ.つ	Three	три
同	どう	おな.じ	Same | Agree | Equal	еднакъв | същият
時	じ	とき -どき	Time | Hour	време | час
政	せい しょう	まつりごと まん	Politics | Government	политика | управление
事	じ ず	こと つか.う つか.える	Matter | Thing | Fact | Business | Reason | Possibly	работа | дело | обстоятелство
自	じ し	みずか.ら おの.ずから おの.ずと	Oneself	себе си | сам
行	こう ぎょう あん	い.く ゆ.く -ゆ.き -ゆき -い.き -いき おこな.う おこ.なう	Going | Journey | Carry Out | Conduct | Act | Line | Row | Bank	отивам | извършвам | ред | банка
社	しゃ	やしろ	Company | Firm | Office | Association | Shrine	фирма | компания | дружество | храм (шинтоистки)
見	けん	み.る み.える み.せる	See | Hopes | Chances | Idea | Opinion | Look At | Visible	гледам | виждам | мнение
月	げつ がつ	つき	Month | Moon	месец | луна
分	ぶん ふん ぶ	わ.ける わ.け わ.かれる わ.かる わ.かつ	Part | Minute Of Time | Segment | Share | Degree | One's Lot | Duty | Understand | Know | Rate | 1% | Chances | Shaku/100	разделям | част | минута
議	ぎ		Deliberation | Consultation | Debate | Consideration	обсъждане | съвещание | дебат
後	ご こう	のち うし.ろ うしろ あと おく.れる	Behind | Back | Later	след | зад | по-късно
前	ぜん	まえ -まえ	In Front | Before	преди | пред
民	みん	たみ	People | Nation | Subjects	народ | поданици
生	せい しょう	い.きる い.かす い.ける う.まれる うま.れる う.まれ うまれ う.む お.う は.える は.やす き なま なま- な.る な.す む.す -う	Life | Genuine | Birth	живот | раждам се | ученик
連	れん	つら.なる つら.ねる つ.れる -づ.れ	Take Along | Lead | Join | Connect | Party | Gang | Clique	свързвам | поредица | група
五	ご	いつ いつ.つ	Five	пет
発	はつ ほつ	た.つ あば.く おこ.る つか.わす はな.つ	Departure | Discharge | Publish | Emit | Start From | Disclose | Counter For Gunshots	тръгвам | излъчвам | публикувам
間	かん けん	あいだ ま あい	Interval | Space	интервал | между | пространство
対	たい つい	あいて こた.える そろ.い つれあ.い なら.ぶ むか.う	Vis-a-vis | Opposite | Even | Equal | Versus | Anti- | Compare	срещу | противоположен | сравнявам
上	じょう しょう しゃん	うえ -うえ うわ- かみ あ.げる -あ.げる あ.がる -あ.がる あ.がり -あ.がり のぼ.る のぼ.り のぼ.せる のぼ.す たてまつ.る	Above | Up	горе | нагоре
部	ぶ	-べ	Section | Bureau | Dept | Class | Copy | Part | Portion | Counter For Copies Of A Newspaper Or Magazine	отдел | част | бюро | екземпляр
東	とう	ひがし	East	изток
者	しゃ	もの	Someone | Person	лице | човек
党	とう	なかま むら	Party | Faction | Clique	партия | фракция
地	ち じ		Ground | Earth	земя | място | терен
合	ごう がっ かっ	あ.う -あ.う あ.い あい- -あ.い -あい あ.わす あ.わせる -あ.わせる	Fit | Suit | Join | 0.1	съчетавам | подхождам | съответствам
市	し	いち	Market | City | Town	град | пазар
業	ぎょう ごう	わざ	Business | Vocation | Arts | Performance	работа | бизнес | занаят
内	ない だい	うち	Inside | Within | Between | Among | House | Home	вътре | в рамките на
相	そう しょう	あい-	Inter- | Mutual | Together | Each Other | Minister Of State | Councillor | Aspect | Phase | Physiognomy	взаимен | министър | фаза
方	ほう	かた -かた -がた	Direction | Person | Alternative	посока | начин | страна
四	し	よ よ.つ よっ.つ よん	Four	четири
定	てい じょう	さだ.める さだ.まる さだ.か	Determine | Fix | Establish | Decide	определям | установявам
今	こん きん	いま	Now	сега | настоящ
回	かい え	まわ.る -まわ.る -まわ.り まわ.す -まわ.す まわ.し- -まわ.し もとお.る か.える	-times | Round | Game | Revolve | Counter For Occurrences	въртя се | път (брой повторения) | брояч за пъти
新	しん	あたら.しい あら.た あら- にい-	New	нов
場	じょう ちょう	ば	Location | Place	място
金	きん こん ごん	かね かな- -がね	Gold	злато | метал | пари
員	いん		Employee | Member | Number | The One In Charge	член | служител
九	きゅう く	ここの ここの.つ	Nine	девет
入	にゅう じゅ	い.る -い.る -い.り い.れる -い.れ はい.る	Enter | Insert	влизам | вкарвам
選	せん	えら.ぶ	Elect | Select | Choose | Prefer	избирам | подбирам
立	りつ りゅう りっとる	た.つ -た.つ た.ち- た.てる -た.てる た.て- たて- -た.て -だ.て -だ.てる	Stand Up | Rise | Set Up | Erect	стоя прав | изправям се | основавам
開	かい	ひら.く ひら.き -びら.き ひら.ける あ.く あ.ける	Open | Unfold | Unseal	отварям
手	しゅ ず	て て- -て た-	Hand	ръка
米	べい まい めえとる	こめ よね	Rice | Usa | Metre	ориз | Америка | метър
力	りょく りき りい	ちから	Power | Strength | Strong | Strain | Bear Up | Exert	сила | мощ
学	がく	まな.ぶ	Study | Learning | Science	учене | наука | учебно заведение
問	もん	と.う と.い とん	Question | Ask | Problem	въпрос | питам
高	こう	たか.い たか -だか たか.まる たか.める	Tall | High | Expensive	висок | скъп
代	だい たい	か.わる かわ.る かわ.り か.わり -がわ.り -が.わり か.える よ しろ	Substitute | Change | Convert | Replace | Period | Age | Counter For Decades Of Ages, Eras, Etc. | Generation | Charge | Rate | Fee	заместник | поколение | такса
明	めい みょう みん	あ.かり あか.るい あか.るむ あか.らむ あき.らか あ.ける -あ.け あ.く あ.くる あ.かす	Bright | Light	светъл | ясен
実	じつ しつ	み みの.る まこと みの みち.る	Reality | Truth	реален | истина | плод
円	えん	まる.い まる まど まど.か まろ.やか	Circle | Yen | Round	кръг | йена | кръгъл
関	かん	せき -ぜき かか.わる からくり かんぬき	Connection | Barrier | Gateway | Involve | Concerning	връзка | засягам | бариера
決	けつ	き.める -ぎ.め き.まる さ.く	Decide | Fix | Agree Upon | Appoint	решавам
子	し す つ	こ -こ ね	Child | Sign Of The Rat | 11pm-1am | First Sign Of Chinese Zodiac	дете | суфикс за съществителни
動	どう	うご.く うご.かす	Move | Motion | Change | Confusion | Shift | Shake	движа се | движение
京	きょう けい きん	みやこ	Capital | 10**16	столица
全	ぜん	まった.く すべ.て	Whole | Entire | All | Complete | Fulfill	цял | всичко
目	もく ぼく	め -め ま-	Eye | Class | Look | Insight | Experience | Care | Favor	око | точка (в списък)
表	ひょう	おもて -おもて あらわ.す あらわ.れる あら.わす	Surface | Table | Chart | Diagram	изразявам | повърхност | таблица
戦	せん	いくさ たたか.う おのの.く そよ.ぐ わなな.く	War | Battle | Match	война | битка | мач
経	けい きょう きん	へ.る た.つ たていと はか.る のり	Sutra | Longitude | Pass Thru | Expire | Warp	минавам през | управлявам | сутра (будистки текст)
通	つう つ	とお.る とお.り -とお.り -どお.り とお.す とお.し -どお.し かよ.う	Traffic | Pass Through | Avenue | Commute | Counter For Letters, Notes, Documents, Etc.	минавам | трафик | пътувам всекидневно
外	がい げ	そと ほか はず.す はず.れる と-	Outside	вън | външен
最	さい しゅ	もっと.も つま	Utmost | Most | Extreme	най- (превъзходна степен) | крайно
言	げん ごん	い.う こと	Say | Word	казвам | дума | реч
氏	し	うじ -うじ	Family Name | Surname | Clan	фамилия | клан | господин (учтиво обръщение)
現	げん	あらわ.れる あらわ.す うつつ うつ.つ	Present | Existing | Actual	настоящ | действителен | появявам се
理	り	ことわり	Logic | Arrangement | Reason | Justice | Truth	причина | принцип | логика
調	ちょう	しら.べる しら.べ ととの.う ととの.える	Tune | Tone | Meter | Key (music) | Writing Style | Prepare | Exorcise | Investigate | Harmonize | Mediate	тон | разследвам | подготвям
体	たい てい	からだ かたち	Body | Substance | Object | Reality | Counter For Images	тяло | форма
化	か け	ば.ける ば.かす ふ.ける け.する	Change | Take The Form Of | Influence | Enchant | Delude | -ization	превръщам се | -изация
田	でん	た	Rice Field | Rice Paddy	оризище
当	とう	あ.たる あ.たり あ.てる あ.て まさ.に まさ.にべし	Hit | Right | Appropriate | Himself	уцелвам | подходящ | текущ
八	はち	や や.つ やっ.つ よう	Eight | Eight Radical (no. 12)	осем
六	ろく りく	む む.つ むっ.つ むい	Six	шест
約	やく	つづ.まる つづ.める つづま.やか	Promise | Approximately | Shrink	обещание | договор | приблизително
主	しゅ す しゅう	ぬし おも あるじ	Lord | Chief | Master | Main Thing | Principal	главен | господар
題	だい		Topic | Subject	тема | заглавие
下	か げ	した しも もと さ.げる さ.がる くだ.る くだ.り くだ.す -くだ.す くだ.さる お.ろす お.りる	Below | Down | Descend | Give | Low | Inferior	долу | надолу
首	しゅ	くび	Neck | Counter For Songs And Poems	врат | глава (лидер) | брояч за песни/стихове
意	い		Idea | Mind | Heart | Taste | Thought | Desire | Care | Liking	мисъл | значение | воля
法	ほう はっ ほっ ふらん	のり	Method | Law | Rule | Principle | Model | System	закон | метод
不	ふ ぶ		Negative | Non- | Bad | Ugly | Clumsy	не-, отрицание | лош | недодялан
来	らい たい	く.る きた.る きた.す き.たす き.たる き こ	Come | Due | Next | Cause | Become	идвам | следващ | оттогава
作	さく さ	つく.る つく.り -づく.り	Make | Production | Prepare | Build	правя | произведение | работа | подготвям
性	せい しょう	さが	Sex | Gender | Nature	природа | пол | нрав | -ост (наставка)
的	てき	まと	Bull's Eye | Mark | Target | Object | Adjective Ending	цел | мишена | наставка за прилагателни (-ически, -ен)
要	よう	い.る かなめ	Need | Main Point | Essence | Pivot | Key To	нужен | важен | същина | изисквам
用	よう	もち.いる	Utilize | Business | Service | Use | Employ	използвам | работа | нужда | служа
制	せい		System | Law | Rule	система | закон | контрол
治	じ ち	おさ.める おさ.まる なお.る なお.す	Reign | Be At Peace | Calm Down | Subdue | Quell | Govt | Cure | Heal | Rule | Conserve	управлявам | лекувам | успокоявам се
度	ど と たく	たび -た.い	Degrees | Occurrence | Time | Counter For Occurrences | Consider | Attitude	степен | път (брояч за случаи) | отношение | система
務	む	つと.める	Task | Duties	задължение | служба | работа
強	きょう ごう	つよ.い つよ.まる つよ.める し.いる こわ.い	Strong	силен | здрав | принуждавам
気	き け	いき	Spirit | Mind | Air | Atmosphere | Mood	дух | настроение | въздух | енергия
小	しょう	ちい.さい こ- お- さ-	Little | Small	малък
七	しち	なな なな.つ なの	Seven	седем
成	せい じょう	な.る な.す -な.す	Turn Into | Become | Get | Grow | Elapse | Reach	ставам | постигам | образувам се
期	き ご		Period | Time | Date | Term	период | срок | очаквам
公	こう く	おおやけ	Public | Prince | Official | Governmental	обществен | официален | княз
持	じ	も.つ -も.ち も.てる	Hold | Have	държа | имам
野	や しょ	の の-	Plains | Field | Rustic | Civilian Life	поле | равнина | прост, див
協	きょう		Co- | Cooperation	сътрудничество | съвместен
取	しゅ	と.る と.り と.り- とり -ど.り	Take | Fetch | Take Up	вземам | хващам
都	と つ	みやこ	Metropolis | Capital | All | Everything	столица | метрополия | град
和	わ お か	やわ.らぐ やわ.らげる なご.む なご.やか あ.える	Harmony | Japanese Style | Peace | Soften | Japan	хармония | мир | японски (стил) | Япония
統	とう	す.べる ほび.る	Overall | Relationship | Ruling | Governing	обединявам | система | управлявам
以	い	もっ.て	By Means Of | Because | In View Of | Compared With	посредством | от (граница) | въз основа на
機	き	はた	Loom | Mechanism | Machine | Airplane | Opportunity | Potency | Efficacy | Occasion	машина | механизъм | случай | самолет
平	へい びょう ひょう	たい.ら -だいら ひら ひら-	Even | Flat | Peace	равен | плосък | мир | спокоен
総	そう	す.べて すべ.て ふさ	General | Whole | All | Full | Total	общ | цялостен | всичко
加	か	くわ.える くわ.わる	Add | Addition | Increase | Join | Include | Canada	добавям | присъединявам се | Канада
山	さん せん	やま	Mountain	планина
思	し	おも.う おもえら.く おぼ.す	Think	мисля
家	か け	いえ や うち	House | Home | Family | Professional | Expert | Performer	къща | дом | семейство | специалист (наставка)
話	わ	はな.す はなし	Tale | Talk	говоря | разговор | разказ
世	せい せ そう	よ	Generation | World | Society | Public	свят | епоха | поколение | общество
受	じゅ	う.ける -う.け う.かる	Accept | Undergo | Answer (phone) | Take | Get | Catch | Receive	получавам | приемам | издържам (изпит)
区	く おう こう		Ward | District	район | квартал
領	りょう	えり	Jurisdiction | Dominion | Territory | Fief | Reign	територия | владение | управлявам
多	た	おお.い まさ.に まさ.る	Many | Frequent | Much	много | чест
県	けん	か.ける	Prefecture	префектура
続	ぞく しょく こう きょう	つづ.く つづ.ける つぐ.ない	Continue | Series | Sequel	продължавам | поредица
進	しん	すす.む すす.める	Advance | Proceed | Progress | Promote	напредвам | напредък | издигам
正	せい しょう	ただ.しい ただ.す まさ まさ.に	Correct | Justice | Righteous | 10**40	правилен | справедлив | точен
安	あん	やす.い やす.まる やす やす.らか	Relax | Cheap | Low | Quiet | Rested | Contented | Peaceful	спокоен | евтин | сигурност
設	せつ	もう.ける	Establishment | Provision | Prepare	установявам | създавам | оборудване
保	ほ ほう	たも.つ	Protect | Guarantee | Keep | Preserve | Sustain | Support	пазя | запазвам | гарантирам
改	かい	あらた.める あらた.まる	Reformation | Change | Modify | Mend | Renew | Examine | Inspect | Search	реформирам | променям | подобрявам
数	すう す さく そく しゅ	かず かぞ.える しばしば せ.める わずらわ.しい	Number | Strength | Fate | Law | Figures	число | брой | броя
記	き	しる.す	Scribe | Account | Narrative	записвам | летопис
院	いん		Inst. | Institution | Temple | Mansion | School	институция | камара (парламент) | болница | храм
女	じょ にょ にょう	おんな め	Woman | Female	жена | женски
初	しょ	はじ.め はじ.めて はつ はつ- うい- -そ.める -ぞ.め	First Time | Beginning	пръв | начало
北	ほく	きた	North	север
午	ご	うま	Noon | Sign Of The Horse | 11am-1pm | Seventh Sign Of Chinese Zodiac	пладне | кон (зодиакален знак)
指	し	ゆび さ.す -さ.し	Finger | Point To | Indicate | Put Into | Play (chess) | Measure (ruler)	пръст | соча | посочвам
権	けん ごん	おもり かり はか.る	Authority | Power | Rights	власт | право | авторитет
心	しん	こころ -ごころ	Heart | Mind | Spirit | Heart Radical (no. 61)	сърце | ум | дух
界	かい		World | Boundary	свят | граница | сфера
支	し	ささ.える つか.える か.う	Branch | Support | Sustain | Branch Radical (no. 65)	клон | поддържам
第	だい てい		No. | Residence	наставка за поредни числа | резиденция
産	さん	う.む う.まれる うぶ- む.す	Products | Bear | Give Birth | Yield | Childbirth | Native | Property	раждам | произвеждам | имущество | продукция
結	けつ けち	むす.ぶ ゆ.う ゆ.わえる	Tie | Bind | Contract | Join | Organize | Do Up Hair | Fasten	връзвам | сключвам | обединявам
百	ひゃく びゃく	もも	Hundred	сто
派	は		Faction | Group | Party | Clique | Sect | School	фракция | групировка | изпращам
点	てん	つ.ける つ.く た.てる さ.す とぼ.す とも.す ぼち	Spot | Point | Mark | Speck | Decimal Point	точка | място | пункт
教	きょう	おし.える おそ.わる	Teach | Faith | Doctrine	уча (някого) | религия | учение
報	ほう	むく.いる	Report | News | Reward | Retribution	съобщавам | новина | доклад | възнаграждение
済	さい せい	す.む -ず.み -ずみ す.まない す.ます -す.ます すく.う な.す わたし わた.る	Settle (debt, Etc.) | Relieve (burden) | Finish | Come To An End | Excusable | Need Not	уреждам | приключвам | облекчавам
書	しょ	か.く -が.き -がき	Write	пиша | книга | документ
府	ふ		Borough | Urban Prefecture | Govt Office | Representative Body | Storehouse	градска префектура | правителствена служба | столица
活	かつ	い.きる い.かす い.ける	Lively | Resuscitation | Being Helped | Living	жив | активен | оживен
原	げん	はら	Meadow | Original | Primitive | Field | Plain | Prairie | Tundra | Wilderness	равнина | поле | първоначален | произход
先	せん	さき ま.ず	Before | Ahead | Previous | Future | Precedence	преди | напред | предишен | бъдещ
共	きょう	とも とも.に -ども	Together | Both | Neither | All | And | Alike | With	заедно | общ | и двата
得	とく	え.る う.る	Gain | Get | Find | Earn | Acquire | Can | May | Able To | Profit | Advantage | Benefit	печеля | придобивам | полза
解	かい げ	と.く と.かす と.ける ほど.く ほど.ける わか.る さと.る	Unravel | Notes | Key | Explanation | Understanding | Untie | Undo | Solve | Answer | Cancel | Absolve | Explain | Minute	разбирам | разрешавам | развързвам | обяснявам
名	めい みょう	な -な	Name | Noted | Distinguished | Reputation	име | известен | репутация
交	こう	まじ.わる まじ.える ま.じる まじ.る ま.ざる ま.ぜる -か.う か.わす かわ.す こもごも	Mingle | Mixing | Association | Coming & Going	размяна | общуване | смесвам
資	し		Assets | Resources | Capital | Funds | Data | Be Conducive To | Contribute To	средства | капитал | ресурси
予	よ しゃ	あらかじ.め	Beforehand | Previous | Myself | I	предварително | предишен
川	せん	かわ	Stream | River | River Or Three-stroke River Radical (no. 47)	река
向	こう	む.く む.い -む.き む.ける -む.け む.かう む.かい む.こう む.こう- むこ むか.い	Yonder | Facing | Beyond | Confront | Defy | Tend Toward | Approach	обръщам се | посока | насочвам се
際	さい	きわ -ぎわ	Occasion | Side | Edge | Verge | Dangerous | Adventurous | Indecent | Time | When	случай | граница | момент
査	さ		Investigate	разследвам | проверявам
勝	しょう	か.つ -が.ち まさ.る すぐ.れる かつ	Victory | Win | Prevail | Excel	побеждавам | победа | превъзхождам
面	めん べん	おも おもて つら	Mask | Face | Features | Surface	лице | маска | повърхност | страна (аспект)
委	い	ゆだ.ねる	Committee | Entrust To | Leave To | Devote | Discard	поверявам | комитет | възлагам
告	こく	つ.げる	Revelation | Tell | Inform | Announce	съобщавам | обявявам
軍	ぐん	いくさ	Army | Force | Troops | War | Battle	армия | войска
文	ぶん もん	ふみ あや	Sentence | Literature | Style | Art | Decoration | Figures | Plan | Literary Radical (no. 67)	писменост | изречение | литература | стил
反	はん ほん たん ほ	そ.る そ.らす かえ.す かえ.る -かえ.る	Anti-	анти- | противоположен | обръщам се
元	げん がん	もと	Beginning | Former Time | Origin	произход | начало | бивш
重	じゅう ちょう	え おも.い おも.り おも.なう かさ.ねる かさ.なる おも	Heavy | Important | Esteem | Respect | Heap Up | Pile Up | Nest Of Boxes | -fold	тежък | важен | трупам
近	きん こん	ちか.い	Near | Early | Akin | Tantamount	близък | скорошен
千	せん	ち	Thousand	хиляда
考	こう	かんが.える かんが.え	Consider | Think Over	мисля | обмислям
判	はん ばん	わか.る	Judgement | Signature | Stamp | Seal	печат | съдя | преценка
認	にん	みと.める したた.める	Acknowledge | Witness | Discern | Recognize | Appreciate | Believe	признавам | разпознавам
画	が かく え かい	えが.く かく.する かぎ.る はかりごと はか.る	Brush-stroke | Picture	картина | план | рисувам
海	かい	うみ	Sea | Ocean	море | океан
参	さん しん	まい.る まい- まじわる みつ	Nonplussed | Three (in Documents) | Going | Coming | Visiting | Visit | Be Defeated | Die | Be Madly In Love | Participate | Take Part In	участвам | посещавам (храм) | три (в документи)
売	ばい	う.る う.れる	Sell	продавам
利	り	き.く	Profit | Advantage | Benefit	полза | изгода | печалба
組	そ	く.む くみ -ぐみ	Association | Braid | Plait | Construct | Assemble | Unite | Cooperate | Grapple	организирам | сглобявам | група | клас
知	ち	し.る し.らせる	Know | Wisdom	знам | знание | мъдрост
案	あん	つくえ	Plan | Suggestion | Draft | Ponder | Fear | Proposition | Idea | Expectation | Worry | Table | Bench	предложение | план | проект | идея
道	どう とう	みち いう	Road-way | Street | District | Journey | Course | Moral | Teachings	път | улица | учение
信	しん		Faith | Truth | Fidelity | Trust	вярвам | доверие | съобщение
策	さく		Scheme | Plan | Policy | Step | Means	план | мярка | политика | средство
集	しゅう	あつ.まる あつ.める つど.う	Gather | Meet | Congregate | Swarm | Flock	събирам се | събирам
在	ざい	あ.る	Exist | Outskirts | Suburbs | Located In	съществувам | намирам се | покрайнини
件	けん	くだん	Affair | Case | Matter | Item	случай | дело | работа
団	だん とん	かたまり まる.い	Group | Association	група | обединение
別	べつ	わか.れる わ.ける	Separate | Branch Off | Diverge | Fork | Another | Extra | Specially	отделям | друг | специално
物	ぶつ もつ	もの もの-	Thing | Object | Matter	нещо | предмет
側	そく	かわ がわ そば	Side | Lean | Oppose | Regret	страна
任	にん	まか.せる まか.す	Responsibility | Duty | Term | Entrust To | Appoint	длъжност | отговорност | поверявам
引	いん	ひ.く ひ.き ひ.き- -び.き ひ.ける	Pull | Tug | Jerk | Admit | Install | Quote | Refer To	дърпам | тегля | цитирам
使	し	つか.う つか.い -つか.い -づか.い	Use | Send On A Mission | Order | Messenger | Envoy | Ambassador | Cause	използвам | пратеник | посланик
求	きゅう ぐ	もと.める	Request | Want | Wish For | Require | Demand	търся | изисквам | искане
所	しょ	ところ -ところ どころ とこ	Place | Extent	място
次	じ し	つ.ぐ つぎ	Next | Order | Sequence	следващ | ред
水	すい	みず みず-	Water	вода
半	はん	なか.ば	Half | Middle | Odd Number | Semi- | Part-	половина
品	ひん ほん	しな	Goods | Refinement | Dignity | Article | Counter For Meal Courses	артикул | стока | изящество
昨	さく		Yesterday | Previous	вчера | предишен
論	ろん		Argument | Discourse	спор | теория | разсъждение
計	けい	はか.る はか.らう	Plot | Plan | Scheme | Measure	план | изчислявам | мярка
死	し	し.ぬ し.に-	Death | Die	умирам | смърт
官	かん		Bureaucrat | The Government | Organ	правителство | чиновник | власт
増	ぞう	ま.す ま.し ふ.える ふ.やす	Increase | Add | Augment | Gain | Promote	увеличавам се
係	けい	かか.る かかり -がかり かか.わる	Person In Charge | Connection | Duty | Concern Oneself	връзка | отговорник
感	かん		Emotion | Feeling | Sensation	усещане | чувство
特	とく		Special	специален
情	じょう せい	なさ.け	Feelings | Emotion | Passion | Sympathy | Circumstances | Facts	чувство | емоция | обстоятелства
投	とう	な.げる -な.げ	Throw | Discard | Abandon | Launch Into | Join | Invest In | Hurl | Give Up | Sell At A Loss	хвърлям | инвестирам
示	じ し	しめ.す	Show | Indicate | Point Out | Express | Display	показвам
変	へん	か.わる か.わり か.える	Unusual | Change | Strange	промяна | необичаен
打	だ だあす	う.つ う.ち- ぶ.つ	Strike | Hit | Knock | Pound | Dozen	удрям
男	だん なん	おとこ お	Male	мъж
基	き	もと もとい	Fundamentals | Radical (chem) | Counter For Machines | Foundation	основа | база
私	し	わたくし わたし	Private | I | Me	аз | частен
各	かく	おのおの	Each | Every | Either	всеки
始	し	はじ.める -はじ.める はじ.まる	Commence | Begin	започвам
島	とう	しま	Island	остров
直	ちょく じき じか	ただ.ちに なお.す -なお.す なお.る なお.き す.ぐ	Straightaway | Honesty | Frankness | Fix | Repair	направо | поправям | честност
両	りょう	てる ふたつ	Both | Old Japanese Coin | Counter For Carriages (e.g., In A Train) | Two	и двата | двама
朝	ちょう	あさ	Morning | Dynasty | Regime | Epoch | Period | (north) Korea	сутрин | династия
革	かく	かわ	Leather | Skin | Reform | Become Serious	кожа | реформа
価	か け	あたい	Value | Price	цена | стойност
式	しき		Style | Ceremony | Rite | Function | Method | System | Form | Expression	стил | церемония
確	かく こう	たし.か たし.かめる	Assurance | Firm | Tight | Hard | Solid | Confirm | Clear | Evident	сигурен | проверявам
村	そん	むら	Village | Town	село
提	てい ちょう だい	さ.げる	Propose | Take Along | Carry In Hand	предлагам | представям
運	うん	はこ.ぶ	Carry | Luck | Destiny | Fate | Lot | Transport | Progress | Advance	нося | пренасям | съдба | късмет
終	しゅう	お.わる -お.わる おわ.る お.える つい つい.に	End | Finish	край | завършвам
挙	きょ	あ.げる あ.がる こぞ.る	Raise | Plan | Project | Behavior | Actions	вдигам | номинирам | значимо дело
果	か	は.たす はた.す -は.たす は.てる -は.てる は.て	Fruit | Reward | Carry Out | Achieve | Complete | End | Finish | Succeed	плод | резултат
西	せい さい す	にし	West | Spain	запад
勢	せい ぜい	いきお.い はずみ	Forces | Energy | Military Strength	сила | мощ | енергия
減	げん	へ.る へ.らす	Dwindle | Decrease | Reduce | Decline | Curtail | Get Hungry	намалявам
台	だい たい	うてな われ つかさ	Pedestal | A Stand | Counter For Machines And Vehicles	стойка | поставка | брояч за машини и превозни средства
広	こう	ひろ.い ひろ.まる ひろ.める ひろ.がる ひろ.げる	Wide | Broad | Spacious	широк
容	よう	い.れる	Contain | Form | Looks	вид | съдържам
必	ひつ	かなら.ず	Invariably | Certain | Inevitable	непременно | сигурно
応	おう よう -のう	あた.る まさに こた.える	Apply | Answer | Yes | Ok | Reply | Accept	отговарям | реагирам
演	えん		Performance | Act | Play | Render | Stage	изпълнявам | играя (роля)
電	でん		Electricity	електричество
歳	さい せい	とし とせ よわい	Year-end | Age | Occasion | Opportunity	година | възраст
住	じゅう ぢゅう ちゅう	す.む す.まう -ず.まい	Dwell | Reside | Live | Inhabit	живея
争	そう	あらそ.う いか.でか	Contend | Dispute | Argue	споря | боря се | конфликт
談	だん		Discuss | Talk	разговор
能	のう	よ.く	Ability | Talent | Skill | Capacity	способност | функция | но (японски театър)
無	む ぶ	な.い	Nothingness | None | Ain't | Nothing | Nil | Not	без | нищо
再	さい さ	ふたた.び	Again | Twice | Second Time	отново | повторно
位	い	くらい ぐらい	Rank | Grade | Throne | Crown | About | Some	ранг | позиция
置	ち	お.く -お.き	Placement | Put | Set | Deposit | Leave Behind | Keep | Employ | Pawn	поставям
企	き	くわだ.てる たくら.む	Undertake | Scheme | Design | Attempt | Plan	проект | план | опит
真	しん	ま ま- まこと	True | Reality | Buddhist Sect	истински
流	りゅう る	なが.れる なが.れ なが.す -なが.す	Current | A Sink | Flow | Forfeit	тека | поток | стил
格	かく こう きゃく ごう		Status | Rank | Capacity | Character | Case (law, Grammar)	норма | статус | ранг
有	ゆう う	あ.る	Possess | Have | Exist | Happen | Occur | Approx	имам
疑	ぎ	うたが.う	Doubt | Distrust | Be Suspicious | Question	съмнение
口	こう く	くち	Mouth	уста
過	か	す.ぎる -す.ぎる -す.ぎ す.ごす あやま.つ あやま.ち よ.ぎる	Overdo | Exceed | Go Beyond | Error	минавам | надвишавам | прекарвам (време) | грешка
局	きょく	つぼね	Bureau | Board | Office | Affair | Conclusion | Court Lady | Lady-in-waiting | Her Apartment	бюро | служба
少	しょう	すく.ない すこ.し	Few | Little	малко
放	ほう	はな.す -っぱな.し はな.つ はな.れる こ.く ほう.る	Set Free | Release | Fire | Shoot | Emit | Banish | Liberate	пускам | освобождавам
税	ぜい		Tax | Duty	данък
検	けん	しら.べる	Examination | Investigate	изследвам | проверявам
藤	とう どう	ふじ	Wisteria	глициния
町	ちょう	まち	Town | Village | Block | Street	град (малък) | квартал
常	じょう	つね とこ-	Usual | Ordinary | Normal | Common | Regular | Continually | Always | Long-lasting	обичаен | нормален | винаги
校	こう きょう		Exam | School | Printing | Proof | Correction	училище
料	りょう		Fee | Materials	такса | материали
沢	たく	さわ うるお.い うるお.す つや	Swamp | Marsh | Brilliance | Grace	блато | поток
裁	さい	た.つ さば.く	Tailor | Judge | Decision | Cut Out (pattern)	кроя | съдя
状	じょう		Status Quo | Conditions | Circumstances | Form | Appearance	форма | състояние | писмо
工	こう く ぐ		Craft | Construction | Katakana E Radical (no. 48)	производство | строителство
建	けん こん	た.てる た.て -だ.て た.つ	Build	строя | построявам
語	ご	かた.る かた.らう	Word | Speech | Language	език | дума | реч
球	きゅう	たま	Ball | Sphere	топка | сфера
営	えい	いとな.む いとな.み	Occupation | Camp | Perform | Build | Conduct (business)	управлявам | ръководя (бизнес) | лагер | казарма
空	くう	そら あ.く あ.き あ.ける から す.く す.かす むな.しい	Empty | Sky | Void | Vacant | Vacuum	небе | въздух | празен | празнота
職	しょく そく		Post | Employment | Work	служба | работа | длъжност
証	しょう	あかし	Evidence | Proof | Certificate	доказателство | удостоверение | свидетелство
土	ど と	つち	Soil | Earth | Ground | Turkey	почва | земя | събота
与	よ	あた.える あずか.る くみ.する ともに	Bestow | Participate In | Give | Award | Impart | Provide | Cause | Gift | Godsend	давам | предоставям | участвам
急	きゅう	いそ.ぐ いそ.ぎ せ.く	Hurry | Emergency | Sudden | Steep	спешен | бързам | внезапен | стръмен
止	し	と.まる -ど.まり と.める -と.める -ど.め とど.める とど.め とど.まる や.める や.む -や.む よ.す -さ.す -さ.し	Stop | Halt	спирам | прекратявам
送	そう	おく.る	Escort | Send	изпращам | изпращане
援	えん		Abet | Help | Save	помощ | подкрепа | спасявам
供	きょう く くう ぐ	そな.える とも -ども	Submit | Offer | Present | Serve (meal) | Accompany	предлагам | поднасям (ястие) | придружавам
可	か こく	-べ.き -べ.し	Can | Passable | Mustn't | Should Not | Do Not	възможен | мога | одобрявам
役	やく えき		Duty | War | Campaign | Drafted Labor | Office | Service | Role	роля | длъжност | служба
構	こう	かま.える かま.う	Posture | Build | Pretend	строя | изграждам | поза | преструвам се
木	ぼく もく	き こ-	Tree | Wood	дърво | дървесина
割	かつ	わ.る わり わ.り わ.れる さ.く	Proportion | Comparatively | Divide | Cut | Separate | Split	деля | разделям | дял | процент
聞	ぶん もん	き.く き.こえる	Hear | Ask | Listen	чувам | слушам | питам
身	しん	み	Somebody | Person | One's Station In Life	тяло | себе си | обществено положение
費	ひ	つい.やす つい.える	Expense | Cost | Spend | Consume | Waste	разход | харча | прахосвам
付	ふ	つ.ける -つ.ける -づ.ける つ.け つ.け- -つ.け -づ.け -づけ つ.く -づ.く つ.き -つ.き -つき -づ.き -づき	Adhere | Attach | Refer To | Append	прикрепвам | прилагам | принадлежа
施	し せ	ほどこ.す	Give | Bestow | Perform | Alms	давам | извършвам | милостиня
切	せつ さい	き.る -き.る き.り -き.り -ぎ.り き.れる -き.れる き.れ -き.れ -ぎ.れ	Cut | Cutoff | Be Sharp	режа | отрязвам | остър
由	ゆ ゆう ゆい	よし よ.る	Wherefore | A Reason	причина | повод
説	せつ ぜい	と.く	Opinion | Theory | Explanation | Rumor	теория | мнение | обяснение | слух
転	てん	ころ.がる ころ.げる ころ.がす ころ.ぶ まろ.ぶ うたた うつ.る くる.めく	Revolve | Turn Around | Change	въртя се | обръщам се | падам | променям
食	しょく じき	く.う く.らう た.べる は.む	Eat | Food	ям | храна
比	ひ	くら.べる	Compare | Race | Ratio | Philippines	сравнявам | съотношение
難	なん	かた.い -がた.い むずか.しい むづか.しい むつか.しい -にく.い	Difficult | Impossible | Trouble | Accident | Defect	труден | бедствие | неприятност
防	ぼう	ふせ.ぐ	Ward Off | Defend | Protect | Resist	предпазвам | защитавам | предотвратявам
補	ほ	おぎな.う	Supplement | Supply | Make Good | Offset | Compensate | Assistant | Learner	допълвам | компенсирам | снабдявам
車	しゃ	くるま	Car	кола | превозно средство | колело
優	ゆう う	やさ.しい すぐ.れる まさ.る	Tenderness | Excel | Surpass | Actor | Superiority | Gentleness	превъзхождам | актьор | нежен | изящен
夫	ふ ふう ぶ	おっと それ	Husband | Man	съпруг | мъж
研	けん	と.ぐ	Polish | Study Of | Sharpen	точа | шлифовам | изучавам
収	しゅう	おさ.める おさ.まる	Income | Obtain | Reap | Pay | Supply | Store	приход | получавам | събирам
断	だん	た.つ ことわ.る さだ.める	Severance | Decline | Refuse | Apologize | Warn | Dismiss | Prohibit | Decision | Judgement | Cutting	прекъсвам | отказвам | решение | преценка
井	せい しょう	い	Well | Well Crib | Town | Community	кладенец | община
何	か	なに なん なに- なん-	What	какво | колко
南	なん な	みなみ	South	юг
石	せき しゃく こく	いし	Stone	камък
足	そく	あし た.りる た.る た.す	Leg | Foot | Be Sufficient | Counter For Pairs Of Footwear	крак | стъпало | достатъчен | брояч за чифтове обувки
違	い	ちが.う ちが.い ちが.える -ちが.える たが.う たが.える	Difference | Differ	различавам се | разлика | нарушавам | греша
消	しょう	き.える け.す	Extinguish | Blow Out | Turn Off | Neutralize | Cancel	гася | изтривам | изчезвам | отменям
境	きょう けい	さかい	Boundary | Border | Region	граница | предел | обстановка
神	しん じん	かみ かん- こう-	Gods | Mind | Soul	бог | дух | ум
番	ばん	つが.い	Turn | Number In A Series	ред | номер | дежурство
規	き		Standard | Measure	правило | норма | стандарт
術	じゅつ	すべ	Art | Technique | Skill | Means | Trick | Resources | Magic	изкуство | техника | умение | магия
護	ご	まも.る	Safeguard | Protect	защитавам | закрилям
展	てん		Unfold | Expand	разгръщам | разширявам | излагам
態	たい	わざ.と	Attitude | Condition | Figure | Appearance | Voice (of Verbs)	състояние | отношение | вид
導	どう	みちび.く	Guidance | Leading | Conduct | Usher	водя | напътствам | ръководя
鮮	せん	あざ.やか	Fresh | Vivid | Clear | Brilliant | Korea	свеж | ярък | Корея
備	び	そな.える そな.わる つぶさ.に	Equip | Provision | Preparation	подготвям | снабдявам | оборудвам
宅	たく		Home | House | Residence | Our House | My Husband	дом | жилище
害	がい		Harm | Injury	вреда | щета
配	はい	くば.る	Distribute | Spouse | Exile | Rationing	разпределям | раздавам | съпруг, съпруга
副	ふく		Vice- | Assistant | Aide | Duplicate | Copy	заместник | второстепенен | допълнителен
算	さん	そろ	Calculate | Divining | Number | Abacus | Probability	изчислявам | смятам
視	し	み.る	Inspection | Regard As | See | Look At	гледам | разглеждам | зрение | считам за
条	じょう ちょう でき	えだ すじ	Article | Clause | Item | Stripe | Streak	член (на закон) | точка | линия
幹	かん	みき	Tree Trunk | Main Part | Talent | Capability	ствол | основна част | способност
独	どく とく	ひと.り	Single | Alone | Spontaneously | Germany	сам | единствен | Германия
警	けい	いまし.める	Admonish | Commandment	предупреждавам | бдителност | поучавам
宮	きゅう ぐう く くう	みや	Shinto Shrine | Constellations | Palace | Princess	дворец | синтоистки храм | съзвездие
究	きゅう く	きわ.める	Research | Study	изследвам | проучвам задълбочено
育	いく	そだ.つ そだ.ち そだ.てる はぐく.む	Bring Up | Grow Up | Raise | Rear	отглеждам | възпитавам | израствам
席	せき	むしろ	Seat | Mat | Occasion | Place	място за сядане | седалка | случай
輸	ゆ しゅ		Transport | Send | Be Inferior	транспортирам | превозвам
訪	ほう	おとず.れる たず.ねる と.う	Call On | Visit | Look Up | Offer Sympathy	посещавам | навестявам
楽	がく らく ごう	たの.しい たの.しむ この.む	Music | Comfort | Ease	музика | удоволствие | лесен | удобство
起	き	お.きる お.こる お.こす おこ.す た.つ	Rouse | Wake Up | Get Up	ставам | събуждам се | възниквам
万	まん ばん	よろず	Ten Thousand | 10,000	десет хиляди
着	ちゃく じゃく	き.る -ぎ き.せる -き.せ つ.く つ.ける	Don | Arrive | Wear | Counter For Suits Of Clothing	обличам | пристигам | залепвам | брояч за облекла
乗	じょう しょう	の.る -の.り の.せる	Ride | Power | Multiplication | Record | Counter For Vehicles | Board | Mount | Join	качвам се | яздя | умножение | брояч за превозни средства
店	てん	みせ たな	Store | Shop	магазин | дюкян
述	じゅつ	の.べる	Mention | State | Speak | Relate	изразявам | заявявам | споменавам
残	ざん さん	のこ.る のこ.す そこな.う のこ.り	Remainder | Leftover | Balance	остатък | оставам | жесток
想	そう そ	おも.う	Concept | Think | Idea | Thought	мисля | идея | представа
線	せん	すじ	Line | Track	линия | релси
率	そつ りつ しゅつ	ひき.いる	Ratio | Rate | Proportion | % | Factor | Lead | Spearhead | Command	процент | коефициент | водя | командвам
病	びょう へい	や.む -や.み やまい	Ill | Sick	болест | болен
農	のう		Agriculture | Farmers	земеделие | селско стопанство
州	しゅう す	す	State | Province	щат | провинция | област
武	ぶ む	たけ たけ.し	Warrior | Military | Chivalry | Arms	военен | воин | оръжие
声	せい しょう	こえ こわ-	Voice	глас
質	しつ しち ち	たち ただ.す もと わりふ	Substance | Quality | Matter | Temperament	качество | същност | характер
念	ねん		Wish | Sense | Idea | Thought | Feeling | Desire | Attention	мисъл | желание | внимание | чувство
待	たい	ま.つ -ま.ち	Wait | Depend On	чакам | изчаквам
試	し	こころ.みる ため.す	Test | Try | Attempt | Experiment | Ordeal	опитвам | изпитвам | тест
族	ぞく		Tribe | Family	семейство | племе | род
象	しょう ぞう	かたど.る	Elephant | Pattern After | Imitate | Image | Shape | Sign (of The Times)	слон | явление | образ
銀	ぎん	しろがね	Silver	сребро
域	いき		Range | Region | Limits | Stage | Level	област | зона | предел
助	じょ	たす.ける たす.かる す.ける すけ	Help | Rescue | Assist	помагам | спасявам | подпомагам
労	ろう	ろう.する いたわ.る いた.ずき ねぎら つか.れる ねぎら.う	Labor | Thank For | Reward For | Toil | Trouble	труд | трудя се | усилие
例	れい	たと.える	Example | Custom | Usage | Precedent	пример | прецедент
衛	えい え		Defense | Protection	защита | охрана | пазя
然	ぜん ねん	しか しか.り しか.し さ	Sort Of Thing | So | If So | In That Case | Well	така | естествен | суфикс за начин (като..., -подобен)
早	そう さっ	はや.い はや はや- はや.まる はや.める さ-	Early | Fast	рано | бърз
張	ちょう	は.る -は.り -ば.り	Lengthen | Counter For Bows & Stringed Instruments | Stretch | Spread | Put Up (tent)	опъвам | разпъвам | разтягам | брояч за лъкове и струнни инструменти
映	えい	うつ.る うつ.す は.える -ば.え	Reflect | Reflection | Projection	отразявам | проектирам | отражение
限	げん	かぎ.る かぎ.り -かぎ.り	Limit | Restrict | To Best Of Ability	ограничавам | граница | предел
親	しん	おや おや- した.しい した.しむ	Parent | Intimacy | Relative | Familiarity | Dealer (cards)	родител | близък | роднина | близост | банкер (при игра на карти)
額	がく	ひたい	Forehead | Tablet | Plaque | Framed Picture | Sum | Amount | Volume	сума | количество | чело | рамка (за картина)
監	かん		Oversee | Official | Govt Office | Rule | Administer	надзиравам | контролирам | управление
環	かん	わ	Ring | Circle | Link | Wheel	пръстен | кръг | звено | халка
験	けん げん	あかし しるし ため.す ためし	Verification | Effect | Testing	изпитание | проверка | ефект
追	つい	お.う	Chase | Drive Away | Follow | Pursue | Meanwhile	гоня | преследвам | прогонвам
審	しん	つまび.らか つぶさ.に	Hearing | Judge | Trial	съдя | разглеждам (дело) | процес
商	しょう	あきな.う	Make A Deal | Selling | Dealing In | Merchant	търговия | продавам | търговец
葉	よう	は	Leaf | Plane | Lobe | Needle | Blade | Spear | Counter For Flat Things | Fragment | Piece	лист | листа (на растение) | брояч за плоски предмети
義	ぎ		Righteousness | Justice | Morality | Honor | Loyalty | Meaning	справедливост | морал | дълг | чест | значение
伝	でん てん	つた.わる つた.える つた.う つだ.う -づた.い つて	Transmit | Go Along | Walk Along | Follow | Report | Communicate | Legend | Tradition	предавам | съобщавам | легенда | традиция
働	どう	はたら.く	Work | (kokuji)	работя | труд
形	けい ぎょう	かた -がた かたち なり	Shape | Form | Style	форма | фигура | стил
景	けい		Scenery | View	гледка | пейзаж
落	らく	お.ちる お.ち お.とす	Fall | Drop | Come Down | Village | Hamlet	падам | спускам се | село
欧	おう	うた.う は.く	Europe	Европа
担	たん	かつ.ぐ にな.う	Shouldering | Carry | Raise | Bear	нося на рамо | поемам (отговорност) | тежа
好	こう	この.む す.く よ.い い.い	Fond | Pleasing | Like Something	харесвам | приятен | благоприятен
退	たい	しりぞ.く しりぞ.ける ひ.く の.く の.ける ど.く	Retreat | Withdraw | Retire | Resign | Repel | Expel | Reject	отстъпвам | оттеглям се | напускам | отблъсквам
準	じゅん	じゅん.じる じゅん.ずる なぞら.える のり ひと.しい みずもり	Semi- | Correspond To | Proportionate To | Conform | Imitate	стандарт | полу- | съответствам
賞	しょう	ほ.める	Prize | Reward | Praise	награда | приз | похвала
訴	そ	うった.える	Accusation | Sue | Complain Of Pain | Appeal To	съдя се | оплаквам се | жалба | обръщам се към
辺	へん	あた.り ほと.り -べ	Environs | Boundary | Border | Vicinity	околност | граница | покрайнини
造	ぞう	つく.る つく.り -づく.り	Create | Make | Structure | Physique	създавам | произвеждам | строя | структура
英	えい	はなぶさ	England | English | Hero | Outstanding | Calyx	Англия | английски | герой | изявен
被	ひ	こうむ.る おお.う かぶ.る かぶ.せる	Incur | Cover | Veil | Brood Over | Shelter | Wear | Put On | Be Exposed (film) | Receiving	претърпявам | покривам | нахлузвам | подложен на (нещо)
株	しゅ	かぶ	Stocks | Stump | Shares | Stock | Counter For Small Plants	акция (финанси) | дънер | брояч за малки растения
頭	とう ず と	あたま かしら -がしら かぶり	Head | Counter For Large Animals	глава | брояч за едри животни
技	ぎ	わざ	Skill | Art | Craft | Ability | Feat | Performance | Vocation | Arts	умение | техника | изкуство | майсторство
低	てい	ひく.い ひく.める ひく.まる	Lower | Short | Humble	нисък | смирен
毎	まい	ごと -ごと.に	Every	всеки
医	い	い.やす い.する くすし	Doctor | Medicine	лекар | медицина
復	ふく	また	Restore | Return To | Revert | Resume	възстановявам | връщам се | възобновявам
仕	し じ	つか.える	Attend | Doing | Official | Serve	служа | върша | чиновник
去	きょ こ	さ.る -さ.る	Gone | Past | Quit | Leave | Elapse | Eliminate | Divorce	минал | напускам | изминавам | премахвам
姿	し	すがた	Figure | Form | Shape	фигура | облик | поза
味	み	あじ あじ.わう	Flavor | Taste	вкус
負	ふ	ま.ける ま.かす お.う	Defeat | Negative | - | Minus | Bear | Owe | Assume A Responsibility	губя | поражение | отрицателен (минус) | дължа | нося (отговорност)
閣	かく		Tower | Tall Building | Palace	кула | величествена сграда | кабинет (правителство)
韓	かん	から いげた	Korea	Корея
渡	と	わた.る -わた.る わた.す	Transit | Ford | Ferry | Cross | Import | Deliver | Diameter | Migrate	преминавам | прекосявам | предавам | внасям
失	しつ	うしな.う う.せる	Lose | Error | Fault | Disadvantage | Loss	губя | грешка | загуба
移	い	うつ.る うつ.す	Shift | Move | Change | Drift | Catch (cold, Fire) | Pass Into	местя | премествам | прехвърлям | заразявам се
差	さ	さ.す さ.し	Distinction | Difference | Variation | Discrepancy | Margin | Balance	разлика | отклонение | разлика в баланса
衆	しゅう しゅ	おお.い	Masses | Great Numbers | Multitude | Populace	множество | народ | маси
個	こ か		Individual | Counter For Articles	индивидуален | брояч за предмети
門	もん	かど と	Gate | Counter For Cannons	порта | врата | брояч за оръдия
写	しゃ じゃ	うつ.す うつ.る うつ- うつ.し	Copy | Be Photographed | Describe	копирам | снимам | описвам
評	ひょう		Evaluate | Criticism | Comment	оценявам | критика | коментар
課	か		Chapter | Lesson | Section | Department | Division | Counter For Chapters (of A Book)	урок | отдел (в организация) | глава (от книга)
末	まつ ばつ	すえ	End | Close | Tip | Powder | Posterity	край | връх (на нещо) | прах | потомство
守	しゅ す	まも.る まも.り もり -もり かみ	Guard | Protect | Defend | Obey	пазя | защитавам | спазвам
若	じゃく にゃく にゃ	わか.い わか- も.しくわ も.し も.しくは ごと.し	Young | If | Perhaps | Possibly | Low Number | Immature	млад | ако | евентуално | незрял
脳	のう どう	のうずる	Brain | Memory	мозък | памет
極	きょく ごく	きわ.める きわ.まる きわ.まり きわ.み き.める -ぎ.め き.まる	Poles | Settlement | Conclusion | End | Highest Rank | Electric Poles | Very | Extremely | Most | Highly | 10**48	полюс | краен | изключително | връх (най-висока степен)
種	しゅ	たね -ぐさ	Species | Kind | Class | Variety | Seed	вид | семе | разновидност
美	び み	うつく.しい	Beauty | Beautiful	красота | красив
岡	こう	おか	Mount | Hill | Knoll	хълм | могила
影	えい	かげ	Shadow | Silhouette | Phantom	сянка | силует | призрак
命	めい みょう	いのち	Fate | Command | Decree | Destiny | Life | Appoint	живот | съдба | заповед | назначавам
含	がん	ふく.む ふく.める	Contain | Include | Hold In The Mouth | Bear In Mind | Understand | Cherish	съдържам | включвам | имам предвид
福	ふく		Blessing | Fortune | Luck | Wealth	късмет | благословия | щастие
蔵	ぞう そう	くら おさ.める かく.れる	Storehouse | Hide | Own | Have | Possess	склад | хранилище | притежавам | крия
量	りょう	はか.る	Quantity | Measure | Weight | Amount | Consider | Estimate | Surmise	количество | мярка | тегло | преценявам
望	ぼう もう	のぞ.む もち	Ambition | Full Moon | Hope | Desire | Aspire To | Expect	надежда | желание | стремя се към | пълнолуние
松	しょう	まつ	Pine Tree	бор
非	ひ	あら.ず	Un- | Mistake | Negative | Injustice | Non-	не- | грешка | несправедливост
撃	げき	う.つ	Beat | Attack | Defeat | Conquer	атакувам | удрям | побеждавам
佐	さ		Assistant | Help	помощник | подпомагам
核	かく		Nucleus | Core | Kernel	ядро | сърцевина
観	かん	み.る しめ.す	Outlook | Look | Appearance | Condition | View	възглед | гледна точка | изглед
察	さつ		Guess | Presume | Surmise | Judge | Understand	предполагам | досещам се | преценявам | разследвам
整	せい	ととの.える ととの.う	Organize | Arranging | Tune | Tone | Meter | Key (music)	подреждам | уреждам | регулирам
段	だん たん		Grade | Steps | Stairs	стъпало | стъпка | степен | ранг
横	おう	よこ	Sideways | Side | Horizontal | Width | Woof | Unreasonable | Perverse	страничен | хоризонтален | своеволен
融	ゆう	と.ける と.かす	Dissolve | Melt	разтопявам | стапям се
型	けい	かた -がた	Mould | Type | Model	калъп | тип | модел
白	はく びゃく	しろ しら- しろ.い	White	бял
深	しん	ふか.い -ぶか.い ふか.まる ふか.める み-	Deep | Heighten | Intensify | Strengthen	дълбок | задълбочавам | засилвам
字	じ	あざ あざな -な	Character | Letter | Word | Section Of Village	йероглиф | буква | дума | квартал (на село)
答	とう	こた.える こた.え	Solution | Answer	отговор | решение
夜	や	よ よる	Night | Evening	нощ | вечер
製	せい		Made In... | Manufacture	производство | произведен в...
票	ひょう		Ballot | Label | Ticket | Sign	глас (при гласуване) | бюлетина | билет | етикет
況	きょう	まし.て いわ.んや おもむき	Condition | Situation	състояние | обстоятелства | положение
音	おん いん -のん	おと ね	Sound | Noise	звук | шум
申	しん	もう.す もう.し- さる	Have The Honor To | Sign Of The Monkey | 3-5pm | Ninth Sign Of Chinese Zodiac	докладвам (учтиво) | заявявам | маймуна (зодия)
様	よう しょう	さま さん	Esq. | Way | Manner | Situation | Polite Suffix	начин | маниер | учтива наставка (господин, госпожа)
財	ざい さい ぞく	たから	Property | Money | Wealth | Assets	имущество | богатство | средства
港	こう	みなと	Harbor	пристанище
識	しき	し.る しる.す	Discriminating | Know | Write	знание | разпознавам | съзнание
注	ちゅう	そそ.ぐ さ.す つ.ぐ	Pour | Irrigate | Shed (tears) | Flow Into | Concentrate On | Notes | Comment | Annotate	наливам | съсредоточавам се | бележка | коментирам
呼	こ	よ.ぶ	Call | Call Out To | Invite	викам | зова | поканвам
渉	しょう	わた.る	Ford | Go Cross | Transit | Ferry | Import | Involve	преминавам | имам връзка с | преговарям
達	たつ だ	-たち	Accomplished | Reach | Arrive | Attain	постигам | достигам | суфикс за множествено число (хора)
良	りょう	よ.い -よ.い い.い -い.い	Good | Pleasing | Skilled	добър | качествен | умел
響	きょう	ひび.く	Echo | Sound | Resound | Ring | Vibrate	ехо | отеквам | звук | въздействам
阪	はん	さか	Heights | Slope	склон | възвишение
帰	き	かえ.る かえ.す おく.る とつ.ぐ	Homecoming | Arrive At | Lead To | Result In	връщане | завръщане у дома
針	しん	はり	Needle | Pin | Staple | Stinger	игла | стрелка (на уред)
専	せん	もっぱ.ら	Specialty | Exclusive | Mainly | Solely	изключителен | специален | единствено
推	すい	お.す	Conjecture | Infer | Guess | Suppose | Support | Push (for)	предполагам | заключавам | препоръчвам
谷	こく	たに きわ.まる	Valley	долина
古	こ	ふる.い ふる- -ふる.す	Old	стар | древен
候	こう	そうろう	Climate | Season | Weather | Wait For | Expect	сезон | климат | време (метеорологично) | чакам
史	し		History | Chronicle	история | летопис
天	てん	あまつ あめ あま-	Heavens | Sky | Imperial	небе | небеса | императорски
階	かい	きざはし	Storey | Stair | Counter For Storeys Of A Building	етаж | стъпало | брояч за етажи | ниво
程	てい	ほど -ほど	Extent | Degree | Law | Formula | Distance | Limits | Amount	степен | мярка | приблизително
満	まん ばん	み.ちる み.つ み.たす	Full | Fullness | Enough | Satisfy	пълен | изпълвам | достатъчен | удовлетворявам
敗	はい	やぶ.れる	Failure | Defeat | Reversal	поражение | провал
管	かん	くだ	Pipe | Tube | Wind Instrument | Drunken Talk | Control | Jurisdiction	тръба | управлявам | духов инструмент | юрисдикция
値	ち	ね あたい	Price | Cost | Value	стойност | цена
歌	か	うた うた.う	Song | Sing	песен | пея
買	ばい	か.う	Buy	купувам
突	とつ か	つ.く	Stab | Protruding | Thrust | Pierce | Prick | Collision | Sudden	мушкам | удрям | внезапен | сблъсък
兵	へい ひょう	つわもの	Soldier | Private | Troops | Army | Warfare | Strategy | Tactics	войник | войска | военен
接	せつ しょう	つ.ぐ	Touch | Contact | Adjoin | Piece Together	допир | контакт | съприкосновение | свързвам
請	せい しん しょう	こ.う う.ける	Solicit | Invite | Ask	моля | искам | заявявам
器	き	うつわ	Utensil | Vessel | Receptacle | Implement | Instrument | Ability | Container | Tool | Set	съд | уред | инструмент | способност
士	し	さむらい	Gentleman | Scholar | Samurai | Samurai Radical (no. 33)	самурай | воин | суфикс за професия или звание
光	こう	ひか.る ひかり	Ray | Light	светлина | лъч
討	とう	う.つ	Chastise | Attack | Defeat | Destroy | Conquer	нападам | разглеждам | обсъждам
路	ろ る	-じ みち	Path | Route | Road | Distance	път | маршрут | улица
悪	あく お	わる.い わる- あ.し にく.い -にく.い ああ いずくに いずくんぞ にく.む	Bad | Vice | Rascal | False | Evil | Wrong	лош | зъл | порок | негодник
科	か		Department | Course | Section	дял | отдел | предмет (учебен) | клон (на наука)
攻	こう	せ.める	Aggression | Attack | Criticize | Polish	нападение | атакувам
崎	き	さき さい みさき	Promontory | Cape | Spit	нос (географски) | полуостров
督	とく		Coach | Command | Urge | Lead | Supervise	ръководя | надзиравам | подканям
授	じゅ	さず.ける さず.かる	Impart | Instruct | Grant | Confer	преподавам | давам | присъждам
催	さい	もよう.す もよお.す	Sponsor | Hold (a Meeting) | Give (a Dinner)	организирам | провеждам (мероприятие)
細	さい	ほそ.い ほそ.る こま.か こま.かい	Dainty | Get Thin | Taper | Slender | Narrow | Detailed | Precise	тънък | дребен | подробен | фин
効	こう	き.く ききめ なら.う	Merit | Efficacy | Efficiency | Benefit	ефект | ефикасност | полза
図	ず と	え はか.る	Map | Drawing | Plan | Extraordinary | Audacious	карта | чертеж | план | рисунка
週	しゅう		Week	седмица
積	せき	つ.む -づ.み つ.もる つ.もり	Volume | Product (x*y) | Acreage | Contents | Pile Up | Stack | Load | Amass	натрупвам | площ | обем | купчина
丸	がん	まる まる.める まる.い	Round | Full (month) | Perfection | -ship | Pills | Make Round | Roll Up | Curl Up | Seduce | Explain Away	кръгъл | хапче | суфикс за имена на кораби
他	た	ほか	Other | Another | The Others	друг | останалите
及	きゅう	およ.ぶ およ.び および およ.ぼす	Reach Out | Exert | Exercise | Cause	достигам | разпростирам се | и
湾	わん	いりえ	Gulf | Bay | Inlet	залив
録	ろく	しる.す と.る	Record	запис | записвам
処	しょ	ところ -こ お.る	Dispose | Manage | Deal With | Sentence | Condemn | Act | Behave | Place	справям се | обработвам | постъпвам | място
省	せい しょう	かえり.みる はぶ.く	Focus | Government Ministry | Conserve	министерство | пестя | размишлявам | пропускам
旧	きゅう	ふる.い もと	Old Times | Old Things | Old Friend | Former | Ex-	стар | бивш | предишен
室	しつ	むろ	Room | Apartment | Chamber | Greenhouse | Cellar	стая | помещение | кабинет
憲	けん		Constitution | Law	конституция | закон
太	たい た	ふと.い ふと.る	Plump | Thick | Big Around	дебел | едър | тлъст
橋	きょう	はし	Bridge	мост
歩	ほ ぶ ふ	ある.く あゆ.む	Walk | Counter For Steps	ходя | крача | брояч за стъпки
離	り	はな.れる はな.す	Detach | Separation | Disjoin | Digress	отделям се | разделяне | разстояние
岸	がん	きし	Beach	бряг | крайбрежие
客	きゃく かく		Guest | Visitor | Customer | Client	гост | клиент | посетител
風	ふう ふ	かぜ かざ- -かぜ	Wind | Air | Style | Manner	вятър | стил | маниер
紙	し	かみ	Paper	хартия
激	げき	はげ.しい	Violent | Get Excited | Enraged | Chafe | Incite	силен | буен | яростен | възбуждам
否	ひ	いな いや	Negate | No | Noes | Refuse | Decline | Deny	отричам | отказвам | не
周	しゅう	まわ.り	Circumference | Circuit | Lap	обиколка | периферия | окръжност
師	し	いくさ	Expert | Teacher | Master | Model | Exemplar | Army (incl. Counter) | War	учител | майстор | наставник
摘	てき	つ.む	Pinch | Pick | Pluck | Trim | Clip | Summarize	бера | откъсвам | посочвам | обобщавам
材	ざい		Lumber | Log | Timber | Wood | Materials | Ingredients | Talent	дървен материал | суровина | материал | талант
登	とう と どう しょう ちょう	のぼ.る あ.がる	Ascend | Climb Up	изкачвам се | качвам се
系	けい		Lineage | System	система | род | потекло
批	ひ		Criticism | Strike	критика | критикувам
郎	ろう りょう	おとこ	Son | Counter For Sons	син | младеж | суфикс за мъжки имена
母	ぼ	はは も	Mother	майка
易	えき い	やさ.しい やす.い	Easy | Ready To | Simple | Fortune-telling | Divination	лесен | прост | гадаене
健	けん	すこ.やか	Healthy | Health | Strength | Persistence	здрав | силен | издръжлив
黒	こく	くろ くろ.ずむ くろ.い	Black	черен
火	か	ひ -び ほ-	Fire	огън
戸	こ	と	Door | Counter For Houses | Door Radical (no. 63)	врата | домакинство | брояч за домове
速	そく	はや.い はや- はや.める すみ.やか	Quick | Fast	бърз | скорост
存	そん ぞん	ながら.える あ.る たも.つ と.う	Exist | Suppose | Be Aware Of | Believe | Feel	съществувам | предполагам | знам
花	か け	はな	Flower	цвете
春	しゅん	はる	Springtime | Spring (season)	пролет
飛	ひ	と.ぶ と.ばす -と.ばす	Fly | Skip (pages) | Scatter	летя | прескачам
殺	さつ さい せつ	ころ.す -ごろ.し そ.ぐ	Kill | Murder | Butcher | Slice Off | Split | Diminish | Reduce | Spoil	убивам | умъртвявам
央	おう		Center | Middle	център | среда
券	けん		Ticket	билет | документ | ценна книга
赤	せき しゃく	あか あか- あか.い あか.らむ あか.らめる	Red	червен
号	ごう	さけ.ぶ よびな	Nickname | Number | Item | Title | Pseudonym | Name | Call	номер | название | псевдоним | знак
単	たん	ひとえ	Simple | One | Single | Merely	единствен | прост | само
盟	めい		Alliance | Oath	съюз | клетва
座	ざ	すわ.る	Squat | Seat | Cushion | Gathering | Sit	седалка | място за сядане | седя
青	せい しょう	あお あお- あお.い	Blue | Green	син | зелен
破	は	やぶ.る やぶ.れる わ.れる	Rend | Rip | Tear | Break | Destroy | Defeat | Frustrate	чупя | разкъсвам | разрушавам
編	へん	あ.む -あ.み	Compilation | Knit | Plait | Braid | Twist | Editing | Completed Poem | Part Of A Book	съставям | плета | редактирам
捜	そう しゅ しゅう	さが.す	Search | Look For | Locate	търся | издирвам
竹	ちく	たけ	Bamboo	бамбук
除	じょ じ	のぞ.く -よ.け	Exclude | Division (x/3) | Remove | Abolish | Cancel | Except	изключвам | премахвам | деление (математика)
完	かん		Perfect | Completion | End	завършвам | цялостен | пълен
降	こう ご	お.りる お.ろす ふ.る ふ.り くだ.る くだ.す	Descend | Precipitate | Fall | Surrender	слизам | падам (за валежи) | предавам се
超	ちょう	こ.える こ.す	Transcend | Super- | Ultra-	надминавам | превъзхождам | свръх-
責	せき	せ.める	Blame | Condemn | Censure	отговорност | вина | укорявам
並	へい ほう	な.み なみ なら.べる なら.ぶ なら.びに	Row | And | Besides | As Well As | Line Up | Rank With | Rival | Equal	редя се | обикновен | нареждам се
療	りょう		Heal | Cure	лекувам | лечение
従	じゅう しょう じゅ	したが.う したが.える より	Accompany | Obey | Submit To | Comply | Follow | Secondary | Incidental | Subordinate	следвам | подчинявам се | съпровождам | второстепенен
右	う ゆう	みぎ	Right	дясно | десен
修	しゅう しゅ	おさ.める おさ.まる	Discipline | Conduct Oneself Well | Study | Master	усъвършенствам | поправям | изучавам | овладявам
捕	ほ	と.らえる と.らわれる と.る とら.える とら.われる つか.まえる つか.まる	Catch | Capture	хващам | залавям | улавям
隊	たい		Regiment | Party | Company | Squad	отряд | група | части
危	き	あぶ.ない あや.うい あや.ぶむ	Dangerous | Fear | Uneasy	опасен | страх | несигурен
採	さい	と.る	Pick | Take | Fetch | Take Up	бера | вземам | наемам | приемам
織	しょく しき	お.る お.り おり -おり -お.り	Weave | Fabric	тъка | тъкан
森	しん	もり	Forest | Woods	гора | лес
競	きょう けい	きそ.う せ.る くら.べる	Emulate | Compete With | Bid | Sell At Auction | Bout | Contest | Race	състезавам се | съпернича | наддавам
拡	かく こう	ひろ.がる ひろ.げる ひろ.める	Broaden | Extend | Expand | Enlarge	разширявам | увеличавам
故	こ	ゆえ ふる.い もと	Happenstance | Especially | Intentionally | Reason | Cause | Circumstances | The Late | Therefore | Consequently	покойният | причина | някогашен | умишлено
館	かん	やかた たて	Building | Mansion | Large Building | Palace	сграда | палат | обществена сграда
振	しん	ふ.る ぶ.る ふ.り -ぶ.り ふ.るう	Shake | Wave | Wag | Swing	клатя | размахвам | разтърсвам
給	きゅう	たま.う たも.う -たま.え	Salary | Wage | Gift | Allow | Grant | Bestow On	снабдявам | заплата | давам
屋	おく	や	Roof | House | Shop | Dealer | Seller	къща | дюкян | магазин
介	かい		Jammed In | Shellfish | Mediate | Concern Oneself With	посредничество | намеса | между
読	どく とく とう	よ.む -よ.み	Read	чета
弁	べん へん	かんむり わきま.える わ.ける はなびら あらそ.う	Valve | Petal | Braid | Speech | Dialect | Discrimination | Dispose Of | Distinguish | Conical Cap	реч | клапан | венчелистче | различавам
根	こん	ね -ね	Root | Radical | Head (pimple)	корен
色	しょく しき	いろ	Color	цвят
友	ゆう	とも	Friend	приятел
苦	く	くる.しい -ぐる.しい くる.しむ くる.しめる にが.い にが.る	Suffering | Trial | Worry | Hardship | Feel Bitter | Scowl	страдание | горчив | мъчение
就	しゅう じゅ	つ.く つ.ける	Concerning | Settle | Take Position | Depart | Study | Per	постъпвам на работа | заемам длъжност | започвам
迎	げい	むか.える	Welcome | Meet | Greet	посрещам | приветствам
走	そう	はし.る	Run	тичам
販	はん		Marketing | Sell | Trade	продавам | търговия
園	えん	その	Park | Garden | Yard | Farm	градина | парк
具	ぐ	そな.える つぶさ.に	Tool | Utensil | Means | Possess | Ingredients | Counter For Armor, Suits, Sets Of Furniture	инструмент | уред | съставки
左	さ しゃ	ひだり	Left	ляво | лявата страна
異	い	こと こと.なる け	Uncommon | Different | Queerness | Strangeness | Wonderful | Curious | Unusual	различен | необичаен | странен
歴	れき れっき		Curriculum | Continuation | Passage Of Time	история | минало | стаж
辞	じ	や.める いな.む	Resign | Word | Term | Expression	дума | подавам оставка | отказвам се
将	しょう そう	まさ.に はた まさ ひきい.る もって	Leader | Commander | General | Admiral | Or | And Again | Soon | From Now On | Just About	генерал | командир
秋	しゅう	あき とき	Autumn	есен
因	いん	よ.る ちな.む	Cause | Factor | Be Associated With | Depend On | Be Limited To	причина | зависи от
献	けん こん	たてまつ.る	Offering | Counter For Drinks | Present | Offer	поднасям | дарявам | принос | брояч за чаши напитки
厳	げん ごん	おごそ.か きび.しい いか.めしい いつくし	Stern | Strictness | Severity | Rigidity	строг | суров | тържествен
馬	ば	うま うま- ま	Horse	кон
愛	あい	いと.しい かな.しい め.でる お.しむ まな	Love | Affection | Favourite	любов | обич
幅	ふく	はば	Hanging Scroll | Width	ширина | обхват
休	きゅう	やす.む やす.まる やす.める	Rest | Day Off | Retire | Sleep	почивам | почивка | отпуск
維	い		Fiber | Tie | Rope	влакно | връзка | поддържане
富	ふ ふう	と.む とみ	Wealth | Enrich | Abundant	богатство | богат | изобилие
浜	ひん	はま	Seacoast | Beach | Seashore	плаж | бряг | крайбрежие
父	ふ	ちち	Father	баща
遺	い ゆい	のこ.す	Bequeath | Leave Behind | Reserve	оставям след себе си | наследство | останки
彼	ひ	かれ かの か.の	He | That | The	той | онзи
般	はん		Carrier | Carry | All | General | Sort | Kind	вид | общ | всякакъв
未	み び	いま.だ ま.だ ひつじ	Un- | Not Yet | Hitherto | Still | Even Now | Sign Of The Ram | 1-3pm | Eighth Sign Of Chinese Zodiac	още не | не-
塁	るい らい すい	とりで	Bases | Fort | Rampart | Walls | Base(ball)	база (бейзбол) | укрепление | вал
貿	ぼう		Trade | Exchange	търговия | обмен
講	こう		Lecture | Club | Association	лекция
邦	ほう	くに	Home Country | Country | Japan	родина | страна | Япония
舞	ぶ	ま.う -ま.う まい	Dance | Flit | Circle | Wheel	танц | танцувам
林	りん	はやし	Grove | Forest	гора | горичка
装	そう しょう	よそお.う よそお.い	Attire | Dress | Pretend | Disguise | Profess	обличам | екипирам | преструвам се
諸	しょ	もろ	Various | Many | Several | Together	различни | разни | множество
夏	か が げ	なつ	Summer	лято
素	そ す	もと	Elementary | Principle | Naked | Uncovered	елемент | съставка | обикновен | чист
亡	ぼう もう	な.い な.き- ほろ.びる ほろ.ぶ ほろ.ぼす	Deceased | The Late | Dying | Perish	покойен | умирам | загивам
劇	げき		Drama | Play	драма | пиеса
河	か	かわ	River	река
遣	けん	つか.う -つか.い -づか.い つか.わす や.る	Dispatch | Despatch | Send | Give | Donate | Do | Undertake	изпращам | използвам | харча
航	こう		Navigate | Sail | Cruise | Fly	плавам | летя | навигация
抗	こう	あらが.う	Confront | Resist | Defy | Oppose	съпротивлявам се | противопоставям се
冷	れい	つめ.たい ひ.える ひ.や ひ.ややか ひ.やす ひ.やかす さ.める さ.ます	Cool | Cold (beer, Person) | Chill	студен | охлаждам
模	も ぼ		Imitation | Copy | Mock	образец | имитирам | модел
雄	ゆう	お- おす おん	Masculine | Male | Hero | Leader | Superiority | Excellence	мъжки (за животно) | герой | величествен
適	てき	かな.う	Suitable | Occasional | Rare | Qualified | Capable	подходящ | уместен
婦	ふ	よめ	Lady | Woman | Wife | Bride	жена | съпруга
鉄	てつ	くろがね	Iron	желязо
寄	き	よ.る -よ.り よ.せる	Draw Near | Stop In | Bring Near | Gather | Collect | Send | Forward	приближавам се | дарявам | събирам
益	えき やく	ま.す	Benefit | Gain | Profit | Advantage	полза | печалба | изгода
込		-こ.む こ.む こ.み -こ.み こ.める	Crowded | Mixture | In Bulk | Included | (kokuji)	включвам | претъпкан | навлизам
顔	がん	かお	Face | Expression	лице
緊	きん	し.める し.まる	Tense | Solid | Hard | Reliable | Tight	напрегнат | стегнат | спешен
類	るい	たぐ.い	Sort | Kind | Variety | Class | Genus	вид | род | категория
児	じ に げい	こ -こ -っこ	Newborn Babe | Child | Young Of Animals	дете
余	よ	あま.る あま.り あま.す あんま.り	Too Much | Myself | Surplus | Other | Remainder	остатък | излишен | свободен
禁	きん		Prohibition | Ban | Forbid	забрана | забранявам
印	いん	しるし -じるし しる.す	Stamp | Seal | Mark | Imprint | Symbol | Emblem | Trademark | Evidence | Souvenir | India	печат | знак | отпечатък
逆	ぎゃく げき	さか さか.さ さか.らう	Inverted | Reverse | Opposite | Wicked	обратен | противоположен
王	おう -のう		King | Rule | Magnate	цар | крал
返	へん	かえ.す -かえ.す かえ.る -かえ.る	Return | Answer | Fade | Repay	връщам | отговор
標	ひょう	しるべ しるし	Signpost | Seal | Mark | Stamp | Imprint | Symbol | Emblem | Trademark | Evidence | Souvenir | Target	знак | отличителен белег | цел
換	かん	か.える -か.える か.わる	Interchange | Period | Change | Convert | Replace | Renew	разменям | заменям
久	きゅう く	ひさ.しい	Long Time | Old Story	дълготраен | отдавнашен
短	たん	みじか.い	Short | Brevity | Fault | Defect | Weak Point	кратък | недостатък
油	ゆ ゆう	あぶら	Oil | Fat	масло | нефт
妻	さい	つま	Wife | Spouse	съпруга
暴	ぼう ばく	あば.く あば.れる	Outburst | Rave | Fret | Force | Violence | Cruelty | Outrage	насилие | буен | разкривам
輪	りん	わ	Wheel | Ring | Circle | Link | Loop | Counter For Wheels And Flowers	колело | пръстен | кръг
占	せん	し.める うらな.う	Fortune-telling | Divining | Forecasting | Occupy | Hold | Have | Get | Take	заемам | гадая | окупирам
宣	せん	のたま.う	Proclaim | Say | Announce	обявявам | провъзгласявам
背	はい	せ せい そむ.く そむ.ける	Stature | Height | Back | Behind | Disobey | Defy | Go Back On | Rebel	гръб | ръст | противопоставям се
昭	しょう		Shining | Bright	светъл | ясен | блестящ
廃	はい	すた.れる すた.る	Abolish | Obsolete | Cessation | Discarding | Abandon	премахвам | отменям | изоставям
植	しょく	う.える う.わる	Plant	садя | засаждам | растение
熱	ねつ	あつ.い	Heat | Temperature | Fever | Mania | Passion	топлина | треска | страст | горещ
宿	しゅく	やど やど.る やど.す	Inn | Lodging | Relay Station | Dwell | Lodge | Be Pregnant | Home | Dwelling	подслон | странноприемница | нощувам | бременна
薬	やく	くすり	Medicine | Chemical | Enamel | Gunpowder | Benefit	лекарство | химикал | барут
伊	い	かれ	Italy | That One	Италия | той (архаично)
江	こう	え	Creek | Inlet | Bay	залив | устие на река | проток
清	せい しょう しん	きよ.い きよ.まる きよ.める	Pure | Purify | Cleanse | Exorcise | Manchu Dynasty	чист | пречиствам | бистър | династия Цин
習	しゅう じゅ	なら.う なら.い	Learn	уча се | навик | обичай
険	けん	けわ.しい	Precipitous | Inaccessible Place | Impregnable Position | Steep Place | Sharp Eyes	опасност | стръмен | непристъпен
頼	らい	たの.む たの.もしい たよ.る	Trust | Request	уповавам се | моля | доверие
僚	りょう		Colleague | Official | Companion	колега | чиновник
覚	かく	おぼ.える さ.ます さ.める さと.る	Memorize | Learn | Remember | Awake | Sober Up	възприемам | помня | събуждам се
吉	きち きつ	よし	Good Luck | Joy | Congratulations	късмет | радост | щастие
盛	せい じょう	も.る さか.る さか.ん	Boom | Prosper | Copulate	процъфтявам | разцвет | сервирам (храна)
船	せん	ふね ふな-	Ship | Boat	кораб | лодка | плавателен съд
倍	ばい		Double | Twice | Times | Fold	пъти | двойно
均	きん	なら.す	Level | Average	равен | среден | балансиран
億	おく		Hundred Million | 10**8	сто милиона
途	と	みち	Route | Way | Road	път | маршрут
圧	あつ えん おう	お.す へ.す おさ.える お.さえる	Pressure | Push | Overwhelm | Oppress | Dominate	налягане | натиск | потискам | доминирам
芸	げい うん	う.える のり わざ	Technique | Art | Craft | Performance | Acting | Trick | Stunt	изкуство | занаят | умение
許	きょ	ゆる.す もと	Permit | Approve	разрешавам | одобрявам
皇	こう おう		Emperor	император
臨	りん	のぞ.む	Look To | Face | Meet | Confront | Attend | Call On	присъствам | изправям се пред | посрещам
踏	とう	ふ.む ふ.まえる	Step | Trample | Carry Through | Appraise | Evade Payment	стъпвам | тъпча | прегазвам
駅	えき		Station	гара
署	しょ		Signature | Govt Office | Police Station	управление | участък | учреждение | подпис
抜	ばつ はつ はい	ぬ.く -ぬ.く ぬ.き ぬ.ける ぬ.かす ぬ.かる	Slip Out | Extract | Pull Out | Pilfer | Quote | Remove | Omit	изваждам | измъквам | надминавам | пропускам
壊	かい え	こわ.す こわ.れる やぶ.る	Demolition | Break | Destroy	разрушавам | чупя | унищожавам
債	さい		Bond | Loan | Debt	облигация | заем | дълг
便	べん びん	たよ.り	Convenience | Facility | Excrement | Feces | Letter | Chance	поща | удобен | изпражнения | полет (превоз)
伸	しん	の.びる の.ばす の.べる の.す	Expand | Stretch | Extend | Lengthen | Increase	разтягам | удължавам | нараствам
留	りゅう る	と.める と.まる とど.める とど.まる るうぶる	Detain | Fasten | Halt | Stop	задържам | оставам | спирам
罪	ざい	つみ	Guilt | Sin | Crime | Fault | Blame | Offense	престъпление | грях | вина
停	てい	と.める と.まる	Halt | Stopping	спирам | престой
興	こう きょう	おこ.る おこ.す	Entertain | Revive | Retrieve | Interest | Pleasure	процъфтявам | забавление | интерес | съживявам
爆	ばく	は.ぜる	Bomb | Burst Open | Pop | Split	избухвам | бомба | експлозия
陸	りく ろく	おか	Land | Six	суша | земя | континент
玉	ぎょく	たま たま- -だま	Jewel | Ball	скъпоценен камък | топка | перла
源	げん	みなもと	Source | Origin	източник | извор | произход
儀	ぎ		Ceremony | Rule | Affair | Case | A Matter	церемония | обред | случай
波	は	なみ	Waves | Billows | Poland	вълна
創	そう しょう	つく.る はじ.める きず けず.しける	Genesis | Wound | Injury | Hurt | Start | Originate	създавам | основавам | рана
障	しょう	さわ.る	Hinder | Hurt | Harm	пречка | преграда | попречвам
継	けい	つ.ぐ まま-	Inherit | Succeed | Continue | Patch | Graft (tree)	наследявам | продължавам | предавам щафетата
筋	きん	すじ	Muscle | Sinew | Tendon | Fiber | Plot | Plan | Descent	мускул | влакно | сюжет | линия
狙	そ しょ	ねら.う ねら.い	Aim At | Sight | Shadow | Stalk	целя се | дебна | прицелвам се
帯	たい	お.びる おび	Sash | Belt | Obi | Zone | Region	пояс | колан | зона | нося (на себе си)
延	えん	の.びる の.べる の.べ の.ばす	Prolong | Stretching	удължавам | отлагам | разтягам
羽	う	は わ はね	Feathers | Counter For Birds, Rabbits	перо | крило | брояч за птици
努	ど	つと.める	Toil | Diligent | As Much As Possible	старая се | полагам усилия | трудя се
固	こ	かた.める かた.まる かた.まり かた.い	Harden | Set | Clot | Curdle	твърд | втвърдявам | плътен
闘	とう	たたか.う あらそ.う	Fight | War	бия се | борба | война
精	せい しょう	しら.げる くわ.しい	Refined | Ghost | Fairy | Energy | Vitality | Semen | Excellence | Purity | Skill	дух | същност | енергия | пречиствам
則	そく	のっと.る	Rule | Follow | Based On | Model After	правило | закон | следвам
葬	そう	ほうむ.る	Interment | Bury | Shelve	погребение | погребвам
乱	らん ろん	みだ.れる みだ.る みだ.す みだ おさ.める わた.る	Riot | War | Disorder | Disturb	безредие | бунт | смут
避	ひ	さ.ける よ.ける	Evade | Avoid | Avert | Ward Off | Shirk | Shun	избягвам | отбягвам | предотвратявам
普	ふ	あまね.く あまねし	Universal | Wide(ly) | Generally | Prussia	широко разпространен | универсален | общ
散	さん	ち.る ち.らす -ち.らす ち.らかす ち.らかる ち.らばる ばら ばら.ける	Scatter | Disperse | Spend | Squander	разпръсквам | разсейвам | харча
司	し	つかさど.る	Director | Official | Govt Office | Rule | Administer	управлявам | ръководя | длъжностно лице
康	こう		Ease | Peace	здраве | спокойствие
測	そく	はか.る	Fathom | Plan | Scheme | Measure	измервам | предполагам | преценявам
豊	ほう ぶ	ゆた.か とよ	Bountiful | Excellent | Rich	изобилен | богат | плодороден
洋	よう		Ocean | Sea | Foreign | Western Style	океан | море | западен (стил)
静	せい じょう	しず- しず.か しず.まる しず.める	Quiet	тих | спокоен
善	ぜん	よ.い い.い よ.く よし.とする	Virtuous | Good | Goodness	добър | добродетелен | доброта
逮	たい		Apprehend | Chase	залавям | арестувам | гоня
婚	こん		Marriage	брак | женитба
厚	こう	あつ.い あか	Thick | Heavy | Rich | Kind | Cordial | Brazen | Shameless	дебел | плътен | сърдечен | щедър
喜	き	よろこ.ぶ よろこ.ばす	Rejoice | Take Pleasure In	радвам се | радост | удоволствие
齢	れい	よわい とし	Age	възраст
囲	い	かこ.む かこ.う かこ.い	Surround | Besiege | Store | Paling | Enclosure | Encircle | Preserve | Keep	заграждам | обкръжавам | ограждам
卒	そつ しゅつ	そっ.する お.える お.わる ついに にわか	Graduate | Soldier | Private | Die	завършвам (образование) | войник | умирам
迫	はく	せま.る	Urge | Force | Imminent | Spur On	принуждавам | наближавам | притискам
略	りゃく	ほぼ はぶ.く おか.す おさ.める はかりごと はか.る	Abbreviation | Omission | Outline | Shorten | Capture | Plunder	съкращение | стратегия | пропускам | завладявам
承	しょう じょう	うけたまわ.る う.ける	Acquiesce | Hear | Listen To | Be Informed | Receive	съгласявам се | приемам | чувам
浮	ふ	う.く う.かれる う.かぶ む う.かべる	Floating | Float | Rise To Surface	плувам на повърхността | изплувам | нося се (във въздуха, водата)
惑	わく	まど.う	Beguile | Delusion | Perplexity	объркване | заблуда | изкушавам
崩	ほう	くず.れる -くず.れ くず.す	Crumble | Die | Demolish | Level	срутвам се | разпадам се | рухвам
順	じゅん		Obey | Order | Turn | Right | Docility | Occasion	ред | последователност | подчинявам се
紀	き		Chronicle | Account | Narrative | History | Annals | Geologic Period	ера | епоха | летопис
聴	ちょう てい	き.く ゆる.す	Listen | Headstrong | Naughty | Careful Inquiry	слушам | изслушвам
脱	だつ	ぬ.ぐ ぬ.げる	Undress | Removing | Escape From | Get Rid Of | Be Left Out | Take Off	събличам | бягам | изоставям | отпадам
旅	りょ	たび	Trip | Travel	пътуване | пътешествие
絶	ぜつ	た.える た.やす た.つ	Discontinue | Sever | Cut Off | Abstain | Interrupt | Suppress | Be Beyond | Without Match | Peerless | Unparalleled	прекъсвам | приключвам | несравним
級	きゅう		Class | Rank | Grade	клас | степен | ранг
幸	こう	さいわ.い さち しあわ.せ	Happiness | Blessing | Fortune	щастие | късмет
岩	がん	いわ	Boulder | Rock | Cliff	скала | камък
練	れん	ね.る ね.り	Practice | Gloss | Train | Drill | Polish | Refine	тренирам | упражнявам се | месвам
押	おう	お.す お.し- お.っ- お.さえる おさ.える	Push | Stop | Check | Subdue | Attach | Seize | Weight | Shove | Press | Seal | Do In Spite Of	бутам | натискам | притискам
軽	けい きょう きん	かる.い かろ.やか かろ.んじる	Lightly | Trifling | Unimportant	лек | незначителен
倒	とう	たお.れる -だお.れ たお.す さかさま さかさ さかしま	Overthrow | Fall | Collapse | Drop | Break Down	събарям | падам | рухвам
了	りょう		Complete | Finish	завършвам | приключвам | разбирам
庁	ちょう てい	やくしょ	Government Office	ведомство | управление | учреждение
博	はく ばく		Dr. | Command | Esteem | Win Acclaim | Ph.d. | Exposition | Fair	доктор | обширен | изложение
城	じょう せい	しろ	Castle	замък | крепост
患	かん	わずら.う	Afflicted | Disease | Suffer From | Be Ill	болест | боледувам | страдам
締	てい	し.まる し.まり し.める -し.め -じ.め	Tighten | Tie | Shut | Lock | Fasten	затягам | завързвам | заключвам
等	とう	ひと.しい など -ら	Etc. | And So Forth | Class (first) | Quality | Equal | Similar	равен | клас | и т.н.
救	きゅう	すく.う	Salvation | Save | Help | Rescue | Reclaim	спасявам | помагам | избавям
執	しつ しゅう	と.る	Tenacious | Take Hold | Grasp | Take To Heart	хващам | упорит | изпълнявам
層	そう		Stratum | Social Class | Layer | Story | Floor	пласт | слой | съсловие | етаж
版	はん		Printing Block | Printing Plate | Edition | Impression | Label	печатна плоча | издание | публикуване
老	ろう	お.いる ふ.ける	Old Man | Old Age | Grow Old	стар | старост | остарявам
令	れい		Orders | Ancient Laws | Command | Decree	заповед | нареждане | указ
角	かく	かど つの	Angle | Corner | Square | Horn | Antlers	ъгъл | рог | кьоше
絡	らく	から.む から.まる	Entwine | Coil Around | Get Caught In	преплитам се | увивам се | заплитам се
損	そん	そこ.なう そこな.う -そこ.なう そこ.ねる -そこ.ねる	Damage | Loss | Disadvantage | Hurt | Injure	загуба | щета | вреда
房	ぼう	ふさ	Tassel | Tuft | Fringe | Bunch | Lock (hair) | Segment (orange) | House | Room	кичур | ресни | резен (портокал) | стая
募	ぼ	つの.る	Recruit | Campaign | Gather (contributions) | Enlist | Grow Violent	набирам | събирам (средства) | вербувам
曲	きょく	ま.がる ま.げる くま	Bend | Music | Melody | Composition | Pleasure | Injustice | Fault | Curve | Crooked | Perverse | Lean	мелодия | музикално произведение | извивам | крив
撤	てつ		Remove | Withdraw | Disarm | Dismantle | Reject | Exclude	премахвам | оттеглям | разоръжавам
裏	り	うら	Back | Amidst | In | Reverse | Inside | Palm | Sole | Rear | Lining | Wrong Side	обратна страна | гръб | подплата
払	ふつ ひつ ほつ	はら.う -はら.い -ばら.い	Pay | Clear Out | Prune | Banish | Dispose Of	плащам | измитам | прогонвам
削	さく	けず.る はつ.る そ.ぐ	Plane | Sharpen | Whittle | Pare | Shave	стържа | остъргвам | изрязвам | съкращавам
密	みつ	ひそ.か	Secrecy | Density (pop) | Minuteness | Carefulness	тайна | гъст | плътен | прецизен
庭	てい	にわ	Courtyard | Garden | Yard	градина | двор
徒	と	いたずら あだ	On Foot | Junior | Emptiness | Vanity | Futility | Uselessness | Ephemeral Thing | Gang | Set | Party | People	ученик | последовател | пеша | напразен
措	そ	お.く	Set Aside | Give Up | Suspend | Discontinue | Lay Aside | Except	отлагам | изоставям | прекратявам
仏	ぶつ ふつ	ほとけ	Buddha | The Dead | France	Буда | Франция | покойник
績	せき		Exploits | Achievements | Unreeling Cocoons	постижения | заслуги
築	ちく	きず.く	Fabricate | Build | Construct	строя | изграждам
貨	か	たから	Freight | Goods | Property	стока | валута | имущество | товар
志	し	シリング こころざ.す こころざし	Intention | Plan | Resolve | Aspire | Motive | Hopes | Shilling	амбиция | воля | намерение | стремеж
混	こん	ま.じる -ま.じり ま.ざる ま.ぜる こ.む	Mix | Blend | Confuse	смесвам | обърквам
載	さい	の.せる の.る	Ride | Board | Get On | Place | Spread | 10**44 | Record | Publish	товаря | записвам | публикувам | качвам се
昇	しょう	のぼ.る	Rise Up	изкачвам се | издигам се | повишавам се
池	ち	いけ	Pond | Cistern | Pool | Reservoir	езерце | басейн
陣	じん		Camp | Battle Array | Ranks | Position | Sudden | Brief Time	лагер | боен строй | позиция
我	が	われ わ わ.が- わが-	Ego | I | Selfish | Our | Oneself	аз | его | мой | наш
勤	きん ごん	つと.める -づと.め つと.まる いそ.しむ	Diligence | Become Employed | Serve	служба | работя | труд
為	い	ため な.る な.す す.る たり つく.る なり	Do | Change | Make | Benefit | Welfare | Be Of Use | Reach To | Try | Practice | Cost | Serve As | Good | Advantage | As A Result Of	в полза на | заради | действие | полза
血	けつ	ち	Blood	кръв
遅	ち	おく.れる おく.らす おそ.い	Slow | Late | Back | Later	бавен | късен | закъснявам
抑	よく	おさ.える	Repress | Well | Now | In The First Place | Push | Shove | Press | Seal | Do In Spite Of	потискам | сдържам | контролирам
幕	まく ばく	とばり	Curtain | Bunting | Act Of Play	завеса | действие (на пиеса) | шогунат
居	きょ こ	い.る -い お.る	Reside | To Be | Exist | Live With	живея | пребивавам | съществувам
染	せん	そ.める -ぞ.め -ぞめ そ.まる し.みる -じ.みる し.み -し.める	Dye | Color | Paint | Stain | Print	боядисвам | оцветявам | заразявам се
温	おん	あたた.か あたた.かい あたた.まる あたた.める ぬく	Warm	топъл | температура
雑	ざつ ぞう	まじ.える まじ.る	Miscellaneous	разнообразен | смесен | безреден
招	しょう	まね.く	Beckon | Invite | Summon | Engage	каня | поканвам | привличам
奈	な ない だい	いかん からなし	Nara | What?	Нара | какво?
季	き		Seasons	сезон
困	こん	こま.る	Quandary | Become Distressed | Annoyed	затруднение | изпадам в беда | притеснен
星	せい しょう	ほし -ぼし	Star | Spot | Dot | Mark	звезда | точка | петно
傷	しょう	きず いた.む いた.める	Wound | Hurt | Injure | Impair | Pain | Injury | Cut | Gash | Scar | Weak Point	рана | нараняване | болка | белег
永	えい	なが.い	Eternity | Long | Lengthy	вечен | дълъг | завинаги
択	たく	えら.ぶ	Choose | Select | Elect | Prefer	избирам | подбирам
秀	しゅう	ひい.でる	Excel | Excellence | Beauty | Surpass	превъзхождам | отличен | изявявам се
著	ちょ ちゃく	あらわ.す いちじる.しい	Renowned | Publish | Write | Remarkable | Phenomenal | Put On | Don | Wear | Arrival | Finish (race) | Counter For Suits Of Clothing | Literary Work	автор | писане | публикувам | забележителен | явен
徴	ちょう ち	しるし	Indications | Sign | Omen | Symptom | Collect | Seek | Refer To | Question	признак | симптом | събирам (данъци) | издирвам
誌	し		Document | Records	списание | летопис
庫	こ く	くら	Warehouse | Storehouse	склад | хранилище
弾	だん たん	ひ.く -ひ.き はず.む たま はじ.く はじ.ける ただ.す はじ.きゆみ	Bullet | Twang | Flip | Snap	куршум | отскачам | свиря (на инструмент)
償	しょう	つぐな.う	Reparation | Make Up For | Recompense | Redeem	обезщетение | компенсация | изплащам
刊	かん		Publish | Carve | Engrave	публикувам | издание
像	ぞう		Statue | Picture | Image | Figure | Portrait	образ | статуя | изображение
功	こう く	いさお	Achievement | Merits | Success | Honor | Credit	заслуга | успех | постижение
拠	きょ こ	よ.る	Foothold | Based On | Follow | Therefore	основа | опора | база
香	こう きょう	か かお.り かお.る	Incense | Smell | Perfume	аромат | благоухание | тамян
欠	けつ けん	か.ける か.く	Lack | Gap | Fail | Yawning Radical (no. 76)	липса | недостиг | пропускам
更	こう	さら さら.に ふ.ける ふ.かす	Grow Late | Night Watch | Sit Up Late | Of Course | Renew | Renovate | Again | More And More | Further	подновявам | отново | освен това
秘	ひ	ひ.める ひそ.か かく.す	Secret | Conceal	тайна | тайнствен
拒	きょ ご	こば.む	Repel | Refuse | Reject | Decline	отказвам | отхвърлям
刑	けい		Punish | Penalty | Sentence | Punishment	наказание | присъда
坂	はん	さか	Slope | Incline | Hill	наклон | склон
刻	こく	きざ.む きざ.み	Engrave | Cut Fine | Chop | Hash | Mince | Time | Carving	гравирам | издълбавам | накълцвам | момент (време)
底	てい	そこ	Bottom | Sole | Depth | Bottom Price | Base | Kind | Sort	дъно | долна част
賛	さん	たす.ける たた.える	Approve | Praise | Title Or Inscription On Picture | Assist | Agree With	одобрение | съгласие | възхвала
塚	ちょう	つか -づか	Hillock | Mound	могила | хълмче
致	ち	いた.す	Doth | Do | Send | Forward | Cause | Exert | Incur | Engage	причинявам | довеждам до | изразявам (учтиво)
抱	ほう	だ.く いだ.く かか.える	Embrace | Hug | Hold In Arms	прегръщам | държа в обятия | нося (грижа, отговорност)
繰	そう	く.る	Winding | Reel | Spin | Turn (pages) | Look Up | Refer To	навивам | прелиствам | повтарям последователно
服	ふく		Clothing | Admit | Obey | Discharge	дреха | облекло | подчинявам се
犯	はん ぼん	おか.す	Crime | Sin | Offense	престъпление | извършвам (престъпление) | нарушавам
尾	び	お	Tail | End | Counter For Fish | Lower Slope Of Mountain	опашка | край | брояч за риби
描	びょう	えが.く か.く	Sketch | Compose | Write | Draw | Paint	рисувам | изобразявам | описвам
布	ふ	ぬの	Linen | Cloth | Spread | Distribute	плат | тъкан | разпространявам
恐	きょう	おそ.れる おそ.る おそ.ろしい こわ.い こわ.がる	Fear | Dread | Awe	страх | боя се | ужас
寺	じ	てら	Buddhist Temple	будистки храм
鈴	れい りん	すず	Small Bell | Buzzer	звънче | камбанка
盤	ばん		Tray | Shallow Bowl | Platter | Tub | Board | Phonograph Record	поднос | плоча (грамофонна) | табло | основа
息	そく	いき	Breath | Respiration | Son | Interest (on Money)	дъх | дишане | син
宇	う		Eaves | Roof | House | Heaven	вселена | стряха | покрив
項	こう	うなじ	Paragraph | Nape Of Neck | Clause | Item | Term (expression)	точка (в текст) | клауза | член (правен)
喪	そう	も	Miss | Mourning	траур | скръб
伴	はん ばん	ともな.う	Consort | Accompany | Bring With | Companion	придружавам | спътник
遠	えん おん	とお.い	Distant | Far	далечен | отдалечен
養	よう りょう	やしな.う	Foster | Bring Up | Rear | Develop | Nurture	отглеждам | издържам | възпитавам
懸	けん け	か.ける か.かる	State Of Suspension | Hang | Depend | Consult | Distant | Far Apart	вися | зависи от | поставям на карта
戻	れい	もど.す もど.る	Re- | Return | Revert | Resume | Restore | Go Backwards	връщам | връщам се
街	がい かい	まち	Boulevard | Street | Town	улица | квартал | град
巨	きょ		Gigantic | Big | Large | Great	огромен | гигантски
震	しん	ふる.う ふる.える	Quake | Shake | Tremble | Quiver | Shiver	трус | треперя | разтърсвам
願	がん	ねが.う -ねがい	Petition | Request | Vow | Wish | Hope	желание | молба | мечтая
絵	かい え		Picture | Drawing | Painting | Sketch	картина | рисунка
希	き け	まれ	Hope | Beg | Request | Pray | Beseech | Greece | Dilute (acid) | Rare | Few | Phenomenal	надежда | стремя се | рядък
越	えつ おつ	こ.す -こ.す -ご.し こ.える -ご.え	Surpass | Cross Over | Move To | Exceed | Vietnam	надминавам | преминавам | преселвам се
契	けい	ちぎ.る	Pledge | Promise | Vow	обещание | договор | обвързвам се
掲	けい	かか.げる	Put Up (a Notice) | Put Up | Hoist | Display | Hang Out | Publish | Describe	поставям (обява) | издигам (знаме) | публикувам
躍	やく	おど.る	Leap | Dance | Skip	скачам | танцувам | устремявам се
棄	き	す.てる	Abandon | Throw Away | Discard | Resign | Reject | Sacrifice	изоставям | изхвърлям | отказвам се | отхвърлям
欲	よく	ほっ.する ほ.しい	Longing | Covetousness | Greed | Passion | Desire | Craving	желание | страст | алчност
痛	つう	いた.い いた.む いた.ましい いた.める	Pain | Hurt | Damage | Bruise	болка | нараняване
触	しょく	ふ.れる さわ.る さわ	Contact | Touch | Feel | Hit | Proclaim | Announce | Conflict	докосвам | контакт | пипам
邸	てい	やしき	Residence | Mansion	резиденция | имение
依	い え	よ.る	Reliant | Depend On | Consequently | Therefore | Due To	завися | разчитам на
籍	せき		Enroll | Domiciliary Register | Membership	регистър | вписване | членство
汚	お	けが.す けが.れる けが.らわしい よご.す よご.れる きたな.い	Dirty | Pollute | Disgrace | Rape | Defile	мръсен | замърсявам | опозорявам
縮	しゅく	ちぢ.む ちぢ.まる ちぢ.める ちぢ.れる ちぢ.らす	Shrink | Contract | Shrivel | Wrinkle | Reduce	свивам се | съкращавам | намалявам
還	かん	かえ.る	Send Back | Return	връщам се | връщам
枚	まい ばい		Sheet Of... | Counter For Flat Thin Objects Or Sheets	брояч за тънки плоски предмети (напр. листове хартия)
属	ぞく しょく	さかん つく やから	Belong | Genus | Subordinate Official | Affiliated	принадлежа | род (в биологията) | подчинен
笑	しょう	わら.う え.む	Laugh	смея се | усмихвам се
互	ご	たが.い かたみ.に	Mutually | Reciprocally | Together	взаимен | един друг | реципрочен
複	ふく		Duplicate | Double | Compound | Multiple	двоен | съставен | многократен
慮	りょ	おもんぱく.る おもんぱか.る	Prudence | Thought | Concern | Consider | Deliberate | Fear	обмислям | загриженост | предпазливост
郵	ゆう		Mail | Stagecoach Stop	поща
束	そく	たば たば.ねる つか つか.ねる	Bundle | Sheaf | Ream | Tie In Bundles | Govern | Manage | Control	връзвам на снопове | сноп | управлявам
仲	ちゅう	なか	Go-between | Relationship	посредник | отношения | връзка
栄	えい よう	さか.える は.え -ば.え は.える え	Flourish | Prosperity | Honor | Glory | Splendor	процъфтявам | слава | чест
札	さつ	ふだ	Tag | Paper Money | Counter For Bonds | Placard | Bid	етикет | банкнота | табелка
枠		わく	Frame | Framework | Spindle | Spool | Bounding-box | (kokuji)	рамка | каса (на прозорец, врата) | граница
似	じ	に.る ひ.る	Becoming | Resemble | Counterfeit | Imitate | Suitable	приличам | подобен | имитирам
夕	せき	ゆう	Evening	вечер
恵	けい え	めぐ.む めぐ.み	Favor | Blessing | Grace | Kindness	благодат | милост | доброта
板	はん ばん	いた	Plank | Board | Plate | Stage	дъска | плоча
列	れつ れ		File | Row | Rank | Tier | Column	ред | редица | колона
露	ろ ろう	つゆ	Dew | Tears | Expose | Russia	роса | разкривам | Русия
沖	ちゅう	おき おきつ ちゅう.する わく	Open Sea | Offing | Rise High Into Sky	открито море | навътре в морето
探	たん	さぐ.る さが.す	Grope | Search | Look For	търся | издирвам | проучвам
逃	とう	に.げる に.がす のが.す のが.れる	Escape | Flee | Shirk | Evade | Set Free	бягам | избягвам | укривам се
借	しゃく	か.りる	Borrow | Rent	заемам (пари, вещ) | вземам под наем
緩	かん	ゆる.い ゆる.やか ゆる.む ゆる.める	Slacken | Loosen | Relax | Lessen | Be Moderate | Ease	разхлабвам | отпускам | смекчавам
節	せつ せち	ふし -ぶし のっと	Node | Season | Period | Occasion | Verse | Clause | Stanza | Honor | Joint | Knuckle | Knob | Knot | Tune | Melody	възел, става | сезон | раздел (на текст) | мелодия
需	じゅ		Demand | Request | Need	нужда | потребност | търсене (в икономиката)
骨	こつ	ほね	Skeleton | Bone | Remains | Frame	кост | скелет | останки
射	しゃ	い.る さ.す う.つ	Shoot | Shine Into | Onto | Archery	стрелям | лъч (светлина) | стрелба с лък
傾	けい	かたむ.く かたむ.ける かたぶ.く かた.げる かし.げる	Lean | Incline | Tilt | Trend | Wane | Sink | Ruin | Bias	накланям се | тенденция | пристрастие
届	かい	とど.ける -とど.け とど.く	Deliver | Reach | Arrive | Report | Notify | Forward	доставям | стигам до | съобщавам
曜	よう		Weekday	ден от седмицата
遊	ゆう ゆ	あそ.ぶ あそ.ばす	Play	играя | забавлявам се
迷	めい	まよ.う	Astray | Be Perplexed | In Doubt | Lost | Err | Illusion	обърквам се | губя се | заблуда
夢	む ぼう	ゆめ ゆめ.みる くら.い	Dream | Vision | Illusion	мечта | сън | илюзия
巻	かん けん	ま.く まき ま.き	Scroll | Volume | Book | Part | Roll Up | Wind Up | Tie | Coil | Counter For Texts (or Book Scrolls)	навивам | том (на книга) | свитък
購	こう		Subscription | Buy	купувам | абонамент
揮	き	ふる.う	Brandish | Wave | Wag | Swing | Shake	размахвам | ръководя | проявявам (способности)
君	くん	きみ -ぎみ	Mister | You | Ruler | Male Name Suffix	ти (фамилиарно обръщение) | владетел | господин (учтива наставка след име)
燃	ねん	も.える も.やす も.す	Burn | Blaze | Glow	горя | пламтя
充	じゅう	あ.てる み.たす	Allot | Fill	запълвам | разпределям | отпускам
雨	う	あめ あま- -さめ	Rain	дъжд
閉	へい	と.じる と.ざす し.める し.まる た.てる	Closed | Shut	затварям | затворен
緒	しょ ちょ	お いとぐち	Thong | Beginning | Inception | End | Cord | Strap | Mental Or Emotional State	връзка | ремък | начало
跡	せき	あと	Tracks | Mark | Print | Impression	следа | отпечатък | развалини
包	ほう	つつ.む くる.む	Wrap | Pack Up | Cover | Conceal	увивам | опаковам | обхващам
駐	ちゅう		Stop-over | Reside In | Resident	стационирам се | престоявам | пребиваващ
貢	こう く	みつ.ぐ	Tribute | Support | Finance	данък (в стари времена) | принос | издръжка
鹿	ろく	しか か	Deer	елен
弱	じゃく	よわ.い よわ.る よわ.まる よわ.める	Weak | Frail	слаб | немощен
却	きゃく	かえ.って しりぞ.く しりぞ.ける	Instead | On The Contrary | Rather | Step Back | Withdraw | Retreat	напротив | отстъпвам | оттеглям се
端	たん	はし は はた -ばた はな	Edge | Origin | End | Point | Border | Verge | Cape	край | ръб | начало
賃	ちん		Fare | Fee | Hire | Rent | Wages | Charge	заплата | такса | наем
折	せつ しゃく	お.る おり お.り -お.り お.れる	Fold | Break | Fracture | Bend | Yield | Submit	сгъвам | чупя | огъвам
紹	しょう		Introduce | Inherit | Help	представям (някого)
獲	かく	え.る	Seize | Get | Find | Earn | Acquire | Can | May | Able To	улавям | придобивам | залавям
郡	ぐん	こおり	County | District	окръг | район
併	へい	あわ.せる	Join | Get Together | Unite | Collective	обединявам | сливам | съвместен
草	そう	くさ くさ- -ぐさ	Grass | Weeds | Herbs | Pasture | Write | Draft	трева | плевели | билки | чернова (текст)
徹	てつ		Penetrate | Clear | Pierce | Strike Home | Sit Up (all Night)	пронизвам | издържам докрай | стоя буден цяла нощ
飲	いん おん	の.む -の.み	Drink | Smoke | Take	пия
貴	き	たっと.い とうと.い たっと.ぶ とうと.ぶ	Precious | Value | Prize | Esteem | Honor	скъпоценен | благороден | уважаван
埼	き	さき さい みさき	Cape | Spit | Promontory	нос (географски) | провлак
衝	しょう	つ.く	Collide | Brunt | Highway | Opposition (astronomy) | Thrust | Pierce | Stab | Prick	сблъсквам се | удар | важен път
焦	しょう	こ.げる こ.がす こ.がれる あせ.る	Char | Hurry | Impatient | Irritate | Burn | Scorch | Singe	прегарям | нетърпелив | копнея
奪	だつ	うば.う	Rob | Take By Force | Snatch Away | Dispossess | Plunder | Usurp	отнемам със сила | ограбвам | узурпирам
雇	こ	やと.う	Employ | Hire	наемам (на работа)
災	さい	わざわ.い	Disaster | Calamity | Woe | Curse | Evil	бедствие | нещастие
浦	ほ	うら	Bay | Creek | Inlet | Gulf | Beach | Seacoast	залив | крайбрежие
暮	ぼ	く.れる く.らす	Evening | Twilight | Season's End | Livelihood | Make A Living | Spend Time	здрач | преживявам | изкарвам прехраната си
替	たい	か.える か.え- か.わる	Exchange | Spare | Substitute | Per-	заменям | подмяна
析	せき		Chop | Divide | Tear | Analyze	анализирам | разделям
預	よ	あず.ける あず.かる	Deposit | Custody | Leave With | Entrust To	депозирам | поверявам
焼	しょう	や.く や.き や.き- -や.き や.ける	Bake | Burning	пека | изгарям
簡	かん けん	えら.ぶ ふだ	Simplicity | Brevity	прост | кратък
譲	じょう	ゆず.る	Defer | Turnover | Transfer | Convey	отстъпвам | прехвърлям (право, собственост)
称	しょう	たた.える とな.える あ.げる かな.う はか.り はか.る ほめ.る	Appellation | Praise | Admire | Name | Title | Fame	название | хваля | титла
肉	にく	しし	Meat	месо | плът
納	のう なっ な なん とう	おさ.める -おさ.める おさ.まる	Settlement | Obtain | Reap | Pay | Supply | Store	плащам (данък) | прибирам | доставям
樹	じゅ	き	Timber | Trees | Wood | Establish | Set Up	дърво | храст
挑	ちょう	いど.む	Challenge | Contend For | Make Love To	предизвиквам | съперничи
章	しょう		Badge | Chapter | Composition | Poem | Design	глава (на книга) | значка | орден
臓	ぞう	はらわた	Entrails | Viscera | Bowels	вътрешен орган
律	りつ りち れつ		Rhythm | Law | Regulation | Gauge | Control	закон | ритъм | правило
誘	ゆう	さそ.う いざな.う	Entice | Lead | Tempt | Invite | Ask | Call For | Seduce | Allure	подмамвам | подканвам | изкушавам
紛	ふん	まぎ.れる -まぎ.れ まぎ.らす まぎ.らわす まぎ.らわしい	Distract | Be Mistaken For | Go Astray | Divert	обърквам се | бъркам с нещо друго
貸	たい	か.す か.し- かし-	Lend	давам назаем
至	し	いた.る	Climax | Arrive | Proceed | Reach | Attain | Result In	достигам | стигам до | водя до
宗	しゅう そう	むね	Religion | Sect | Denomination | Main Point | Origin | Essence	религия | секта | същност
促	そく	うなが.す	Stimulate | Urge | Press | Demand | Incite	подтиквам | насърчавам
慎	しん	つつし.む つつ.ましい つつし つつし.み	Humility | Be Careful | Discreet | Prudent	предпазлив | скромен | сдържан
控	こう	ひか.える ひか.え	Withdraw | Draw In | Hold Back | Refrain From | Be Moderate	въздържам се | ограничавам | изчаквам
贈	ぞう そう	おく.る	Presents | Send | Give To | Award To | Confer On | Presenting Something	подарявам | връчвам | дарявам | дар
智	ち		Wisdom | Intellect | Reason	мъдрост | интелект | разум
握	あく	にぎ.る	Grip | Hold | Mould Sushi | Bribe	хващам | стискам | подкупвам
照	しょう	て.る て.らす て.れる	Illuminate | Shine | Compare | Bashful	осветявам | светя | сравнявам | срамежлив
宙	ちゅう		Mid-air | Air | Space | Sky | Memorization | Interval Of Time	космос | пространство | въздух | наизуст
酒	しゅ	さけ さか-	Sake | Alcohol	алкохол | саке | спиртно питие
俊	しゅん		Sagacious | Genius | Excellence	гениалност | проницателност | превъзходство
銭	せん ぜん	ぜに すき	Coin | .01 Yen | Money	пари | монета | сен (стотна от йена)
薄	はく	うす.い うす- -うす うす.める うす.まる うす.らぐ うす.ら- うす.れる すすき	Dilute | Thin | Weak (tea) | Pampas Grass	тънък | слаб | разреждам | избледнявам
堂	どう		Public Chamber | Hall	зала | храм | чертог
渋	じゅう しゅう	しぶ しぶ.い しぶ.る	Astringent | Hesitate | Reluctant | Have Diarrhea	стипчив | колебая се | неохотен
群	ぐん	む.れる む.れ むら むら.がる	Flock | Group | Crowd | Herd | Swarm | Cluster	група | стадо | тълпа | рояк
銃	じゅう	つつ	Gun | Arms	пушка | оръжие
悲	ひ	かな.しい かな.しむ	Grieve | Sad | Deplore | Regret	тъжен | скърбя | съжалявам
秒	びょう		Second (1/60 Minute)	секунда
操	そう さん	みさお あやつ.る	Maneuver | Manipulate | Operate | Steer | Chastity | Virginity | Fidelity	управлявам | манипулирам | целомъдрие | вярност
携	けい	たずさ.える たずさ.わる	Portable | Carry (in Hand) | Armed With | Bring Along	нося | преносим | придружавам
奥	おう	おく おく.まる くま	Heart | Interior	вътрешност | дълбочина | сърцевина
診	しん	み.る	Checkup | Seeing | Diagnose | Examine	преглеждам | диагностицирам | изследвам
詰	きつ きち	つ.める つ.め -づ.め つ.まる つ.む	Packed | Close | Pressed | Reprove | Rebuke | Blame	натъпквам | плътно опакован | укорявам
託	たく	かこつ.ける かこ.つ かこ.つける	Consign | Requesting | Entrusting With | Pretend | Hint	поверявам | възлагам | преструвам се
晴	せい	は.れる は.れ は.れ- -ば.れ は.らす	Clear Up	изяснявам се | ясно време
撮	さつ	と.る つま.む -ど.り	Snapshot | Take Pictures	снимам | правя снимка
誕	たん		Nativity | Be Born | Declension | Lie | Be Arbitrary	раждане | раждам се
侵	しん	おか.す	Encroach | Invade | Raid | Trespass | Violate	нахлувам | посегателствам | нарушавам
括	かつ	くく.る	Fasten | Tie Up | Arrest | Constrict	връзвам | обединявам | стягам
掛	かい けい	か.ける -か.ける か.け -か.け -が.け か.かる -か.かる -が.かる か.かり -が.かり かかり -がかり	Hang | Suspend | Depend | Arrive At | Tax | Pour	закачам | окачвам | завися
謝	しゃ	あやま.る	Apologize | Thank | Refuse	извинявам се | благодаря | отказвам
双	そう	ふた たぐい ならぶ ふたつ	Pair | Set | Comparison | Counter For Pairs	чифт | двойка | брояч за чифтове
孝	こう きょう		Filial Piety | Child's Respect	синовно уважение | почит към родителите
刺	し	さ.す さ.さる さ.し さし とげ	Thorn | Pierce | Stab | Prick | Sting | Calling Card	пробождам | бода | трън | визитка
到	とう	いた.る	Arrival | Proceed | Reach | Attain | Result In	пристигам | достигам
駆	く	か.ける か.る	Drive | Run | Gallop | Advance | Inspire | Impel	карам | препускам | подтиквам
寝	しん	ね.る ね.かす い.ぬ みたまや や.める	Lie Down | Sleep | Rest | Bed | Remain Unsold	спя | лягам си | легло
透	とう	す.く す.かす す.ける とう.る とう.す	Transparent | Permeate | Filter | Penetrate	прозрачен | прониквам | филтрирам
津	しん	つ	Haven | Port | Harbor | Ferry	пристанище | залив
壁	へき	かべ	Wall | Lining (stomach) | Fence	стена | преграда
稲	とう て	いね いな-	Rice Plant	оризова култура | ориз (растение)
仮	か け	かり かり-	Sham | Temporary | Interim | Assumed (name) | Informal	временен | предварителен | фиктивен
暗	あん	くら.い くら.む くれ.る	Darkness | Disappear | Shade | Informal | Grow Dark | Be Blinded	тъмен | мрачен | потаен
裂	れつ	さ.く さ.ける -ぎ.れ	Split | Rend | Tear	разкъсвам | разцепвам
敏	びん	さとい	Cleverness | Agile | Alert	сръчен | бърз | чувствителен
鳥	ちょう	とり	Bird | Chicken	птица | домашна птица
純	じゅん		Genuine | Purity | Innocence | Net (profit)	чист | невинност | нетна печалба
是	ぜ し	これ この ここ	Just So | This | Right | Justice	правилен | справедливост | това
飯	はん	めし	Meal | Boiled Rice	варен ориз | храна
排	はい		Repudiate | Exclude | Expel | Reject | Line Up | Arrange	изключвам | отхвърлям | подреждам
裕	ゆう		Abundant | Rich | Fertile	изобилен | богат | плодороден
堅	けん	かた.い -がた.い	Strict | Hard | Solid | Tough | Tight | Reliable	твърд | здрав | стабилен | надежден
訳	やく	わけ	Translate | Reason | Circumstance | Case	превод | причина | смисъл
盗	とう	ぬす.む ぬす.み	Steal | Rob | Pilfer	крада | ограбвам
芝	し	しば	Turf | Lawn	морава | трева
綱	こう	つな	Hawser | Class (genus) | Rope | Cord | Cable	въже | клас (биол.) | кабел
吸	きゅう	す.う	Suck | Imbibe | Inhale | Sip	смуча | вдишвам | поглъщам
典	てん でん		Code | Ceremony | Law | Rule	кодекс | церемония | класически труд
賀	が		Congratulations | Joy	поздравявам | радост
扱	そう きゅう	あつか.い あつか.う あつか.る こ.く	Handle | Entertain | Thresh | Strip	боравя (с нещо) | отнасям се (към някого) | третирам
顧	こ	かえり.みる	Look Back | Review | Examine Oneself | Turn Around	оглеждам се назад | преразглеждам | спомням си
弘	こう ぐ	ひろ.い	Vast | Broad | Wide	обширен | широк
看	かん	み.る	Watch Over | See	наблюдавам | грижа се | гледам
訟	しょう		Sue | Accuse	съдя се | завеждам дело
戒	かい	いまし.める	Commandment	заповед | предупреждавам | бдителност
祉	し		Welfare | Happiness	благоденствие | щастие
誉	よ	ほま.れ ほ.める	Reputation | Praise | Honor | Glory	чест | слава | хваля
歓	かん	よろこ.ぶ	Delight | Joy	радост | възторг
勉	べん	つと.める	Exertion | Endeavour | Encourage | Strive | Make Effort | Diligent	старание | усърдие | уча се
奏	そう	かな.でる	Play Music | Speak To A Ruler | Complete	свиря (музика) | изпълнявам
勧	かん けん	すす.める	Persuade | Recommend | Advise | Encourage | Offer	препоръчвам | убеждавам | насърчавам
騒	そう	さわ.ぐ うれい さわ.がしい	Boisterous | Make Noise | Clamor | Disturb | Excite	шумя | врява | безредие
翌	よく		The Following | Next	следващ
陽	よう	ひ	Sunshine | Yang Principle | Positive | Male | Heaven | Daytime	слънце | ян начало | положителен
閥	ばつ		Clique | Lineage | Pedigree | Faction | Clan	клика | фракция | род
甲	こう かん	きのえ	Armor | High (voice) | A Grade | First Class | Former | Instep | Carapace	броня | черупка | първи клас
快	かい	こころよ.い	Cheerful | Pleasant | Agreeable | Comfortable	приятен | весел | удобен
縄	じょう	なわ ただ.す	Straw Rope | Cord	въже (от слама) | връв
片	へん	かた- かた	One-sided | Leaf | Sheet | Right-side Kata Radical (no. 91)	фрагмент | част | едностранен
郷	きょう ごう	さと	Home Town | Village | Native Place | District	родно място | село | край
敬	けい きょう	うやま.う	Awe | Respect | Honor | Revere	уважение | почит | благоговение
揺	よう	ゆ.れる ゆ.る ゆ.らぐ ゆ.るぐ ゆ.する ゆ.さぶる ゆ.すぶる うご.く	Swing | Shake | Sway | Rock | Tremble | Vibrate	клатя | разлюлявам | треперя
免	めん	まぬか.れる まぬが.れる	Excuse | Dismissal	освобождавам (от задължение) | избягвам | уволнение
既	き	すで.に	Previously | Already | Long Ago	вече | отдавна
薦	せん	すす.める	Recommend | Mat | Advise | Encourage | Offer	препоръчвам | рогозка
隣	りん	とな.る となり	Neighboring	съсед | съседен
悩	のう	なや.む なや.ます なや.ましい なやみ	Trouble | Worry | In Pain | Distress | Illness	измъчвам се | тревожа се | страдание
華	か け	はな	Splendor | Flower | Petal | Shine | Luster | Ostentatious | Showy | Gay | Gorgeous	великолепие | цвете | блясък | Китай
泉	せん	いずみ	Spring | Fountain	извор | фонтан
御	ぎょ ご	おん- お- み-	Honorable | Manipulate | Govern	почетна представка | управлявам
範	はん		Pattern | Example | Model	модел | пример | образец
隠	いん おん	かく.す かく.し かく.れる かか.す よ.る	Conceal | Hide | Cover	крия | прикривам
冬	とう	ふゆ	Winter	зима
徳	とく		Benevolence | Virtue | Goodness | Commanding Respect	добродетел | нравственост
皮	ひ	かわ	Pelt | Skin | Hide | Leather | Skin Radical (no. 107)	кожа | кора | обелка
哲	てつ	さとい あきらか	Philosophy | Clear	философия | мъдрост
漁	ぎょ りょう	あさ.る	Fishing | Fishery	риболов | рибарство
杉	さん	すぎ	Cedar | Cryptomeria	японски кедър | криптомерия
里	り	さと	Ri | Village | Parent's Home | League	село | родно място | ри (мярка за дължина)
釈	しゃく せき	とく す.てる ゆる.す	Explanation	обяснение | тълкувание | освобождавам (от затвор)
己	こ き	おのれ つちのと な	Self	себе си | аз
荒	こう	あら.い あら- あ.れる あ.らす -あ.らし すさ.む	Laid Waste | Rough | Rude | Wild	див | груб | опустошавам
貯	ちょ	た.める たくわ.える	Savings | Store | Lay In | Keep | Wear Mustache	спестявам | съхранявам | склад
硬	こう	かた.い	Stiff | Hard	твърд | корав
妥	だ		Gentle | Peace | Depravity	компромис | съгласие | уместност
威	い	おど.す おど.し おど.かす	Intimidate | Dignity | Majesty | Menace | Threaten	достойнство | авторитет | заплаха | мощ
豪	ごう	えら.い	Overpowering | Great | Powerful | Excelling | Australia	мощен | величествен | разкошен | Австралия
熊	ゆう	くま	Bear	мечка
歯	し	よわい は よわ.い よわい.する	Tooth | Cog	зъб | зъбец
滞	たい てい	とどこお.る	Stagnate | Be Delayed | Overdue | Arrears	застой | забавяне | просрочка
微	び	かす.か	Delicate | Minuteness | Insignificance	незначителен | минимален | фин
隆	りゅう		Hump | High | Noble | Prosperity	разцвет | издигане | възход
埋	まい	う.める う.まる う.もれる うず.める うず.まる い.ける	Bury | Be Filled Up | Embedded	заравям | запълвам
症	しょう		Symptoms | Illness	симптом | болест
暫	ざん	しばら.く	Temporarily | A While | Moment | Long Time	временно | за момент | малко
忠	ちゅう		Loyalty | Fidelity | Faithfulness	вярност | лоялност
倉	そう	くら	Godown | Warehouse | Storehouse | Cellar | Treasury	склад | хранилище
昼	ちゅう	ひる	Daytime | Noon	ден | пладне
茶	ちゃ さ		Tea	чай
彦	げん	ひこ	Lad | Boy (ancient)	момче (в древността) | юноша
肝	かん	きも	Liver | Pluck | Nerve | Chutzpah	черен дроб | смелост | дързост
柱	ちゅう	はしら	Pillar | Post | Cylinder | Support	стълб | колона | опора
喚	かん	わめ.く	Yell | Cry | Call | Scream | Summon	крещя | викам | призовавам
沿	えん	そ.う -ぞ.い	Run Alongside | Follow Along | Run Along | Lie Along	покрай | по протежение на
妙	みょう びょう	たえ	Exquisite | Strange | Queer | Mystery | Miracle | Excellent | Delicate | Charming	странен | изящен | изкусен
唱	しょう	とな.える	Chant | Recite | Call Upon | Yell	пея | рецитирам | провъзгласявам
祭	さい	まつ.る まつ.り まつり	Ritual | Offer Prayers | Celebrate | Deify | Enshrine | Worship	празник | фестивал | ритуал
袋	たい だい	ふくろ	Sack | Bag | Pouch	торба | плик | чувал
阿	あ お	おもね.る くま	Africa | Flatter | Fawn Upon | Corner | Nook | Recess	ъгъл | ласкателство | Африка (съкратено)
索	さく		Cord | Rope | Searching | Inquiring	въже | търсене | издирване
誠	せい	まこと	Sincerity | Admonish | Warn | Prohibit | Truth | Fidelity	искреност | истина | вярност
忘	ぼう	わす.れる	Forget	забравям
襲	しゅう	おそ.う かさ.ね	Attack | Advance On | Succeed To | Pile | Heap	нападам | връхлитам | наследявам (пост, титла)
雪	せつ	ゆき	Snow	сняг
筆	ひつ	ふで	Writing Brush | Writing | Painting Brush | Handwriting	четка за писане | писане | почерк
吹	すい	ふ.く	Blow | Breathe | Puff | Emit | Smoke	духам | вея
訓	くん きん	おし.える よ.む くん.ずる	Instruction | Japanese Character Reading | Explanation | Read	наставление | поука | кун (японско четене на йероглиф)
懇	こん	ねんご.ろ	Sociable | Kind | Courteous | Hospitable | Cordial	сърдечен | любезен | гостоприемен
浴	よく	あ.びる あ.びせる	Bathe | Be Favored With | Bask In	къпя се | обливам се
俳	はい		Haiku | Actor	хайку | актьор
童	どう	わらべ	Juvenile | Child	дете | малолетен
宝	ほう	たから	Treasure | Wealth | Valuables	съкровище | богатство
柄	へい	がら え つか	Design | Pattern | Build | Nature | Character | Handle | Crank | Grip | Knob | Shaft	шарка | дръжка | характер (на човек)
驚	きょう	おどろ.く おどろ.かす	Wonder | Be Surprised | Frightened | Amazed	изненада | почуда | уплаха
麻	ま まあ	あさ	Hemp | Flax | Numb	коноп | лен | изтръпвам
封	ふう ほう		Seal | Closing	печат | запечатвам
胸	きょう	むね むな-	Bosom | Breast | Chest | Heart | Feelings	гърди | гръден кош | сърце (душевно)
娘	じょう	むすめ こ	Daughter | Girl	дъщеря | момиче
砂	さ しゃ	すな	Sand	пясък
李	り	すもも	Plum	слива
塩	えん	しお	Salt	сол
浩	こう	おおき.い ひろ.い	Wide Expanse | Abundance | Vigorous	обширен | изобилен | жизнен
誤	ご	あやま.る -あやま.る	Mistake | Err | Do Wrong | Mislead	грешка | греша
剤	ざい すい せい	かる けず.る	Dose | Medicine | Drug	препарат | лекарствено средство | доза
瀬	らい	せ	Rapids | Current | Torrent | Shallows | Shoal	бързей | плитчина | теснина (пролив)
趣	しゅ	おもむき おもむ.く	Purport | Gist | Elegance | Interest | Proceed To | Tend | Become	очарование | смисъл | вкус (стил)
陥	かん	おちい.る おとしい.れる	Collapse | Fall Into | Cave In | Fall (castle) | Slide Into	пропадам | срутвам се | изпадам (в беда)
斎	さい	とき つつし.む ものいみ い.む いわ.う いつ.く	Purification | Buddhist Food | Room | Worship | Avoid | Alike	пречистване | стая (кабинет) | обред
貫	かん	つらぬ.く ぬ.く ぬき	Pierce | 8 1/3lbs | Penetrate | Brace	пронизвам | прониквам | кан (стара мерна единица за тегло)
仙	せん せんと		Hermit | Wizard | Cent	отшелник | мъдрец-магьосник | цент
慰	い	なぐさ.める なぐさ.む	Consolation | Amusement | Seduce | Cheer | Make Sport Of | Comfort | Console	утешавам | успокоявам
賢	けん	かしこ.い	Intelligent | Wise | Wisdom | Cleverness	мъдър | умен
序	じょ	つい.で ついで	Preface | Beginning | Order | Precedence | Occasion | Chance | Incidentally	предговор | ред (последователност) | начало
弟	てい だい で	おとうと	Younger Brother | Faithful Service To Elders	по-малък брат
旬	じゅん しゅん		Decameron | Ten-day Period | Season (for Specific Products)	десетдневие | сезон (на продукт)
腕	わん	うで	Arm | Ability | Talent	ръка (мишница) | умение | способност
兼	けん	か.ねる -か.ねる	Concurrently | And | Beforehand | In Advance	едновременно | съвместявам | заедно с
聖	せい しょう	ひじり	Holy | Saint | Sage | Master | Priest	свят | светец | мъдрец
旨	し	むね うま.い	Delicious | Relish | Show A Liking For | Purport | Will | Clever | Expert	смисъл | цел | вкусен
即	そく	つ.く つ.ける すなわ.ち	Instant | Namely | As Is | Conform | Agree | Adapt	незабавен | тоест | съобразявам се
洗	せん	あら.う	Wash | Inquire Into | Probe	мия | изпирам
柳	りゅう	やなぎ	Willow	върба
舎	しゃ せき	やど.る	Cottage | Inn | Hut | House | Mansion	сграда | жилище | барака
偽	ぎ か	いつわ.る にせ いつわ.り	Falsehood | Lie | Deceive | Pretend | Counterfeit | Forgery	лъжа | фалшив | подправям
較	かく こう	くら.べる	Contrast | Compare	сравнявам | съпоставям
覇	は はく	はたがしら	Hegemony | Supremacy | Leadership | Champion	хегемония | надмощие | шампион
兆	ちょう	きざ.す きざ.し	Portent | 10**12 | Trillion | Sign | Omen | Symptoms	знамение | трилион | признак
床	しょう	とこ ゆか	Bed | Counter For Beds | Floor | Padding | Tatami	легло | под
畑		はた はたけ -ばたけ	Farm | Field | Garden | One's Specialty | (kokuji)	нива | обработваема земя | област на специализация
慣	かん	な.れる な.らす	Accustomed | Get Used To | Become Experienced	привиквам | навик
詳	しょう	くわ.しい つまび.らか	Detailed | Full | Minute | Accurate | Well-informed	подробен | точен
毛	もう	け	Fur | Hair | Feather | Down	косъм | козина | перо
緑	りょく ろく	みどり	Green	зелен
尊	そん	たっと.い とうと.い たっと.ぶ とうと.ぶ	Revered | Valuable | Precious | Noble | Exalted	почитам | ценен | благороден
抵	てい		Resist | Reach | Touch	съпротивлявам се | достигам
脅	きょう	おびや.かす おど.す おど.かす	Threaten | Coerce	заплашвам | принуждавам
祝	しゅく しゅう	いわ.う	Celebrate | Congratulate	празнувам | поздравявам
礼	れい らい		Salute | Bow | Ceremony | Thanks | Remuneration	благодарност | етикет | поклон
窓	そう す	まど てんまど けむだし	Window | Pane	прозорец
柔	じゅう にゅう	やわ.らか やわ.らかい やわ やわ.ら	Tender | Weakness | Gentleness | Softness	мек | нежен | гъвкав
茂	も	しげ.る	Overgrown | Grow Thick | Be Luxuriant	буен (растителност) | гъст
犠	ぎ き	いけにえ	Sacrifice	жертва
旗	き	はた	National Flag | Banner | Standard	знаме | флаг
距	きょ	へだ.たる けづめ	Long-distance | Spur | Fetlock	разстояние | шпора (на птица)
雅	が	みや.び	Gracious | Elegant | Graceful | Refined	изящен | елегантен | изтънчен
飾	しょく	かざ.る かざ.り	Decorate | Ornament | Adorn | Embellish	украсявам | орнамент
網	もう	あみ	Netting | Network	мрежа
竜	りゅう りょう ろう	たつ いせ	Dragon | Imperial	дракон | императорски
詩	し	うた	Poem | Poetry	поема | поезия
昔	せき しゃく	むかし	Once Upon A Time | Antiquity | Old Times	едно време | древност
繁	はん	しげ.る しげ.く	Luxuriant | Thick | Overgrown | Frequency | Complexity | Trouble	буен | често срещан | сложен
殿	でん てん	との -どの	Mr. | Hall | Mansion | Palace | Temple | Lord	дворец | зала | господар | почтително обръщение
濃	のう	こ.い	Concentrated | Thick | Dark | Undiluted	гъст | наситен (цвят)
翼	よく	つばさ	Wing | Plane | Flank	крило | фланг | крило (на самолет)
牛	ぎゅう	うし	Cow	говедо | крава | вол
茨	し じ	いばら かや くさぶき	Briar | Thorn	трън | къпинов храст
潟	せき	かた -がた	Lagoon	лагуна | крайбрежна плитчина
敵	てき	かたき あだ かな.う	Enemy | Foe | Opponent	враг | противник | неприятел
魅	み		Fascination | Charm | Bewitch	очарование | чар | омагьосвам
嫌	けん げん	きら.う きら.い いや	Dislike | Detest | Hate	неприязън | омраза | неприятен
魚	ぎょ	うお さかな -ざかな	Fish	риба
斉	せい さい	そろ.う ひと.しい ひと.しく あたる はやい	Adjusted | Alike | Equal | Similar Variety Of	еднакъв | изравнен | едновременен
液	えき		Fluid | Liquid | Juice | Sap | Secretion	течност | сок | секрет
貧	ひん びん	まず.しい	Poverty | Poor	беден | бедност
敷	ふ	し.く -し.き	Spread | Pave | Sit | Promulgate	постилам | разстилам | място, участък
擁	よう		Hug | Embrace | Possess | Protect | Lead	прегръщам | притежавам | защитавам
衣	い え	ころも きぬ -ぎ	Garment | Clothes | Dressing	дреха | облекло
肩	けん	かた	Shoulder	рамо
圏	けん	かこ.い	Sphere | Circle | Radius | Range	сфера | зона | кръг
零	れい	ぜろ こぼ.す こぼ.れる	Zero | Spill | Overflow | Nothing | Cipher	нула | нищо
酸	さん	す.い	Acid | Bitterness | Sour | Tart	киселина | кисел
兄	けい きょう	あに	Elder Brother | Big Brother	по-голям брат
罰	ばつ ばち はつ	ばっ.する	Penalty | Punishment	наказание | глоба
怒	ど ぬ	いか.る おこ.る	Angry | Be Offended	гняв | ядосвам се
滅	めつ	ほろ.びる ほろ.ぶ ほろ.ぼす	Destroy | Ruin | Overthrow | Perish	унищожавам | гибел | изчезвам
泳	えい	およ.ぐ	Swim	плувам
礎	そ	いしずえ	Cornerstone | Foundation Stone	основен камък | основа
腐	ふ	くさ.る -くさ.る くさ.れる くさ.れ くさ.らす くさ.す	Rot | Decay | Sour	гния | разваля се | вкисвам се
祖	そ		Ancestor | Pioneer | Founder	прародител | предшественик | основоположник
幼	よう	おさな.い	Infancy | Childhood	невръстен | детски | малолетен
脚	きゃく きゃ かく	あし	Skids | Leg | Undercarriage | Lower Part | Base	крак | долна част | основа
荷	か	に	Baggage | Shoulder-pole Load | Bear (a Burden) | Shoulder (a Gun) | Load | Cargo | Freight	товар | багаж | стока
潮	ちょう	しお うしお	Tide | Salt Water | Opportunity	прилив | морска вода | тенденция
梅	ばい	うめ	Plum	японска слива | слива
泊	はく	と.まる と.める	Overnight Stay | Put Up At | Ride At Anchor	нощувка | отсядам | хвърлям котва
尽	じん さん	つ.くす -つ.くす -づ.くし -つ.く -づ.く -ず.く つ.きる つ.かす さかづき ことごと.く つか つき	Exhaust | Use Up | Run Out Of | Deplete | Befriend | Serve	изчерпвам | изразходвам докрай
杯	はい	さかずき	Counter For Cupfuls | Wine Glass | Glass | Toast	чаша | брояч за чаши (напитка) | купа (награда)
僕	ぼく	しもべ	Me | I (male) | Servant | Manservant	аз (мъжка реч) | слуга
桜	おう よう	さくら	Cherry	японска череша (сакура) | черешов цвят
滑	かつ こつ	すべ.る なめ.らか	Slippery | Slide | Slip | Flunk	хлъзгав | плъзгам се | приплъзвам
孤	こ		Orphan | Alone	сирак | самотен
黄	こう おう	き こ-	Yellow	жълт
炎	えん	ほのお	Inflammation | Flame | Blaze	възпаление | пламък | огън
賠	ばい		Compensation | Indemnify	обезщетение | компенсация
句	く		Phrase | Clause | Sentence | Passage | Paragraph | Counter For Haiku	фраза | хайку | стих
寿	じゅ す しゅう	ことぶき ことぶ.く ことほ.ぐ	Longevity | Congratulations | One's Natural Life	дълголетие | поздравления
鋼	こう	はがね	Steel	стомана
頑	がん	かたく	Stubborn | Foolish | Firmly	упорит | твърдоглав
甘	かん	あま.い あま.える あま.やかす うま.い	Sweet | Coax | Pamper | Be Content | Sugary	сладък | глезя | снизходителен
臣	しん じん		Retainer | Subject	васал | поданик | министър
鎖	さ	くさり とざ.す	Chain | Irons | Connection	верига | затварям
彩	さい	いろど.る	Coloring | Paint | Makeup	цвят | оцветявам | багри
摩	ま	ま.する さす.る す.る	Chafe | Rub | Polish | Grind | Scrape	търкане | трия | полирам
浅	せん	あさ.い	Shallow | Superficial | Frivolous | Wretched | Shameful	плитък | повърхностен
励	れい	はげ.む はげ.ます	Encourage | Be Diligent | Inspire	насърчавам | старая се
掃	そう しゅ	は.く	Sweep | Brush	мета | чистя
雲	うん	くも -ぐも	Cloud	облак
掘	くつ	ほ.る	Dig | Delve | Excavate	копая | разкопавам
縦	じゅう	たて	Vertical | Length | Height | Self-indulgent | Wayward	вертикален | дължина
輝	き	かがや.く	Radiance | Shine | Sparkle | Gleam | Twinkle	блясък | сияя | искря
蓄	ちく	たくわ.える	Amass | Raise | Hoard | Store	натрупвам | спестявам | складирам
軸	じく		Axis | Pivot | Stem | Stalk | Counter For Book Scrolls	ос | стъбло | брояч за свитъци
巡	じゅん	めぐ.る めぐ.り	Patrol | Go Around | Circumference	патрулирам | обикалям
疲	ひ	つか.れる -づか.れ つか.らす	Exhausted | Tire | Weary	изморен | уморявам се
稼	か	かせ.ぐ	Earnings | Work | Earn Money	печеля пари | изкарвам прехраната
瞬	しゅん	またた.く まじろ.ぐ	Wink | Blink | Twinkle	миг | мигам | трепвам
捨	しゃ	す.てる	Discard | Throw Away | Abandon | Resign | Reject | Sacrifice	изхвърлям | изоставям | отказвам се от
皆	かい	みな みんな	All | Everything	всички | всичко
砲	ほう		Cannon | Gun	оръдие | топ
軟	なん	やわ.らか やわ.らかい	Soft	мек
噴	ふん	ふ.く	Erupt | Spout | Emit | Flush Out	изригвам | бликам | изхвърлям струя
沈	ちん じん	しず.む しず.める	Sink | Be Submerged | Subside | Be Depressed | Aloes	потъвам | спускам се | унил
誇	こ	ほこ.る	Boast | Be Proud | Pride | Triumphantly	гордея се | хваля се
祥	しょう	さいわ.い きざ.し よ.い つまび.らか	Auspicious | Happiness | Blessedness | Good Omen | Good Fortune	благоприятен | добра поличба
牲	せい		Animal Sacrifice | Offering	жертва (животно) | жертвоприношение
秩	ちつ		Regularity | Salary | Order	ред | порядък
帝	てい	みかど	Sovereign | The Emperor | God | Creator	император | владетел
宏	こう	ひろ.い	Wide | Large	широк | обширен
唆	さ	そそ.る そそのか.す	Tempt | Seduce | Instigate | Promote	подстрекавам | подбуждам
鳴	めい	な.く な.る な.らす	Chirp | Cry | Bark | Sound | Ring | Echo | Honk	издавам звук (за животно) | звъня | крещя
阻	そ	はば.む	Thwart | Separate From | Prevent | Obstruct | Deter | Impede	преча | възпрепятствам
泰	たい		Peaceful | Calm | Peace | Easy | Thailand | Extreme | Excessive | Great	спокоен | мир | Тайланд
賄	わい	まかな.う	Bribe | Board | Supply | Finance	подкуп | снабдявам
撲	ぼく		Slap | Strike | Hit | Beat | Tell | Speak	удрям | бия
凍	とう	こお.る こご.える こご.る い.てる し.みる	Frozen | Congeal | Refrigerate	замръзвам | заледявам
堀	くつ	ほり	Ditch | Moat | Canal	ров | канал
腹	ふく	はら	Abdomen | Belly | Stomach	корем | стомах | душа (прен.)
菊	きく		Chrysanthemum	хризантема
絞	こう	しぼ.る し.める し.まる	Strangle | Constrict | Wring	удушавам | изстисквам | стягам
乳	にゅう	ちち ち	Milk | Breasts	мляко | гърди
煙	えん	けむ.る けむり けむ.い	Smoke	дим
縁	えん -ねん	ふち ふちど.る ゆかり よすが へり えにし	Affinity | Relation | Connection | Edge | Border | Verge | Brink	връзка | съдбовна обвързаност | ръб
唯	ゆい い	ただ	Solely | Only | Merely | Simply	единствено | само
膨	ぼう	ふく.らむ ふく.れる	Swell | Get Fat | Thick	подувам се | разширявам се
矢	し	や	Dart | Arrow	стрела
耐	たい	た.える	-proof | Enduring	издръжлив | устойчив
恋	れん	こ.う こい こい.しい	Romance | In Love | Yearn For | Miss | Darling	любов (романтична) | любим
塾	じゅく		Cram School | Private School	частно училище | школа за подготовка
漏	ろう	も.る も.れる も.らす	Leak | Escape | Time	изтичам (за течност) | процеждам се | разкривам (тайна)
紅	こう く	べに くれない あか.い	Crimson | Deep Red	тъмночервен | аленочервен | руж
慶	けい	よろこ.び	Jubilation | Congratulate | Rejoice | Be Happy	радост | поздравление
猛	もう		Fierce | Rave | Rush | Become Furious | Wildness | Strength	свиреп | яростен | буен
芳	ほう	かんば.しい	Perfume | Balmy | Favorable | Fragrant	ароматен | благоуханен
懲	ちょう	こ.りる こ.らす こ.らしめる	Penal | Chastise | Punish | Discipline	наказание | наказвам | дисциплинирам
郊	こう		Outskirts | Suburbs | Rural Area	предградие | покрайнини
剣	けん	つるぎ	Sabre | Sword | Blade | Clock Hand	меч | сабя | стрелка на часовник
腰	よう	こし	Loins | Hips | Waist | Low Wainscoting	кръст | таз | ханш
炭	たん	すみ	Charcoal | Coal	въглища | дървени въглища
踊	よう	おど.る	Jump | Dance | Leap | Skip	танц | танцувам
彰	しょう		Patent | Clear	изявявам | отличавам | прославям
棋	き	ご	Chess Piece | Japanese Chess | Shogi	шоги | японски шах | фигура за игра
丁	ちょう てい ちん とう ち	ひのと	Street | Ward | Town | Counter For Guns, Tools, Leaves Or Cakes Of Something | Even Number | 4th Calendar Sign	градски квартал | брояч за различни предмети | четен номер
冊	さつ さく	ふみ	Tome | Counter For Books | Volume	брояч за книги | том
恒	こう	つね つねに	Constancy | Always	постоянство | неизменност | винаги
眠	みん	ねむ.る ねむ.い	Sleep | Die | Sleepy	сън | спя | сънлив
揚	よう	あ.げる -あ.げ あ.がる	Raise | Elevate | Hoist | Praise | Extol | Fry In Deep Fat	повдигам | издигам | възхвалявам | пържа в дълбока мазнина
冒	ぼう	おか.す	Risk | Face | Defy | Dare | Damage | Assume (a Name)	рискувам | дръзвам | оскверня
之	し	の これ ゆく この	Of | This	(частица, показваща притежание) | това
勇	ゆう	いさ.む	Courage | Cheer Up | Be In High Spirits | Bravery | Heroism	смелост | храброст | кураж
曽	そう そ ぞう	かつ かつて すなわち	Formerly | Once | Before | Ever | Never | Ex-	някога | преди | бивш
械	かい	かせ	Contraption | Fetter | Machine | Instrument	машина | механизъм | уред
倫	りん		Ethics | Companion	етика | морал | другар
陳	ちん	ひ.ねる	Exhibit | State | Relate | Explain	излагам | заявявам | обяснявам
憶	おく		Recollection | Think | Remember	спомен | помня | мисля
怖	ふ ほ	こわ.い こわ.がる お.じる おそ.れる	Dreadful | Be Frightened | Fearful	страшен | плаша се | страх
犬	けん	いぬ いぬ-	Dog	куче
菜	さい	な	Vegetable | Side Dish | Greens	зеленчук | гарнитура | зелен
耳	じ	みみ	Ear	ухо
潜	せん	ひそ.む もぐ.る かく.れる くぐ.る ひそ.める	Submerge | Conceal | Hide | Lower (voice) | Hush	потапям се | скривам се | спотайвам се
珍	ちん	めずら.しい たから	Rare | Curious | Strange	рядък | необичаен | странен
梨	り	なし	Pear Tree	крушово дърво | круша
仁	じん に にん		Humanity | Virtue | Benevolence | Charity | Man | Kernel	човеколюбие | добродетел | милосърдие
克	こく	か.つ	Overcome | Kindly | Skillfully	преодолявам | побеждавам | умело
岳	がく	たけ	Point | Peak | Mountain	връх | планина
概	がい	おおむ.ね	Outline | Condition | Approximation | Generally	общ | приблизителен | очертание
拘	こう	かか.わる	Arrest | Seize | Concerned | Adhere To | Despite	арестувам | задържам | придържам се
墓	ぼ	はか	Grave | Tomb	гроб | гробница
黙	もく ぼく	だま.る もだ.す	Silence | Become Silent | Stop Speaking | Leave As Is	мълчание | мълча | замълчавам
須	す しゅ	すべから.く すべし ひげ まつ もち.いる もと.める	Ought | By All Means | Necessarily	непременно | задължително | трябва
偏	へん	かたよ.る	Partial | Side | Left-side Radical | Inclining | Biased	едностранчив | пристрастен | наклонен
雰	ふん		Atmosphere | Fog	атмосфера | мъгла
卵	らん	たまご	Egg | Ovum | Spawn | Roe	яйце | хайвер
遇	ぐう	あ.う	Meet | Encounter | Interview | Treat | Entertain | Receive | Deal With	отнасям се към | посрещам | среща
湖	こ	みずうみ	Lake	езеро
諮	し	はか.る	Consult With	съветвам се | консултирам се
狭	きょう こう	せま.い せば.める せば.まる さ	Cramped | Narrow | Contract | Tight	тесен | стеснен | притеснен
喫	きつ	の.む	Consume | Eat | Drink | Smoke | Receive (a Blow)	консумирам | пуша | пия
卓	たく		Eminent | Table | Desk | High	маса | бюро | изтъкнат
干	かん	ほ.す ほ.し- -ぼ.し ひ.る	Dry | Parch | Ebb | Recede | Interfere | Intercede	сух | изсушавам | намесвам се
頂	ちょう	いただ.く いただき	Place On The Head | Receive | Top Of Head | Top | Summit | Peak	връх | получавам смирено | теме
虫	ちゅう き	むし	Insect | Bug | Temper	насекомо | буболечка
刷	さつ	す.る -ず.り -ずり は.く	Printing | Print | Brush	печат | печатам | четка
亀	き きゅう きん	かめ	Tortoise | Turtle	костенурка
糧	りょう ろう	かて	Provisions | Food | Bread	провизии | храна | прехрана
湯	とう	ゆ	Hot Water | Bath | Hot Spring	гореща вода | баня | топъл извор
箱	そう	はこ	Box | Chest | Case | Bin | Railway Car	кутия | сандък | вагон
簿	ぼ		Register | Record Book	регистър | тефтер
炉	ろ	いろり	Hearth | Furnace | Kiln | Reactor	огнище | пещ | реактор
牧	ぼく	まき	Breed | Care For | Shepherd | Feed | Pasture	пасище | паса | отглеждам добитък
殊	しゅ	こと	Particularly | Especially | Exceptionally	особено | изключително | специално
殖	しょく	ふ.える ふ.やす	Augment | Increase | Multiply | Raise	увеличавам | размножавам се | нараствам
艦	かん		Warship	военен кораб
溶	よう	と.ける と.かす と.く	Melt | Dissolve | Thaw	разтварям | топя | разтопявам се
輩	はい	-ばら やから やかい ともがら	Comrade | Fellow | People | Companions	другар | колега | връстник
穴	けつ	あな	Hole | Aperture | Slit | Cave | Den	дупка | пещера | отвор
奇	き	く.しき あや.しい くし めずら.しい	Strange | Strangeness | Curiosity	странен | необичаен | любопитство
慢	まん		Ridicule | Laziness	немарливост | високомерие | хроничен
鶴	かく	つる	Crane | Stork	жерав | щъркел
謀	ぼう む	はか.る たばか.る はかりごと	Conspire | Cheat | Impose On | Plan | Devise | Scheme | Have In Mind | Deceive	заговор | интрига | план | измама
暖	だん のん	あたた.か あたた.かい あたた.まる あたた.める	Warmth	топлина | топъл
昌	しょう	さかん	Prosperous | Bright | Clear	процъфтяващ | блестящ | ясен
拍	はく ひょう		Clap | Beat (music)	пляскам | такт | ритъм
朗	ろう	ほが.らか あき.らか	Melodious | Clear | Bright | Serene | Cheerful	весел | ясен | жизнерадостен
丈	じょう	たけ だけ	Length | Ten Shaku | Measure | Mr. | Ms. | Height | Stature | All (one Has) | Only | That's All | Merely	дължина | височина | мярка | само
鉱	こう	あらがね	Mineral | Ore	руда | минерал
寛	かん	くつろ.ぐ ひろ.い ゆる.やか	Tolerant | Leniency | Generosity | Relax | Feel At Home | Be At Ease | Broadminded	толерантност | великодушие | отпускам се
覆	ふく	おお.う くつがえ.す くつがえ.る	Capsize | Cover | Shade | Mantle | Be Ruined	покривам | преобръщам | рухвам
胞	ほう		Placenta | Sac | Sheath	плацента | торбичка | обвивка
泣	きゅう	な.く	Cry | Weep | Moan	плача | ридая
涙	るい れい	なみだ	Tears | Sympathy	сълза | състрадание
隔	かく	へだ.てる へだ.たる	Isolate | Alternate | Distance | Separate | Gulf	отделям | изолирам | разстояние | редувам се
浄	じょう せい	きよ.める きよ.い	Clean | Purify | Cleanse | Exorcise | Manchu Dynasty	чист | пречиствам | прочиствам
匹	ひつ	ひき	Equal | Head | Counter For Small Animals | Roll Of Cloth	брояч за малки животни | равен | топ плат
没	ぼつ もつ	おぼ.れる しず.む ない	Drown | Sink | Hide | Fall Into | Disappear | Die	потъвам | давя се | изчезвам | умирам
暇	か	ひま いとま	Spare Time | Rest | Leisure | Time | Leave Of Absence	свободно време | отдих | отпуск
肺	はい		Lungs	бял дроб
孫	そん	まご	Grandchild | Descendants	внук | потомък
貞	てい	さだ	Upright | Chastity | Constancy | Righteousness	целомъдрие | непорочност | постоянство
靖	せい じょう	やす.んじる	Peaceful	спокоен | мирен
鑑	かん	かんが.みる かがみ	Specimen | Take Warning From | Learn From	образец | поука | оценявам
飼	し	か.う	Domesticate | Raise | Keep | Feed	отглеждам животно | храня
陰	いん	かげ かげ.る	Shade | Yin | Negative | Sex Organs | Secret | Shadow	сянка | ин (женското начало) | таен | полови органи
銘	めい		Inscription | Signature (of Artisan)	надпис | гравюра | подпис на майстор
鋭	えい	するど.い	Pointed | Sharpness | Edge | Weapon | Sharp | Violent	остър | проницателен
随	ずい	まにま.に したが.う	Follow | Though | Notwithstanding | While | During | Both | All | Obey | Submit To | Comply | At The Mercy Of (the Waves)	следвам | подчинявам се | въпреки че
烈	れつ	はげ.しい	Ardent | Violent | Vehement | Furious | Severe | Extreme	яростен | силен | жесток | пламенен
尋	じん	たず.ねる ひろ	Inquire | Fathom | Look For	разпитвам | издирвам | проучвам
稿	こう	わら したがき	Draft | Copy | Manuscript | Straw	чернова | ръкопис | слама
枝	し	えだ	Bough | Branch | Twig | Limb | Counter For Branches	клон | клонка
丹	たん	に	Rust-colored | Red | Red Lead | Pills | Sincerity	червен | искреност | хапче
啓	けい	ひら.く さと.す	Disclose | Open | Say	разкривам | просвещавам | казвам
也	や え	なり か また	To Be (classical)	(класическа частица за "е, съм")
丘	きゅう	おか	Hill | Knoll	хълм | могила
棟	とう	むね むな-	Ridgepole | Ridge	било (на покрив) | корпус (на сграда) | брояч за сгради
壌	じょう	つち	Lot | Earth | Soil	почва | земя
漫	まん	みだり.に そぞ.ろ	Cartoon | Involuntarily | Unrestrained | In Spite Of Oneself | Corrupt	комикс, карикатура | безразборен | неволен
玄	げん	くろ くろ.い	Mysterious | Occultness | Black | Deep | Profound	мистериозен, тайнствен | черен | дълбок, съкровен
粘	ねん	ねば.る	Sticky | Glutinous | Greasy | Persevere	лепкав, лепя се | упорит, издръжлив
悟	ご	さと.る	Enlightenment | Perceive | Discern | Realize | Understand	просветление | осъзнавам, разбирам
舗	ほ		Shop | Store | Pave	магазин | настилам (път)
妊	にん じん	はら.む みごも.る	Pregnancy	бременност
塗	と	ぬ.る ぬ.り まみ.れる	Paint | Plaster | Daub | Smear | Coating	боядисвам, мажа с боя | мазилка, покритие
熟	じゅく	う.れる	Mellow | Ripen | Mature | Acquire Skill	зрея, узрявам | умение, майсторство
軒	けん	のき	Flats | Counter For Houses | Eaves	стряха | брояч за къщи
旭	きょく	あさひ	Rising Sun | Morning Sun	изгряващо слънце | утринно слънце
恩	おん		Grace | Kindness | Goodness | Favor | Mercy | Blessing | Benefit	благодат, милост | услуга, добрина | дълг на благодарност
毒	どく		Poison | Virus | Venom | Germ | Harm | Injury | Spite	отрова | вреда
騰	とう	あが.る のぼ.る	Leaping Up | Jumping Up | Rising | Advancing | Going	покачвам се, скачам нагоре (за цени)
往	おう	い.く いにしえ さき.に ゆ.く	Journey | Travel | Chase Away | Let Go | Going | Before | Formerly	отивам, пътувам | минало, някога
豆	とう ず	まめ まめ-	Beans | Pea | Midget	боб, зърно | миниатюрен
遂	すい	と.げる つい.に	Consummate | Accomplish | Attain | Commit (suicide)	постигам, осъществявам | накрая
晩	ばん		Nightfall | Night	вечер
狂	きょう	くる.う くる.おしい くるお.しい	Lunatic | Insane | Crazy | Confuse	луд, полудявам
叫	きょう	さけ.ぶ	Shout | Exclaim | Yell	викам, крещя
栃		とち	Horse Chestnut | (kokuji)	конски кестен
岐	き ぎ		Branch Off | Fork In Road | Scene | Arena | Theater	разклонявам се | кръстопът
陛	へい		Highness | Steps (of Throne)	височество (обръщение към императора) | стъпала на трона
緯	い	よこいと ぬき	Horizontal | Woof | Left & Right | (parallels Of) Latitude | Prediction	ширина (географска) | вътък (в тъкане)
培	ばい	つちか.う	Cultivate | Foster	отглеждам, култивирам | възпитавам
衰	すい	おとろ.える	Decline | Wane | Weaken	отслабвам, западам
艇	てい		Rowboat | Small Boat	лодка, катер
屈	くつ	かが.む かが.める	Yield | Bend | Flinch | Submit	огъвам се | отстъпвам, покорявам се
径	けい	みち こみち さしわたし ただちに	Diameter | Path | Method	диаметър | пътека
淡	たん	あわ.い	Thin | Faint | Pale | Fleeting	блед, слаб (на цвят, вкус) | прясна вода | мимолетен
抽	ちゅう	ひき-	Pluck | Pull | Extract | Excel	извличам, изваждам | жребий, лотария
披	ひ		Expose | Open	разкривам, обявявам
廷	てい		Courts | Imperial Court | Government Office	съд | императорски двор
錦	きん	にしき	Brocade | Fine Dress | Honors	брокат
准	じゅん		Quasi- | Semi- | Associate	квази-, полу- | заместник, асоцииран
暑	しょ	あつ.い	Sultry | Hot | Summer Heat	летен зной, горещина
拝	はい	おが.む おろが.む	Worship | Adore | Pray To	покланям се, боготворя | смирено (учтива представка)
磯	き	いそ	Seashore | Beach	скалист бряг
奨	しょう そう	すす.める	Exhort | Urge | Encourage	насърчавам, поощрявам
妹	まい	いもうと	Younger Sister	по-малка сестра
浸	しん	ひた.す ひた.る つ.かる	Immersed | Soak | Dip | Steep | Moisten | Wet | Dunk	потапям | накисвам
剰	じょう	あまつさえ あま.り あま.る	Surplus | Besides	излишък | освен това
胆	たん	きも	Gall Bladder | Courage | Pluck | Nerve	жлъчен мехур | смелост
氷	ひょう	こおり ひ こお.る	Icicle | Ice | Hail | Freeze | Congeal	лед
繊	せん		Slender | Fine | Thin Kimono	тънък, фин | влакно
駒	く	こま	Pony | Horse | Colt	жребче, кон | фигура (в шоги, шах)
乾	かん けん	かわ.く かわ.かす ほ.す ひ.る いぬい	Drought | Dry | Dessicate | Drink Up | Heaven | Emperor	сух, изсъхвам
虚	きょ こ	むな.しい うつ.ろ	Void | Emptiness | Unpreparedness | Crack | Fissure | Untruth	празнота, суета | лъжа, измислица
棒	ぼう		Rod | Stick | Cane | Pole | Club | Line	пръчка, прът
寒	かん	さむ.い	Cold	студ, студен
霊	れい りょう	たま	Spirits | Soul	дух, душа
帳	ちょう	とばり	Notebook | Account Book | Album | Curtain | Veil | Net | Tent	тетрадка, бележник | счетоводна книга | завеса
悔	かい	く.いる く.やむ くや.しい	Repent | Regret	съжалявам | разкайвам се
諭	ゆ	さと.す	Rebuke | Admonish | Charge | Warn | Persuade	наставлявам, съветвам
祈	き	いの.る	Pray | Wish	моля се, желая
惨	さん ざん	みじ.め いた.む むご.い	Wretched | Disaster | Cruelty | Harsh	жалък, бедствен | жесток
虐	ぎゃく	しいた.げる	Tyrannize | Oppress	тиранизирам, потискам | жесток
翻	ほん はん	ひるがえ.る ひるがえ.す	Flip | Turn Over | Wave | Flutter | Change (mind)	обръщам, преобръщам | превеждам (език)
墜	つい	お.ちる お.つ	Crash | Fall (down)	падам, рухвам | катастрофирам
沼	しょう	ぬま	Marsh | Lake | Bog | Swamp | Pond	блато, мочурище
据	きょ	す.える す.わる	Set | Lay A Foundation | Install | Equip | Squat Down | Sit Down	поставям, инсталирам | клякам, сядам
肥	ひ	こ.える こえ こ.やす こ.やし ふと.る	Fertilizer | Get Fat | Fertile | Manure | Pamper	тор, наторявам | тлъстея, угоявам се
徐	じょ	おもむ.ろに	Gradually | Slowly | Deliberately | Gently	постепенно, бавно
糖	とう		Sugar	захар
搭	とう		Board | Load (a Vehicle) | Ride	качвам се (на превозно средство) | товаря
姉	し	あね はは	Elder Sister	по-голяма сестра
髪	はつ	かみ	Hair Of The Head	коса
忙	ぼう もう	いそが.しい せわ.しい おそ.れる うれえるさま	Busy | Occupied | Restless	зает
盾	じゅん	たて	Shield | Escutcheon | Pretext	щит | претекст, извинение
脈	みゃく	すじ	Vein | Pulse | Hope	вена | пулс | надежда, следа
滝	ろう そう	たき	Waterfall | Rapids | Cascade	водопад | бързей
拾	しゅう じゅう	ひろ.う	Pick Up | Gather | Find | Go On Foot | Ten	вдигам, събирам (от земята) | десет (в документи)
軌	き		Rut | Wheel | Track | Model | Way Of Doing	коловоз, релса | орбита | начин на действие
俵	ひょう	たわら	Bag | Bale | Sack | Counter For Bags	сламена торба, чувал | брояч за чували
妨	ぼう	さまた.げる	Disturb | Prevent | Hamper | Obstruct	преча, възпрепятствам
粉	ふん	デシメートル こ こな	Flour | Powder | Dust	брашно | прах, пудра
擦	さつ	す.る す.れる -ず.れ こす.る こす.れる	Grate | Rub | Scratch | Scrape | Chafe | Scour	търкам, натривам | ожулвам, надрасквам
鯨	げい	くじら	Whale	кит
漢	かん		Sino- | China	китайски | Китай
糸	し	いと	Thread	конец, нишка
荘	そう しょう ちゃん	ほうき おごそ.か	Villa | Inn | Cottage | Feudal Manor | Solemn | Dignified	вила, имение | тържествен, величествен
諾	だく		Consent | Assent | Agreement	съгласие, съгласявам се
雷	らい	かみなり いかずち いかづち	Thunder | Lightning Bolt	гръм | мълния
漂	ひょう	ただよ.う	Drift | Float (on Liquid)	нося се по течението, дрейфувам
懐	かい え	ふところ なつ.かしい なつ.かしむ なつ.く なつ.ける なず.ける いだ.く おも.う	Pocket | Feelings | Heart | Yearn | Miss Someone | Become Attached To | Bosom | Breast	пазва, джоб | копнея, тъгувам по | чувства, сърце
勘	かん		Intuition | Perception | Check | Compare | Sixth Sense	интуиция, усет | пресмятане
綿	めん	わた	Cotton	памук
栽	さい		Plantation | Planting	засаждане, отглеждане (на растения)
才	さい		Genius | Years Old | Cubic Shaku	талант, дарба | брояч за възраст (години)
拐	かい		Kidnap | Falsify	отвличам (човек) | фалшифицирам
駄	だ た		Burdensome | Pack Horse | Horse Load | Send By Horse | Trivial | Worthless	товарен (кон) | безполезен, дребен
添	てん	そ.える そ.う	Annexed | Accompany | Marry | Suit | Meet | Satisfy | Attach | Append | Garnish | Imitate	прибавям, добавям | придружавам
汗	かん	あせ	Sweat | Perspire	пот, потя се
冠	かん	かんむり	Crown | Best | Peerless	корона, венец | най-добър, ненадминат
斜	しゃ	なな.め はす	Diagonal | Slanting | Oblique	наклонен, диагонален
銅	どう	あかがね	Copper	мед (метал)
鏡	きょう けい	かがみ	Mirror | Speculum | Barrel-head | Round Rice-cake Offering	огледало | оптичен уред (леща)
聡	そう	さと.い みみざと.い	Wise | Fast Learner	мъдър, схватлив
浪	ろう		Wandering | Waves | Billows | Reckless | Unrestrained	вълна | скитане, лутане | безразсъден
亜	あ	つ.ぐ	Asia | Rank Next | Come After | -ous	Азия (съкратено) | втори по ранг | суб-, под-
覧	らん	み.る	Perusal | See	преглеждам | разглеждам | оглед
詐	さ	いつわ.る	Lie | Falsehood | Deceive | Pretend	измама | лъжа | преструвам се
壇	だん たん		Podium | Stage | Rostrum | Terrace	подиум | трибуна | естрада | тераса
勲	くん	いさお	Meritorious Deed | Merit	заслуга | отличие | орден
魔	ま		Witch | Demon | Evil Spirit	демон | магия | вещица | зъл дух
酬	しゅう しゅ とう	むく.いる	Repay | Reward | Retribution	възнаграждение | отплата | заплащане
紫	し	むらさき	Purple | Violet	лилав | виолетов
湿	しつ しゅう	しめ.る しめ.す うるお.う うるお.す	Damp | Wet | Moist	влажен | мокър | влага
曙	しょ	あけぼの	Dawn | Daybreak	зора | разсъмване
紋	もん		Family Crest | Figures	фамилен герб | шарка | отпечатък
卸	しゃ	おろ.す おろし おろ.し	Wholesale	продажба на едро | търговия на едро
奮	ふん	ふる.う	Stirred Up | Be Invigorated | Flourish	въодушевявам се | разпалвам се | оживявам
欄	らん	てすり	Column | Handrail | Blank | Space	колона (в текст) | рубрика | перила | празно поле
逸	いつ	そ.れる そ.らす はぐ.れる	Deviate | Idleness | Leisure | Miss The Mark | Evade | Elude | Parry | Diverge	отклонявам се | изплъзвам се | изключителен, превъзходен | анекдот
涯	がい	はて	Horizon | Shore | Limit | Bound	граница | предел | хоризонт | бряг
拓	たく	ひら.く	Clear (the Land) | Open | Break Up (land)	разчиствам (земя) | усвоявам земя | колонизирам
眼	がん げん	まなこ め	Eyeball	око | поглед | зрение
瓶	びん	かめ	Bottle | Vial | Jar | Jug | Vat | Urn	бутилка | буркан | ваза
獄	ごく		Prison | Jail	затвор | тъмница
尚	しょう	なお	Esteem | Furthermore | Still | Yet	още | освен това | почитам, ценя
阜	ふ ふう		Hill | Mound | Left Village Radical (no. 170)	хълм | могила
彫	ちょう	ほ.る -ぼ.り	Carve | Engrave | Chisel	дълбая | гравирам | издялвам
咲	しょう	さ.く -ざき	Blossom | Bloom	разцъфтявам | цъфтя
穏	おん	おだ.やか	Calm | Quiet | Moderation	спокоен | тих | умерен
顕	けん	あきらか あらわ.れる	Appear | Existing	явен | видим | изявявам | открояващ се
巧	こう	たく.み たく.む うま.い	Adroit | Skilled | Ingenuity	сръчен | изкусен | умел
矛	む ぼう	ほこ	Halberd | Arms | Festival Float	копие | алебарда | оръжие
垣	えん	かき	Hedge | Fence | Wall	ограда | плет | стена
召	しょう	め.す	Seduce | Call | Send For | Wear | Put On | Ride In | Buy | Eat | Drink | Catch (cold)	призовавам | свиквам | обличам (учтиво)
欺	ぎ	あざむ.く	Deceit | Cheat | Delude	мамя | измамвам | заблуждавам
釣	ちょう	つ.る つ.り つ.り-	Angling | Fish | Catch | Allure | Ensnare	въдичарство | ловя риба | примамвам
缶	かん	かま	Tin Can | Container | Jar Radical (no. 121)	консервна кутия | тенекиена кутия
萩	しゅう	はぎ	Bush Clover	леспедеца (храст с рода Lespedeza)?
粧	しょう		Cosmetics | Adorn (one's Person)	грим | козметика | разкрасявам се
隻	せき		Vessels | Counter For Ships | Fish | Birds | Arrows | One Of A Pair	брояч за кораби | един от чифт
葛	かつ かち	つづら くず	Arrowroot | Kudzu	кудзу (виеща се лоза)
脂	し	あぶら	Fat | Grease | Tallow | Lard | Rosin | Gum | Tar	мазнина | тлъстина | смола
粛	しゅく すく	つつし.む	Solemn | Quietly | Softly	тържествен | строг | въздържание
栗	りつ り	くり おののく	Chestnut	кестен
愚	ぐ	おろ.か	Foolish | Folly | Absurdity | Stupid	глупав | глупост | неразумен
蒸	じょう せい	む.す む.れる む.らす	Steam | Heat | Sultry | Foment | Get Musty	пара | изпарявам се | готвя на пара
嘉	か	よみ.する よい	Applaud | Praise | Esteem | Happy | Auspicious	хваля | почитам | благоприятен
遭	そう	あ.う あ.わせる	Encounter | Meet | Party | Association | Interview | Join	срещам (нещо неприятно) | натъквам се на
架	か	か.ける か.かる	Erect | Frame | Mount | Support | Shelf | Construct	стойка | рамка | изграждам | издигам
鬼	き	おに おに-	Ghost | Devil	демон | призрак | зъл дух
庶	しょ		Commoner | All | Bastard	обикновен народ | всички | незаконороден
肌	き	はだ	Texture | Skin | Body | Grain	кожа | тен | текстура
稚	ち じ	いとけない おさない おくて おでる	Immature | Young	незрял | млад | детски
靴	か	くつ	Shoes	обувка
滋	じ し		Nourishing | More & More | Be Luxuriant | Planting | Turbidity	подхранващ | хранителен
幻	げん	まぼろし	Phantasm | Vision | Dream | Illusion | Apparition	илюзия | видение | призрак | фантазия
煮	しゃ	に.る -に に.える に.やす	Boil | Cook	варя | готвя (яхния)
姫	き	ひめ ひめ-	Princess	принцеса | девойка от знатен род
誓	せい	ちか.う	Vow | Swear | Pledge	клетва | заклевам се | обет
耕	こう	たがや.す	Till | Plow | Cultivate	обработвам (земя) | оря | култивирам
把	は わ		Grasp | Faggot | Bunch | Counter For Bundles	сграбчвам | разбирам напълно | брояч за снопове
践	せん	ふ.む	Tread | Step On | Trample | Practice | Carry Through	стъпвам | прилагам на практика | изпълнявам
呈	てい		Display | Offer | Present | Send | Exhibit	представям | поднасям | показвам
疎	そ しょ	うと.い うと.む まば.ら	Alienate | Rough | Neglect | Shun | Sparse | Penetrate	чужд | отчужден | рядък | пренебрегвам
仰	ぎょう こう	あお.ぐ おお.せ お.っしゃる おっしゃ.る	Face-up | Look Up | Depend | Seek | Respect | Rever | Drink | Take	гледам нагоре | почитам | разчитам на
鈍	どん	にぶ.い にぶ.る にぶ- なま.る なまく.ら	Dull | Slow | Foolish | Blunt	тъп | притъпен | муден
恥	ち	は.じる はじ は.じらう は.ずかしい	Shame | Dishonor	срам | позор | срамежлив
剛	ごう		Sturdy | Strength	твърд | силен | издръжлив
疾	しつ	はや.い	Rapidly	бърз | болест | стремителен
征	せい		Subjugate | Attack The Rebellious | Collect Taxes	завоювам | покорявам | поход
砕	さい	くだ.く くだ.ける	Smash | Break | Crush | Familiar | Popular	трошя | разбивам | смазвам
謡	よう	うた.い うた.う	Song | Sing | Ballad | Noh Chanting	песен | пея | балада
嫁	か	よめ とつ.ぐ い.く ゆ.く	Marry Into | Bride	булка | омъжвам се
謙	けん	へりくだ.る	Self-effacing | Humble Oneself | Condescend | Be Modest	скромен | смирен
后	こう ご	きさき	Empress | Queen | After | Behind | Back | Later	императрица | царица
嘆	たん	なげ.く なげ.かわしい	Sigh | Lament | Moan | Grieve | Sigh Of Admiration	въздишам | оплаквам се | скърбя
菌	きん		Germ | Fungus | Bacteria	бактерия | гъбичка | микроб
鎌	れん けん	かま	Sickle | Scythe | Trick	сърп | коса (инструмент)
巣	そう	す す.くう	Nest | Rookery | Hive | Cobweb | Den	гнездо | бърлога | кошер
泥	でい ない で に	どろ なず.む	Mud | Mire | Adhere To | Be Attached To	кал | тиня
頻	ひん	しき.りに	Repeatedly | Recur	често | многократно | чест
琴	きん ごん	こと	Harp | Koto	кото (японски струнен инструмент) | арфа
班	はん		Squad | Corps | Unit | Group	отряд | група | звено
棚	ほう	たな -だな	Shelf | Ledge | Rack | Mount | Mantle | Trellis	полица | рафт | решетка (за растения)
潔	けつ	いさぎよ.い	Undefiled | Pure | Clean | Righteous | Gallant	чист | непорочен | почтен
酷	こく	ひど.い	Cruel | Severe | Atrocious | Unjust	жесток | суров | безмилостен
宰	さい		Superintend | Manager | Rule	управлявам | ръководя | министър-председател
廊	ろう		Corridor | Hall | Tower	коридор | галерия
寂	じゃく せき	さび さび.しい さび.れる さみ.しい	Loneliness | Quietly | Mellow | Mature | Death Of A Priest	самота | тишина | уединен
辰	しん じん	たつ	Sign Of The Dragon | 7-9am | Fifth Sign Of Chinese Zodiac | Shin Dragon Radical (no. 161)	Дракон (зодиакален знак) | утринни часове
隅	ぐう	すみ	Corner | Nook	ъгъл | кът
偶	ぐう	たま	Accidentally | Even Number | Couple | Man & Wife | Same Kind	случайно | четно число | съпружеска двойка
霞	か げ	かすみ かす.む	Be Hazy | Grow Dim | Blurred	мъгла (пролетна) | премрежен | избледнявам
伏	ふく	ふ.せる ふ.す	Prostrated | Bend Down | Bow | Cover | Lay (pipes)	навеждам се | лягам ничком | крия се
灯	とう	ひ ほ- ともしび とも.す あかり	Lamp | A Light | Light | Counter For Lights	лампа | светлина | фенер
辛	しん	から.い つら.い -づら.い かのと	Spicy | Bitter | Hot | Acrid	лют | пикантен | тежък (труден)
磨	ま	みが.く す.る	Grind | Polish | Scour | Improve | Brush (teeth)	полирам | лъскам | мия (зъби)
碁	ご		Go	го (настолна игра)
俗	ぞく		Vulgar | Customs | Manners | Worldliness | Mundane Things	обичаи | нрави | вулгарен | светски
漠	ばく		Vague | Obscure | Desert | Wide	мъглив | неясен | пустиня
邪	じゃ	よこし.ま	Wicked | Injustice | Wrong	зъл | порочен | неправда
晶	しょう		Sparkle | Clear | Crystal	кристал | искрящ
麦	ばく	むぎ	Barley | Wheat	пшеница | ечемик
墨	ぼく	すみ	Black Ink | India Ink | Ink Stick | Mexico	туш | мастило | Мексико (съкратено)
鎮	ちん	しず.める しず.まる おさえ	Tranquilize | Ancient Peace-preservation Centers	успокоявам | потушавам | укротявам
洞	どう	ほら	Den | Cave | Excavation	пещера | бърлога | дупка
履	り	は.く	Perform | Complete | Footgear | Shoes | Boots | Put On (the Feet)	обувам (обувки) | обувки | изпълнявам
劣	れつ	おと.る	Inferiority | Be Inferior To | Be Worse	по-лош | по-нисш | отстъпвам по качество
那	な だ	なに なんぞ いかん	What?	какво? (рядко, предимно фонетичен знак)
殴	おう	なぐ.る	Assault | Hit | Beat | Thrash	удрям | бия | нападам
娠	しん		With Child | Pregnancy	бременност
奉	ほう ぶ	たてまつ.る まつ.る ほう.ずる	Observance | Offer | Present | Dedicate	поднасям | посвещавам | служа
憂	ゆう	うれ.える うれ.い う.い う.き	Melancholy | Grieve | Lament | Be Anxious | Sad | Unhappy	тъга | скръб | безпокойство
朴	ぼく	ほう ほお えのき	Crude | Simple | Plain | Docile	прост | непретенциозен | скромен
亭	てい ちん		Pavilion | Restaurant | Mansion | Arbor | Cottage | Vaudeville | Music Hall | Stage Name	павилион | ресторант | беседка
姓	せい しょう		Surname	фамилия | фамилно име
淳	じゅん しゅん	あつ.い	Pure	чист | искрен
筒	とう	つつ	Cylinder | Pipe | Tube | Gun Barrel | Sleeve	тръба | цилиндър | цев
鼻	び	はな	Nose | Snout	нос | муцуна
怪	かい け	あや.しい あや.しむ	Suspicious | Mystery | Apparition	подозрителен | мистериозен | призрак
粒	りゅう	つぶ	Grains | Drop | Counter For Tiny Particles	зърно | капка | брояч за дребни частици
詞	し	ことば	Part Of Speech | Words | Poetry	дума | част на речта | поезия
鳩	きゅう く	はと あつ.める	Pigeon | Dove	гълъб
偉	い	えら.い	Admirable | Greatness | Remarkable | Conceited | Famous | Excellent	велик | забележителен | изтъкнат
酔	すい	よ.う よ.い よ	Drunk | Feel Sick | Poisoned | Elated | Spellbound	пиян | омаян | опиянен
惜	せき	お.しい お.しむ	Pity | Be Sparing Of | Frugal | Stingy | Regret	съжалявам | жал ми е | пестелив
穫	かく		Harvest | Reap	жъна | прибирам реколта
佳	か		Excellent | Beautiful | Good | Pleasing | Skilled	отличен | прекрасен | приятен
潤	じゅん	うるお.う うるお.す うる.む	Wet | Be Watered | Profit By | Receive Benefits | Favor | Charm | Steep	навлажнявам | печеля полза | чар
悼	とう	いた.む	Lament | Grieve Over	скърбя | оплаквам
乏	ぼう	とぼ.しい とも.しい	Destitution | Scarce | Limited	оскъден | недостиг | беден
胃	い		Stomach | Paunch | Crop | Craw	стомах
該	がい		Above-stated | The Said | That Specific	гореспоменатият | въпросният
赴	ふ	おもむ.く	Proceed | Get | Become | Tend	отправям се | заминавам за нов пост
桑	そう	くわ	Mulberry	черница
桂	けい	かつら	Japanese Judas-tree | Cinnamon Tree	кацура (японско дърво) | канелено дърво
髄	ずい		Marrow | Pith | Essence	костен мозък | същина | сърцевина
虎	こ	とら	Tiger | Drunkard	тигър | пияница
盆	ぼん		Basin | Lantern Festival | Tray	поднос | леген | Бон (будистки празник)
晋	しん	すす.む	Advance	напредвам
穂	すい	ほ	Ear | Ear (grain) | Head | Crest (wave)	клас (на житно растение) | връх на вълна
壮	そう	さかん	Robust | Manhood | Prosperity	як | мъжество | разцвет
堤	てい	つつみ	Dike | Bank | Embankment	дига | насип | бент
飢	き	う.える	Hungry | Starve	гладен | гладувам
傍	ぼう	かたわ.ら わき おか- はた そば	Bystander | Side | Besides | While | Nearby | Third Person	страна | наблизо | страничен наблюдател
疫	えき やく		Epidemic	епидемия | зараза
累	るい		Accumulate | Involvement | Trouble | Tie Up | Continually	натрупвам | замесване | поредно
痴	ち	し.れる おろか	Stupid | Foolish	глупав | тъп
搬	はん		Conveyor | Carry | Transport	пренасям | транспортирам
畳	じょう ちょう	たた.む たたみ かさ.なる	Tatami Mat | Counter For Tatami Mats | Fold | Shut Up | Do Away With	татами | сгъвам | брояч за татами
晃	こう	あきらか	Clear	ясен | светъл
癒	ゆ	い.える いや.す い.やす	Healing | Cure | Quench (thirst) | Wreak	лекувам | изцелявам | утолявам жажда
桐	とう どう	きり	Paulownia	павловния (дърво)
寸	すん		Measurement | Tenth Of A Shaku | A Little | Small	малко | сун (мярка за дължина) | мъничък
郭	かく	くるわ	Enclosure | Quarters | Fortification | Red-light District	ограда | квартал | укрепление
机	き	つくえ	Desk | Table	бюро | маса
尿	にょう	ゆばり いばり しと	Urine	урина
凶	きょう		Villain | Evil | Bad Luck | Disaster	злодей | зло | нещастие
吐	と	は.く つ.く	Spit | Vomit | Belch | Confess | Tell (lies)	плюя | повръщам | изричам лъжи
宴	えん	うたげ	Banquet | Feast | Party	пир | банкет | празненство
鷹	よう おう	たか	Hawk	ястреб
賓	ひん		V.i.p. | Guest	почетен гост | видна личност
虜	りょ ろ	とりこ とりく	Captive | Barbarian | Low Epithet For The Enemy	пленник | заложник
膚	ふ	はだ	Skin | Body | Grain | Texture | Disposition	кожа | текстура
陶	とう	すえ	Pottery | Porcelain	керамика | порцелан
鐘	しょう	かね	Bell | Gong | Chimes	камбана | гонг
憾	かん	うら.む	Remorse | Regret | Be Sorry	съжаление | разкаяние
畿	き	みやこ	Capital | Suburbs Of Capital	столица | околности на столицата
猪	ちょ	い いのしし	Boar	глиган
紘	こう	おおづな つな つなぐ	Large	голям | обширен
磁	じ		Magnet | Porcelain	магнетизъм | магнит
弥	み び	や いや いよ.いよ わた.る	All The More | Increasingly	все повече | нарастващо
昆	こん		Descendants | Elder Brother | Insect	насекомо | потомци | по-голям брат
粗	そ	あら.い あら-	Coarse | Rough | Rugged	груб | недодялан
訂	てい	ただ.す	Revise | Correct | Decide	поправям | коригирам | редактирам
芽	が	め	Bud | Sprout | Spear | Germ	пъпка | кълн | покълвам
尻	こう	しり	Buttocks | Hips | Butt | Rear	задник | дъно | заден край
庄	しょう そ そう ほう		Level | In The Country | Manor | Village | Hamlet	село | имение | селце
傘	さん	かさ	Umbrella	чадър
敦	とん たい だん ちょう	あつ.い	Industry | Kindliness	трудолюбие | добросърдечност
騎	き		Equestrian | Riding On Horses | Counter For Equestrians	конник | яздя | брояч за конници
寧	ねい	むし.ろ	Rather | Preferably | Peaceful | Quiet | Tranquility	по-скоро | спокоен | тих
濯	たく	すす.ぐ ゆす.ぐ	Laundry | Wash | Pour On | Rinse	изпирам | изплаквам
循	じゅん		Sequential | Follow	следвам | циркулирам
忍	にん	しの.ぶ しの.ばせる	Endure | Bear | Put Up With | Conceal | Secrete | Spy | Sneak	издържам | търпя | прокрадвам се
猫	びょう	ねこ	Cat	котка
怠	たい	おこた.る なま.ける	Neglect | Laziness	мързел | занемарявам
如	じょ にょ	ごと.し	Likeness | Like | Such As | As If | Better | Best | Equal	подобен | като | все едно
寮	りょう		Dormitory | Hostel | Villa | Tea Pavillion	общежитие | хостел
祐	ゆう う	たす.ける	Help	помощ
鵬	ほう	おおとり	Phoenix	феникс (митична птица)
塔	とう		Pagoda | Tower | Steeple	пагода | кула | шпил
沸	ふつ	わ.く わ.かす	Seethe | Boil | Ferment | Uproar | Breed	кипя | врене | ферментирам
鉛	えん	なまり	Lead	олово
珠	しゅ	たま	Pearl | Gem | Jewel	перла | скъпоценен камък
凝	ぎょう	こ.る こ.らす こご.らす こご.らせる こご.る	Congeal | Freeze | Stiff | Be Absorbed In	втвърдявам се | вглъбявам се | коагулирам
苗	びょう みょう	なえ なわ-	Seedling | Sapling | Shoot	разсад | фиданка | кълн
獣	じゅう	けもの けだもの	Animal | Beast	звяр | животно
哀	あい	あわ.れ あわ.れむ かな.しい	Pathetic | Grief | Sorrow | Pathos | Pity | Sympathize	скръб | тъга | жалост
跳	ちょう	は.ねる と.ぶ -と.び	Hop | Leap Up | Spring | Jerk | Prance | Buck | Splash | Sputter | Snap	скачам | подскачам
灰	かい	はい	Ashes | Puckery Juice | Cremate	пепел
匠	しょう	たくみ	Artisan | Workman | Carpenter	майстор | занаятчия
菓	か		Candy | Cakes | Fruit	сладкиш | бонбон
垂	すい	た.れる た.らす た.れ -た.れ なんなんと.す	Droop | Suspend | Hang | Slouch	вися | провисвам | капя
蛇	じゃ だ い や	へび	Snake | Serpent | Hard Drinker	змия
澄	ちょう	す.む す.ます -す.ます	Lucidity | Be Clear | Clear | Clarify | Settle | Strain | Look Grave	бистър | чист | избистрям се
縫	ほう	ぬ.う	Sew | Stitch | Embroider	шия | бродирам
僧	そう		Buddhist Priest | Monk	будистки монах | свещеник
幾	き	いく- いく.つ いく.ら	How Many | How Much | How Far | How Long | Some | Several	колко | няколко
眺	ちょう	なが.める	Stare | Watch | Look At | See | Scrutinize	гледам | съзерцавам
唐	とう	から	T'ang | China | Foreign	Китай | династия Тан | чужд
亘	こう かん せん	わた.る もと.める	Span | Range | Extend Over	простирам се | обхващам
呉	ご	く.れる くれ	Give | Do Something For | Kingdom Of Wu	давам | правя нещо за някого | царство У
凡	ぼん はん	およ.そ おうよ.そ すべ.て	Commonplace | Ordinary | Mediocre	обикновен | посредствен
憩	けい	いこ.い いこ.う	Recess | Rest | Relax | Repose	почивка | отдих
媛	えん	ひめ	Beautiful Woman | Princess	красива жена | принцеса
溝	こう	みぞ	Gutter | Ditch | Sewer | Drain | 10**32	канавка | ров | канал
恭	きょう	うやうや.しい	Respect | Reverent	почтителен | уважителен
刈	がい かい	か.る	Reap | Cut | Clip | Trim | Prune	жъна | подрязвам | стрижа
睡	すい	ねむ.る ねむ.い	Drowsy | Sleep | Die	сън | дрямка | сънлив
錯	さく しゃく		Confused | Mix | Be In Disorder	объркан | смесвам | безредие
伯	はく		Chief | Count | Earl | Uncle | Brazil	чичо | граф
帽	ぼう もう	ずきん おお.う	Cap | Headgear	шапка | калпак
笹		ささ	Bamboo Grass | (kokuji)	бамбукова трева
穀	こく		Cereals | Grain	зърно | жито
柿	し	かき	Persimmon	хурма
陵	りょう	みささぎ	Mausoleum | Imperial Tomb | Mound | Hill	мавзолей | имперска гробница | хълм
霧	む ぼう ぶ	きり	Fog | Mist	мъгла
魂	こん	たましい たま	Soul | Spirit	душа | дух
枯	こ	か.れる か.らす	Wither | Die | Dry Up | Be Seasoned	съхна | вехна | изсъхвам
弊	へい		Abuse | Evil | Vice | Breakage	зло | вреда | порок
妃	ひ	きさき	Queen | Princess	принцеса | кралица съпруга
舶	はく		Liner | Ship	кораб
餓	が	う.える	Starve | Hungry | Thirst	гладувам | глад
腎	じん		Kidney	бъбрек
窮	きゅう きょう	きわ.める きわ.まる きわ.まり きわ.み	Hard Up | Destitute | Suffer | Perplexed | Cornered	беден | притеснен | в безизходица
掌	しょう	てのひら たなごころ	Manipulate | Rule | Administer | Conduct | Palm Of Hand	длан | управлявам
麗	れい	うるわ.しい うら.らか	Lovely | Beautiful | Graceful | Resplendent	красив | изящен
綾	りん	あや	Design | Figured Cloth | Twill	шарен плат | десен
臭	しゅう	くさ.い -くさ.い にお.う にお.い	Stinking | Ill-smelling | Suspicious Looking | Odor | Savor | Fragrance | Be Fragrant | Stink | Glow | Be Bright	воня | мирис | подозрителен
釜	ふ	かま	Kettle | Cauldron | Iron Pot	котел | чугунен съд
悦	えつ	よろこ.ぶ よろこ.ばす	Ecstasy | Joy | Rapture	радост | възторг
刃	じん にん	は やいば き.る	Blade | Sword | Edge	острие | меч
縛	ばく	しば.る	Truss | Arrest | Bind | Tie | Restrain	връзвам | обвързвам
暦	れき りゃく	こよみ	Calendar | Almanac	календар
宜	ぎ	よろ.しい よろ.しく	Best Regards | Good	подходящ | добър
盲	もう	めくら	Blind | Blind Man | Ignoramus	сляп | незрящ
粋	すい	いき	Chic | Style | Purity | Essence | Pith | Cream | Elite | Choice	изящен | същност | чист
辱	じょく	はずかし.める	Embarrass | Humiliate | Shame	унижавам | позор
毅	き ぎ	つよ.い	Strong	силен | твърд характер
轄	かつ	くさび	Control | Wedge	управление | контрол
猿	えん	さる	Monkey	маймуна
弦	げん	つる	Bowstring | Chord | Hypotenuse	тетива | струна
稔	ねん じん にん	みの.る みのり	Harvest | Ripen	зрея | узрявам
窒	ちつ		Plug Up | Obstruct	запушвам | задушавам
炊	すい	た.く -だ.き	Cook | Boil	готвя | варя
洪	こう		Deluge | Flood | Vast	наводнение | потоп
摂	せつ しょう	おさ.める かね.る と.る	Vicarious | Surrogate | Act In Addition To | Take In | Absorb	поглъщам | приемам | заместник
飽	ほう	あ.きる あ.かす あ.く	Sated | Tired Of | Bored | Satiate	преситен | омръзва ми
冗	じょう		Superfluous | Uselessness	излишен | ненужен
涼	りょう	すず.しい すず.む すず.やか うす.い ひや.す まことに	Refreshing | Nice And Cool	прохладен | хладен
桃	とう	もも	Peach	праскова
狩	しゅ	か.る か.り -が.り	Hunt | Raid | Gather	лов | ловувам
舟	しゅう	ふね ふな- -ぶね	Boat | Ship	лодка | кораб
貝	ばい	かい	Shellfish	мида | черупка
朱	しゅ	あけ	Vermilion | Cinnabar | Scarlet | Red | Bloody	яркочервено | кинобър
渦	か	うず	Whirlpool | Eddy | Vortex	водовъртеж | вихър
紳	しん		Sire | Good Belt | Gentleman	джентълмен
枢	すう しゅ	とぼそ からくり	Hinge | Pivot | Door	панта | централна ос
碑	ひ	いしぶみ	Tombstone | Monument	надгробен камък | паметник
鍛	たん	きた.える	Forge | Discipline | Train	кова | закалявам
刀	とう	かたな そり	Sword | Saber | Knife	меч | сабя
鼓	こ	つづみ	Drum | Beat | Rouse | Muster	барабан | удрям барабан
裸	ら	はだか	Naked | Nude | Uncovered | Partially Clothed	гол | разголен
符	ふ		Token | Sign | Mark | Tally | Charm	знак | символ | талисман
猶	ゆう ゆ	なお	Furthermore | Still | Yet	все още | въпреки това
塊	かい け	かたまり つちくれ	Clod | Lump | Chunk | Clot | Mass	буца | къс | маса
旋	せん	め.ぐる いばり	Rotation | Go Around	въртене | обикалям
弓	きゅう	ゆみ	Bow | Bow (archery, Violin)	лък
幣	へい	ぬさ	Cash | Bad Habit | Humble Prefix | Gift | Shinto Offerings Of Cloth | Rope | Cut Paper	пари | банкнота
膜	まく		Membrane	мембрана | ципа
扇	せん	おうぎ	Fan | Folding Fan	ветрило
脇	きょう	わき わけ	Armpit | The Other Way | Another Place | Flank | Supporting Role	подмишница | фланг | второстепенна роля
腸	ちょう	はらわた わた	Intestines | Guts | Bowels | Viscera	черва | вътрешности
憎	ぞう	にく.む にく.い にく.らしい にく.しみ	Hate | Detest	мразя | омраза
槽	そう	ふね	Vat | Tub | Tank	резервоар | вана
鍋	か	なべ	Pot | Pan | Kettle	тенджера | тиган
慈	じ	いつく.しむ	Mercy	милосърдие | състрадание
皿	べい	さら	Dish | A Helping | Plate	чиния | чиниичка
肯	こう	がえんじ.る	Agreement | Consent | Comply With	съгласявам се | одобрявам
楊	よう	やなぎ	Willow	върба
伐	ばつ はつ か ぼち	き.る そむ.く う.つ	Fell | Strike | Attack | Punish	сека дърво | нападам
駿	しゅん すん	すぐ.れる	A Good Horse | Speed | A Fast Person	бърз кон | бързина
漬	し	つ.ける つ.かる -づ.け -づけ	Pickling | Soak | Moisten | Steep	накисвам | мариновам
燥	そう	はしゃ.ぐ	Parch | Dry Up	изсъхвам | пресъхвам
糾	きゅう	ただ.す	Twist | Ask | Investigate | Verify	разследвам | изяснявам
亮	りょう	あきらか	Clear | Help	ясен | светъл
墳	ふん		Tomb | Mound	гробница | могила
坪	へい	つぼ	Two-mat Area | Approx. Thirty-six Sq Ft	цубо (японска мерна единица за площ, ок. 3,3 кв.м)?
畜	ちく		Livestock | Domestic Fowl And Animals	добитък | домашни животни
紺	こん		Dark Blue | Navy	тъмносин | морскосин
慌	こう	あわ.てる あわ.ただしい	Disconcerted | Be Confused | Lose One's Head	объркан | паникьосан
娯	ご		Recreation | Pleasure	развлечение | забава
椿	ちん ちゅん	つばき	Camellia	камелия
舌	ぜつ	した	Tongue | Reed | Clapper	език | красноречие
羅	ら	うすもの	Gauze | Thin Silk | Rome | Arrange | Spread Out	тънка коприна | мрежа, обхващам всичко | подреждам, изреждам | Рим (фонетично)
坊	ぼう ぼっ		Boy | Priest's Residence | Priest	будистки монах | момче | разговорна наставка за лице
峡	きょう こう	はざま	Gorge | Ravine	клисура | теснина
俸	ほう		Stipend | Salary	заплата | възнаграждение
厘	りん		Rin | 1/10 Sen | 1/10 Bu	рин (стара японска парична единица) | една стотна (мярка)
峰	ほう	みね ね	Summit | Peak	връх | планински връх
圭	けい け		Square Jewel | Corner | Angle | Edge	ритуален нефритен жезъл? | ъгъл | ръб
醸	じょう	かも.す	Brew | Cause	варя (бира, саке) | пораждам (чувство, атмосфера)
蓮	れん	はす はちす	Lotus	лотос
弔	ちょう	とむら.う とぶら.う	Condolences | Mourning | Funeral	съболезнования | траур | оплаквам (покойник)
乙	おつ いつ	おと- きのと	The Latter | Duplicate | Strange | Witty | Fishhook Radical (no. 5)	вторият (по ред, като „Б“) | необичаен, особен | изискан, духовит
汁	じゅう	しる -しる つゆ	Soup | Juice | Broth | Sap | Gravy | Pus	сок | бульон, супа
尼	に	あま	Nun	монахиня
遍	へん	あまね.く	Everywhere | Times | Widely | Generally	брояч за пъти | повсеместен, всеобщ
衡	こう		Equilibrium | Measuring Rod | Scale	равновесие | мярка, везна
薫	くん	かお.る	Send Forth Fragrance | Fragrant | Be Scented | Smoke (tobacco)	ухая | благоухание
瓦	が	かわら ぐらむ	Tile | Gram	керемида | грам
猟	りょう	かり か.る	Game-hunting | Shooting | Game | Bag	лов | ловуване
羊	よう	ひつじ	Sheep	овца
款	かん		Goodwill | Article | Section | Friendship | Collusion	клауза, член (на договор) | приятелски отношения | заем (между държави)
閲	えつ	けみ.する	Review | Inspection | Revision	преглед, проверка | цензура
偵	てい		Spy	шпионин | разузнаване
喝	かつ		Hoarse | Scold	кресвам, скастрям | възглас на одобрение
敢	かん	あ.えて あ.えない あ.えず	Daring | Brave | Bold | Sad | Tragic | Pitiful	дързък, смел | решителен
胎	たい		Womb | Uterus	утроба | матка
酵	こう		Fermentation	ферментация | квас
憤	ふん	いきどお.る	Aroused | Resent | Be Indignant | Anger	възмущение | гняв, негодувание
豚	とん	ぶた	Pork | Pig	свиня | свинско месо
遮	しゃ	さえぎ.る	Intercept | Interrupt | Obstruct	прекъсвам | препречвам, блокирам
扉	ひ	とびら	Front Door | Title Page | Front Page	врата | заглавна страница
硫	りゅう		Sulphur	сяра
赦	しゃ		Pardon | Forgiveness	опрощаване | амнистия, помилване
挫	ざ さ	くじ.く くじ.ける	Crush | Break | Sprain | Discourage	навяхвам | смазвам, обезкуражавам
挟	きょう しょう	はさ.む はさ.まる わきばさ.む さしはさ.む	Pinch | Between	стискам между | вмъквам се
窃	せつ	ぬす.む ひそ.か	Stealth | Steal | Secret | Private | Hushed	кражба | тайно, скришом
泡	ほう	あわ	Bubbles | Foam | Suds | Froth	мехур | пяна
瑞	ずい すい	みず- しるし	Congratulations	благоприятен знак | свеж, искрящ
又	ゆう	また また- また.の-	Or Again | Furthermore | On The Other Hand	пак, отново | освен това
慨	がい		Rue | Be Sad | Sigh | Lament	въздишам със съжаление | дълбоко вълнение, негодувание
紡	ぼう	つむ.ぐ	Spinning	преда (прежда)
恨	こん	うら.む うら.めしい	Regret | Bear A Grudge | Resentment | Malice | Hatred	негодувание, обида | нося злоба
肪	ぼう		Obese | Fat	мазнина
扶	ふ	たす.ける	Aid | Help | Assist	помагам | подпомагам
戯	ぎ げ	たわむ.れる ざ.れる じゃ.れる	Frolic | Play | Sport	игра, забавление | пиеса, драма
伍	ご	いつつ	Five | Five-man Squad | File | Line	пет (официална бройна форма) | редица, строй
忌	き	い.む い.み い.まわしい	Mourning | Abhor | Detestable | Death Anniversary	годишнина от смъртта | избягвам, отбягвам | табу
濁	だく じょく	にご.る にご.す	Voiced | Uncleanness | Wrong | Nigori | Impurity	мътен | нечист | озвучен (съгласна, нигори)
奔	ほん	はし.る	Run | Bustle	тичам | устремен, необуздан
斗	と とう		Big Dipper | Ten Sho (vol) | Sake Dipper | Dots And Cross Radical (no. 68)	то (мярка за обем, ок. 18 л) | черпак | Голямата мечка (съзвездие)
蘭	らん ら		Orchid | Holland	орхидея | Холандия
迅	じん		Swift | Fast	бърз | стремителен
肖	しょう	あやか.る	Resemblance	прилика, подобие | портрет
鉢	はち はつ		Bowl | Rice Tub | Pot | Crown	купа | саксия
朽	きゅう	く.ちる	Decay | Rot | Remain In Seclusion	гния | изгнивам
殻	かく こく ばい	から がら	Husk | Nut Shell	черупка | люспа
享	きょう こう	う.ける	Enjoy | Receive | Undergo | Answer (phone) | Take | Get | Catch	наслаждавам се, ползвам се от | получавам
秦	しん	はた	Manchu Dynasty | Name Given To Naturalized Foreigners	Цин (китайска династия) | Хата (японска фамилия)?
茅	ぼう みょう	かや ちがや	Miscanthus Reed	мискантус (тръстика за покриви)
藩	はん		Clan | Enclosure	хан (феодално владение в Япония) | клан
沙	さ しゃ	すな よなげる	Sand	пясък
輔	ほ ふ	たす.ける	Help	помагам, подпомагам
曇	どん	くも.る	Cloudy Weather | Cloud Up	облачно | заоблачавам се
媒	ばい	なこうど	Mediator | Go-between	посредник | медия, среда
鶏	けい	にわとり とり	Chicken	кокошка | пиле (месо)
禅	ぜん せん	しずか ゆず.る	Zen | Silent Meditation	дзен | медитация
嘱	しょく	しょく.する たの.む	Entrust | Request | Send A Message	възлагам, поръчвам
胴	どう		Trunk | Torso | Hull (ship) | Hub Of Wheel	торс, тяло | корпус (на кораб)
迭	てつ		Transfer | Alternation	смяна, редуване
挿	そう	さ.す はさ.む	Insert | Put In | Graft | Wear (sword)	вмъквам | поставям
嵐	らん	あらし	Storm | Tempest	буря
椎	つい すい	つち う.つ	Chinquapin | Mallet | Spine	прешлен (гръбначен) | чукче
絹	けん	きぬ	Silk	коприна
陪	ばい		Obeisance | Follow | Accompany | Attend On	съпровождам, придружавам
剖	ぼう		Divide	разрязвам, разсичам
譜	ふ		Musical Score | Music | Note | Staff | Table | Genealogy	нотен запис | родословие
郁	いく		Cultural Progress | Perfume	културен разцвет? | аромат?
悠	ゆう		Permanence | Distant | Long Time | Leisure	вечен, дълготраен | спокоен, безгрижен
淑	しゅく	しと.やか	Graceful | Gentle | Pure	изящен, грациозен | добродетелен (за жена)
帆	はん	ほ	Sail	платно (на кораб)
暁	ぎょう きょう	あかつき さと.る	Daybreak | Dawn | In The Event	зазоряване, разсъмване
傑	けつ	すぐ.れる	Greatness | Excellence	изключителен, бележит | герой
楠	なん だん ぜん ねん	くす くすのき	Camphor Tree	камфорово дърво
笛	てき	ふえ	Flute | Clarinet | Pipe | Whistle | Bagpipe | Piccolo	флейта | свирка
玲	れい		Sound Of Jewels	звън на нефрит (в имена)?
奴	ど	やつ やっこ	Guy | Slave | Manservant | Fellow	роб | тип, приятел (пренебрежително)
誰	すい	だれ たれ た	Who | Someone | Somebody	кой | някой
錠	じょう		Lock | Fetters | Shackles	ключалка | таблетка (лекарство)
拳	けん げん	こぶし	Fist	юмрук
翔	しょう	かけ.る と.ぶ	Soar | Fly	летя, реея се
遷	せん	うつ.る うつ.す みやこがえ	Transition | Move | Change	преместване | промяна
拙	せつ	つたな.い	Bungling | Clumsy | Unskillful	непохватен, несръчен
侍	じ し	さむらい はべ.る	Waiter | Samurai | Wait Upon | Serve	самурай | служа, прислужвам
尺	しゃく		Shaku | Japanese Foot | Measure | Scale | Rule	шаку (мярка за дължина, ок. 30 см) | мащаб
峠		とうげ	Mountain Peak | Mountain Pass | Climax | Crest | (kokuji)	планински проход | връхна точка, кулминация
篤	とく	あつ.い	Fervent | Kind | Cordial | Serious | Deliberate	сериозен, тежък (за болест) | добросърдечен, отзивчив
肇	ちょう じょう とう	はじ.める はじめ	Beginning	начало
渇	かつ	かわ.く	Thirst | Dry Up | Parch	жажда | пресъхвам
俺	えん	おれ われ	I | Myself	аз (мъжки, разговорно)
叔	しゅく		Uncle | Youth	по-малък чичо или леля
雌	し	め- めす めん	Feminine | Female	женски пол | самка
亨	こう きょう ほう	とお.る	Pass Through | Go Smoothly	минавам гладко | вървя безпрепятствено
堪	かん たん	た.える たま.る こら.える こた.える	Withstand | Endure | Support | Resist	издържам | понасям | търпя
叙	じょ	つい.ず ついで	Confer | Relate | Narrate | Describe	удостоявам | разказвам | описвам
酢	さく	す	Vinegar | Sour | Acid | Tart	оцет | кисел
吟	ぎん		Versify | Singing | Recital	декламирам | пея | съчинявам стихове
逓	てい	かわ.る たがいに	Relay | In Turn | Sending	предавам последователно | поред
痕	こん	あと	Mark | Foot Print	следа | отпечатък
嶺	れい りょう	みね	Peak | Summit	връх | било на планина
袖	しゅう	そで	Sleeve | Wing (building) | Extension | Give Cold Shoulder	ръкав | крило (на сграда)
甚	じん	はなは.だ はなは.だしい	Tremendously | Very | Great | Exceedingly	извънредно | много | силно
喬	きょう	たか.い	High | Boasting	висок
妖	よう	あや.しい なま.めく わざわ.い	Attractive | Bewitching | Calamity	омайващ | изкусителен | зловещ
闇	あん おん	やみ くら.い	Get Dark | Gloom | Disorder	мрак | тъмнина | безредие
崇	すう	あが.める	Adore | Respect | Revere | Worship	обожавам | почитам | преклонение
漆	しつ	うるし	Lacquer | Varnish | Seven	лак | лакирам | седем (във финансови документи)
岬	こう	みさき	Headland | Cape | Spit | Promontory	нос (географски) | полуостров
癖	へき	くせ くせ.に	Mannerism | Habit | Vice | Trait | Fault | Kink	навик | слабост | странност
愉	ゆ	たの.しい たの.しむ	Pleasure | Happy | Rejoice	радост | удоволствие | весел
寅	いん	とら	Sign Of The Tiger | 3-5am | Third Sign Of Chinese Zodiac	Тигър (трети знак от китайския зодиак) | 3-5 часа сутринта
捉	そく さく	とら.える	Catch | Capture	улавям | залавям
礁	しょう		Reef | Sunken Rock	риф | подводна скала
乃	ない だい の あい	の すなわ.ち なんじ	From | Possessive Particle | Whereupon | Accordingly	частица за принадлежност (старинна) | и | следователно
洲	しゅう す	しま	Continent | Sandbar | Island | Country	континент | пясъчен насип | остров | щат
屯	とん	たむろ	Barracks | Police Station | Camp | Ton	военен лагер | казарма | тон
樺	か	かば かんば	Birch | Dark Red	бреза | тъмночервен
槙	てん しん	まき こずえ	Twig | Ornamental Evergreen	клонка | декоративно вечнозелено дърво
姻	いん		Matrimony | Marry	брак | женитба
巌	がん	いわ いわお けわ.しい	Rock | Crag | Boulder	скала | канара | отвесна скала
賭	と	か.ける かけ	Gamble | Wager | Bet	залагам | хазарт | облог
擬	ぎ	まが.い もど.き	Mimic | Aim (a Gun) At | Nominate | Imitate	имитирам | подражавам | насочвам (оръжие) | номинирам
塀	へい べい		Fence | Wall | (kokuji)	ограда | зид
唇	しん	くちびる	Lips	устна
睦	ぼく もく	むつ.まじい むつ.む むつ.ぶ	Intimate | Friendly | Harmonious	сърдечен | дружелюбен | хармоничен
閑	かん		Leisure	свободно време | спокойствие | бездействие
胡	う こ ご	なんぞ	Barbarian | Foreign	варварин | чужд
幽	ゆう	ふか.い かす.か くら.い しろ.い	Seclude | Confine To A Room | Deep | Profound | Secluded | Faint | Dark | Tranquil | Calm	уединен | тъмен | смътен | спокоен
峻	しゅん	けわ.しい たか.い	High | Steep	стръмен | висок
曹	そう ぞう		Office | Official | Comrade | Fellow	служба | чиновник | другар | сержант
詠	えい	よ.む うた.う	Recitation | Poem | Song | Composing	декламирам | съчинявам (стихотворение) | пея
卑	ひ	いや.しい いや.しむ いや.しめる	Lowly | Base | Vile | Vulgar	нисш | подъл | вулгарен
侮	ぶ	あなど.る あなず.る	Scorn | Despise | Make Light Of | Contempt	презирам | подигравам се | обида
鋳	ちゅう い しゅ しゅう	い.る	Casting | Mint	леене (на метал) | отливам
抹	まつ		Rub | Paint | Erase	изтривам | заличавам | намазвам
尉	い じょう		Military Officer | Jailer | Old Man | Rank	военно звание (офицер) | тъмничар | старец
槻	き	つき	Zelkova Tree	дзелкова (дърво)
隷	れい	したが.う しもべ	Slave | Servant | Prisoner | Criminal | Follower	роб | слуга | затворник | последовател
禍	か	わざわい	Calamity | Misfortune | Evil | Curse	бедствие | злощастие | зло | проклятие
蝶	ちょう		Butterfly	пеперуда
酪	らく		Dairy Products | Whey | Broth | Fruit Juice	млечни продукти | суроватка
茎	けい きょう	くき	Stalk | Stem	стъбло
汎	はん ぶ ふう ほう ほん	ただよ.う ひろ.い	Pan-	пан- (представка) | общ | всеобхватен
頃	けい きょう	ころ ごろ しばら.く	Time | About | Toward	време | период | приблизително
帥	すい		Commander | Leading Troops | Governor	командир | военачалник | управител
逝	せい	ゆ.く い.く	Departed | Die	почивам в мир | умирам | отминавам
滴	てき	しずく したた.る	Drip | Drop	капка | капя
汽	き		Vapor | Steam	пара
謎	めい べい	なぞ	Riddle | Puzzle | Enigma | Hint | Tip	загадка | гатанка
琢	たく	みが.く	Polish	шлифовам | полирам (скъпоценен камък)
匿	とく	かくま.う	Hide | Shelter | Shield	крия | укривам | подслонявам
爪	そう	つめ つま-	Claw | Nail | Talon	нокът | коготь
鍵	けん	かぎ	Key	ключ
襟	きん	えり	Collar | Neck | Lapel | One's Inner Feelings	яка | ревер | душевност
蛍	けい	ほたる	Lightning-bug | Firefly	светулка
蕉	しょう		Banana | Plantain	банан | бананово дърво
寡	か		Widow | Minority | Few	вдовица | малцинство | малоброен
琉	りゅう る		Precious Stone | Gem | Lapis Lazuli	скъпоценен камък | лазурит
痢	り		Diarrhea	диария
庸	よう		Commonplace | Ordinary | Employment	обикновен | посредствен | наемане на работа
朋	ほう	とも	Companion | Friend	другар | приятел
坑	こう		Pit | Hole	шахта | яма | рудник
藍	らん	あい	Indigo	индиго
賊	ぞく		Burglar | Rebel | Traitor | Robber	крадец | разбойник | предател | бунтовник
搾	さく	しぼ.る	Squeeze	изстисквам | доя
臼	きゅう ぐ	うす うすづ.く	Mortar	хаван | воденичен камък
畔	はん	あぜ くろ ほとり	Paddy Ridge | Levee	бразда между оризища | бряг (на езеро, река)
遼	りょう		Distant	далечен
唄	ばい	うた うた.う	Song | Ballad	песен | балада
孔	こう く	あな	Cavity | Hole | Slit | Very | Great | Exceedingly	отвор | дупка | пролука
橘	きつ	たちばな	Mandarin Orange	мандарина (вид цитрус)
漱	そう しゅう す	くちすす.ぐ くちそそ.ぐ うがい すす.ぐ	Gargle | Rinse Mouth	плакна устата | гаргара
呂	ろ りょ	せぼね	Spine | Backbone	гръбнак | гръбначен стълб
拷	ごう		Torture | Beat	измъчвам | бия
嬢	じょう	むすめ	Lass | Girl | Miss | Daughter	госпожица | дъщеря | момиче
苑	えん おん	その う.つ	Garden | Farm | Park	градина | парк
巽	そん	たつみ	Southeast	югоизток
杜	と とう ず	もり ふさ.ぐ やまなし	Woods | Grove	гора | горичка
渓	けい	たに たにがわ	Mountain Stream | Valley	планински поток | долина
翁	おう	おきな	Venerable Old Man	старец (уважаван) | дядо
廉	れん		Bargain | Reason | Charge | Suspicion | Point | Account | Purity | Honest | Low Price | Cheap | Rested | Contented | Peaceful	евтин | честен | скромен | безукорен
牙	が げ	きば は	Tusk | Fang | Tusk Radical (no. 92)	бивен | зъб (на хищник)
謹	きん	つつし.む	Discreet | Reverently | Humbly	почтително | предпазливо | смирено
瞳	どう とう	ひとみ	Pupil (of Eye)	зеница
湧	ゆう よう ゆ	わ.く	Boil | Ferment | Seethe | Uproar | Breed	бликам | извирам | кипя
欣	きん ごん こん	よろこ.ぶ よろこ.び	Take Pleasure In | Rejoice	радвам се | ликувам
窯	よう	かま	Kiln | Oven | Furnace	пещ (за керамика) | фурна
褒	ほう	ほ.める	Praise | Extol	хваля | възхвалявам
醜	しゅう	みにく.い しこ	Ugly | Unclean | Shame | Bad Looking	грозен | срамен | отвратителен
升	しょう	ます	Measuring Box | 1.8 Liter	мерителен съд | шо (мярка за обем)
殉	じゅん		Martyrdom | Follow By Resigning	мъченичество | саможертва
煩	はん ぼん	わずら.う わずら.わす うるさ.がる うるさ.い	Anxiety | Trouble | Worry | Pain | Ill | Annoy | Nuisance | Irksome	тревога | безпокойство | страдание | болен | досаждам | натрапчив
巴	は	ともえ うずまき	Comma-design	томое (спираловиден геометричен знак)?
禎	てい	さいわ.い	Happiness | Blessed | Good Fortune | Auspicious	щастие | благословен | добра поличба
枕	ちん しん	まくら	Pillow	възглавница
劾	がい		Censure | Criminal Investigation	порицание | разследване (на престъпление) | обвинение
堕	だ	お.ちる くず.す くず.れる	Degenerate | Descend To | Lapse Into	деградирам | изпадам (в) | падам
丼	とん たん しょう せい	どんぶり	Bowl | Bowl Of Food	купа | донбури (ястие с ориз в купа)
租	そ		Tariff | Crop Tax | Borrowing	данък | поземлен данък | заемане
稜	りょう ろう	いつ かど	Angle | Edge | Corner | Power | Majesty	ръб | ъгъл | острие | величие
桟	さん せん	かけはし	Scaffold | Cleat | Frame | Jetty | Bolt (door)	скеле | летва | рамка | кей | резе (на врата)
惧	く ぐ	おそ.れる	Fear | Be Afraid Of | Dread	страх | опасение | страхувам се
倭	わ い	やまと したが.う	Yamato | Ancient Japan	Ямато | древна Япония
婿	せい	むこ	Bridegroom | Son-in-law	младоженец | зет
慕	ぼ	した.う	Pining | Yearn For | Love Dearly | Adore	копнея (по) | обичам нежно | боготворя
斐	ひ い		Beautiful | Patterned	красив | украсен с шарки
罷	ひ	まか.り- や.める	Quit | Stop | Leave | Withdraw | Go	напускам | оттеглям се | преставам | уволнявам
矯	きょう	た.める	Rectify | Straighten | Correct | Reform | Cure | Control | Pretend | Falsify	изправям | коригирам | преправям | преструвам се
某	ぼう	それがし なにがし	So-and-so | One | A Certain | That Person	някой си | еди-кой си | определен
囚	しゅう	とら.われる	Captured | Criminal | Arrest | Catch	заловен | затворник | арестувам
魁	かい	さきがけ かしら	Charging Ahead Of Others	пионер | начело на другите
虹	こう	にじ	Rainbow	дъга
鴻	こう ごう	おおとり ひしくい おおがり	Large Bird | Wild Goose | Large | Great | Powerful | Prosperous	голяма птица | дива гъска | велик | могъщ | процъфтяващ
泌	ひつ ひ		Ooze | Flow | Soak In | Penetrate | Secrete	отделям (секрет) | просмуквам се | прониквам
於	お よ	おい.て お.ける ああ より	At | In | On | As For	в, на (частица за място или време)
赳	きゅう		Strong And Brave	силен и храбър
漸	ぜん	ようや.く やや ようよ.う すす.む	Steadily | Gradually Advancing | Finally | Barely	постепенно | стъпка по стъпка | най-накрая | едва
膳	ぜん せん	かしわ すす.める そな.える	Small Low Table | Tray	ниска масичка за хранене | поднос
蚊	ぶん	か	Mosquito	комар
葵	き	あおい	Hollyhock	ружа (растение)
厄	やく		Unlucky | Misfortune | Bad Luck | Disaster	нещастие | лош късмет | беда
藻	そう	も	Seaweed | Duckweed	водорасли
禄	ろく	さいわ.い ふち	Fief | Allowance | Pension | Grant | Happiness	феод | издръжка | пенсия | дар | щастие
孟	もう ぼう みょう	かしら	Chief | Beginning	главен | начало
嫡	ちゃく てき		Legitimate Wife | Direct Descent (non-bastard)	законна съпруга | законен наследник
呪	じゅ しゅ しゅう ず	まじな.う のろ.い まじな.い のろ.う	Spell | Curse | Charm | Malediction	заклинание | проклятие | магия
斬	ざん さん せん ぜん	き.る	Beheading | Kill | Murder	обезглавяване | убивам | посичам
尭	ぎょう	たか.い	High | Far	висок | далечен
怨	えん おん うん	うら.む うらみ うら.めしい	Grudge | Show Resentment | Be Jealous	злоба | негодувание | завиждам
串	かん けん せん	くし つらぬ.く	Spit | Skewer	шиш | шиш за скара
嚇	かく	おど.す	Menacing | Dignity | Majesty | Threaten	заплашителен | величие | заплашвам
巳	し	み	Sign Of The Snake Or Serpent | 9-11am | Sixth Sign Of Chinese Zodiac	змия (шести знак от китайския зодиак)
凸	とつ	でこ	Convex | Beetle Brow | Uneven	изпъкнал | неравен
暢	ちょう	のび.る	Stretch	плавен | тека свободно | разтягам се
腫	しゅ しょう	は.れる は.れ は.らす く.む はれもの	Tumor | Swelling	тумор | подуване
韻	いん		Rhyme | Elegance | Tone	рима | елегантност | тон
霜	そう	しも	Frost	слана
餅	へい ひょう	もち もちい	Mochi Rice Cake	моти (оризова питка)
硝	しょう		Nitrate | Saltpeter	нитрат | селитра
箸	ちょ ちゃく	はし	Chopsticks	клечки за хранене
勅	ちょく	いまし.める みことのり	Imperial Order	императорска заповед
芹	きん	せり	Parsley	магданоз
杏	きょう あん こう	あんず	Apricot	кайсия
棺	かん		Coffin | Casket	ковчег
儒	じゅ		Confucian	конфуциански
鳳	ほう ふう		Male Mythical Bird	митична птица (мъжки феникс)
馨	けい きょう	かお.る かおり	Fragrant | Balmy | Favourable	ароматен | благоуханен | благоприятен
斑	はん	ふ まだら	Spot | Blemish | Speck | Patches	петно | петна | лунички
慧	けい え	さとい	Wise	мъдър
摯	し	いた.る	Gift | Seriousness	искреност | сериозност
愁	しゅう	うれ.える うれ.い	Distress | Grieve | Lament | Be Anxious	мъка | скръб | тъга
楼	ろう	たかどの	Watchtower | Lookout | High Building	кула | наблюдателница | висока сграда
彬	ひん ふん	うるわ.しい あき.らか	Refined | Gentle	изискан | кротък
匡	きょう おう	すく.う	Correct | Save | Assist	коригирам | спасявам | подпомагам
眉	び み	まゆ	Eyebrow	вежда
欽	きん こん	つつし.む	Respect | Revere | Long For	почитам | уважавам | копнея
薪	しん	たきぎ まき	Fuel | Firewood | Kindling	дърва за огрев | гориво
堆	たい つい	うずたか.い	Piled High	натрупан | куп
褐	かつ		Brown | Woollen Kimono	кафяв | вълнено кимоно
賜	し	たまわ.る たま.う たも.う	Grant | Gift | Boon | Results	дарявам | дар | благодат
嵯	さ し		Steep | Craggy | Rugged	стръмен | скалист
綜	そう	おさ.める す.べる	Rule | Synthesize	обобщавам | синтезирам
繕	ぜん	つくろ.う	Darning | Repair | Mend | Trim | Tidy Up | Adjust	кърпя | поправям | оправям
栓	せん		Plug | Bolt | Cork | Bung | Stopper	запушалка | тапа | кран
翠	すい	かわせみ みどり	Green | Kingfisher	зелен | зимородник
鮎	でん ねん	あゆ なまず	Freshwater Trout | Smelt	аю (сладководна риба)
芯	しん		Wick	фитил | сърцевина
蜜	みつ びつ		Honey | Nectar | Molasses	мед | нектар | меласа
榛	しん はん	はしばみ はり	Hazelnut | Filbert	лешник
凹	おう	くぼ.む へこ.む ぼこ	Concave | Hollow | Sunken	вдлъбнат | хлътнал
艶	えん	つや なま.めかしい あで.やか つや.めく なま.めく	Glossy | Luster | Glaze | Polish | Charm | Colorful | Captivating	лъскав | блясък | чар | изящен
伺	し	うかが.う	Pay Respects | Visit | Ask | Inquire | Question | Implore	посещавам (учтиво) | питам | осведомявам се
惣	そう	すべ.て	All	всичко
股	こ	また もも	Thigh | Crotch	бедро | слабини
匂		にお.う にお.い にお.わせる	Fragrant | Stink | Glow | Insinuate | (kokuji)	мирис | аромат | лъхам
蔦	ちょう	つた	Vine | Ivy	бръшлян
玩	がん	もちあそ.ぶ もてあそ.ぶ	Play | Take Pleasure In | Trifle With | Make Sport Of	играя | забавлявам се | подигравам се
錬	れん	ね.る	Tempering | Refine | Drill | Train | Polish	закалявам | пречиствам | тренирам
蜂	ほう	はち	Bee | Wasp | Hornet	пчела | оса | стършел
隼	しゅん じゅん	はやぶさ	Falcon	сокол
渚	しょ	なぎさ	Strand | Beach | Shore	бряг | крайбрежие
衷	ちゅう		Inmost | Heart | Mind | Inside	вътрешност | сърце | душа
逐	ちく		Pursue | Drive Away | Chase | Accomplish | Attain | Commit	преследвам | прогонвам | постигам
斥	せき	しりぞ.ける	Reject | Retreat | Recede | Withdraw | Repel | Repulse	отхвърлям | отблъсквам | отстъпвам
稀	き け	まれ まばら	Rare | Phenomenal | Dilute (acid)	рядък | феноменален | разреден (за киселина)
芙	ふ		Lotus | Mt Fuji	лотос
詔	しょう	みことのり	Imperial Edict	императорски указ
皐	こう	さつき	Swamp | Shore	блато | бряг
雛	すう す じゅ	ひな ひよこ	Chick | Squab | Duckling | Doll	пиленце | кукла (за фестивала Хинамацури)
椅	い		Chair	стол
惟	い ゆい	おも.んみる これ おも.うに	Consider | Reflect | Think	размишлявам | обмислям
佑	ゆう う	たす.ける	Help | Assist	помощ | подкрепа
耀	よう	かがや.く ひかり	Shine | Sparkle | Gleam | Twinkle	блясък | сияние | искря
黛	たい	まゆずみ	Blackened Eyebrows	боя за вежди | начернени вежди
叱	しつ しち	しか.る	Scold | Reprove	карам се | смъмрям
渥	あく	あつ.い うるお.う	Kindness | Moisten	доброта | овлажнявам
挨	あい	ひら.く	Approach | Draw Near | Push Open	приближавам се | отварям
憧	しょう とう どう	あこが.れる	Yearn After | Long For | Aspire To | Admire | Adore	копнея | жадувам | обожавам
宵	しょう	よい	Wee Hours | Evening | Early Night	вечер | здрач
妄	もう ぼう	みだ.りに	Delusion | Unnecessarily | Without Authority | Reckless	заблуда | безразсъдно | самоволно
惇	しゅん じゅん とん	あつ.い	Sincere | Kind | Considerate	искрен | добър | внимателен
脩	しゅう	おさ.める なが.い ほじし	Dried Meat	сушено месо
甫	ほ ふ	はじ.めて	For The First Time | Not Until	за първи път | едва тогава
酌	しゃく	く.む	Bar-tending | Serving Sake | The Host | Draw (water) | Ladle | Scoop | Pump	наливам саке | черпя | черпак
蚕	さん てん	かいこ こ	Silkworm	копринена буба
嬉	き	うれ.しい たの.しむ	Glad | Pleased | Rejoice	радостен | радвам се | щастлив
蒼	そう	あお.い	Blue | Pale	син | бледосин | блед
餌	じ に	え えば えさ もち	Food | Bait | Prey | Tempting Profit	храна (за животно) | стръв | примамка
暉	き	かが.やく	Shine | Light	блясък | светлина
頒	はん	わか.つ	Distribute | Disseminate | Partition | Understand	разпространявам | раздавам
只	し	ただ	Only | Free | In Addition	само | безплатно
肢	し		Limb | Arms & Legs	крайник
檀	だん たん	まゆみ	Cedar | Sandlewood | Spindle Tree	кедър | сандалово дърво
凱	がい かい	かちどき やわらぐ	Victory Song	победна песен | триумф
彗	すい え けい せい	ほうき	Comet	комета
謄	とう		Mimeograph | Copy	препис | копие
脊	せき	せ せい	Stature | Height	гръбнак | ръст
梓	し	あずさ	Catalpa Tree | Woodblock Printing	каталпа | дърворезба за печат
丑	ちゅう	うし	Sign Of The Ox Or Cow | 1-3am | Second Sign Of Chinese Zodiac	знакът на Вола (зодия) | 1-3 часа през нощта
嗣	し		Heir | Succeed	наследник | наследявам
叶	きょう	かな.える かな.う	Grant | Answer	изпълнявам (желание) | сбъдвам
凄	せい さい	さむ.い すご.い すさ.まじい	Uncanny | Weird | Threatening | Horrible	страшен | ужасен | зловещ
汐	せき	しお うしお せい	Eventide | Tide | Salt Water | Opportunity	прилив | вечерен прилив
絢	けん		Brilliant Fabric Design	бляскава шарка на тъкан
嫉	しつ	そね.む ねた.む にく.む	Jealous | Envy	ревнив | завист
朔	さく	ついたち	Conjunction (astronomy) | First Day Of Month | North	новолуние | първи ден от месеца | север
膝	しつ	ひざ	Knee | Lap	коляно | скут
伽	か が きゃ ぎゃ	とぎ	Nursing | Attending | Entertainer	грижа | придружаване | забавление
恣	し	ほしいまま	Selfish | Arbitrary	своеволен | произволен
畝	ぼう ほ も む	せ うね	Furrow | Thirty Tsubo | Ridge | Rib	бразда | леха | хребет
抄	しょう		Extract | Selection | Summary | Copy | Spread Thin	извадка | резюме | препис
麺	めん べん	むぎこ	Noodles | Wheat Flour	юфка | паста | пшенично брашно
戴	たい	いただ.く	Be Crowned With | Live Under (a Ruler) | Receive	коронясвам | получавам (учтиво)
爽	そう	あき.らか さわ.やか たがう	Refreshing | Bracing | Resonant | Sweet | Clear	освежаващ | бодър | ясен
裾	きょ こ	すそ	Cuff | Hem | Foot Of Mountain	подгъв | поли на дреха | подножие на планина
黎	れい り	くろ.い	Dark | Black | Many	тъмен | черен | множество
惰	だ		Lazy | Laziness	мързелив | леност
蛮	ばん	えびす	Barbarian	варварин
冴	ご こ	さ.える こお.る ひ.える	Be Clear | Serene | Cold | Skilful	ясен | бистър | студен | умел
旺	おう きょう ごう	かがや.き うつくし.い さかん	Flourishing | Successful | Beautiful | Vigorous	процъфтяващ | буен | енергичен
萌	ほう	も.える きざ.す めばえ きざ.し	Show Symptoms Of | Sprout | Bud | Malt	покълвам | пъпка | малц
冥	めい みょう	くら.い	Dark	тъмен | отвъден свят
偲	さい し	しの.ぶ	Recollect | Remember	спомням си
壱	いち いつ	ひとつ	One (in Documents)	едно (в документи)
瑠	る りゅう		Lapis Lazuli	лапис лазули
允	いん	じょう まこと.に ゆるす	License | Sincerity | Permit	разрешение | позволявам | искреност
侯	こう		Marquis | Lord | Daimyo	маркиз | феодален владетел
麓	ろく	ふもと	Foot Of A Mountain	подножие на планина
蒔	し じ	う.える ま.く	Sow (seeds)	сея (семена)
鯉	り	こい	Carp	шаран
弧	こ		Arc | Arch | Bow	дъга
稽	けい	かんが.える とど.める	Think | Consider	мисля | обмислям
遥	よう	はる.か	Far Off | Distant | Long Ago	далечен | отдавнашен
蹴	しゅく しゅう	け.る	Kick	ритам
訃	ふ	しらせ	Obituary	некролог | известие за смърт
剥	はく ほく	へ.ぐ へず.る む.く む.ける は.がれる は.ぐ は.げる は.がす	Come Off | Peel | Fade | Discolor	беля се | обелвам | избледнявам
舜	しゅん		Type Of Morning Glory | Rose Of Sharon | Althea	хибискус (вид)
蓋	がい かい こう	ふた けだ.し おお.う かさ かこう	Cover | Lid | Flap	капак | похлупак
畏	い	おそ.れる かしこま.る かしこ かしこ.し	Fear | Majestic | Graciously | Be Apprehensive	страхопочитание | страх | величествен
喉	こう	のど	Throat | Voice	гърло | глас
瑛	えい		Sparkle Of Jewelry | Crystal	блясък на скъпоценен камък | кристал
附	ふ	つ.ける つ.く	Affixed | Attach | Refer To | Append	прикрепен | прилагам | приложение
彪	ひょう ひゅう	あや	Spotted | Mottled | Patterned | Small Tiger	пъстър | шарен | малко тигърче
卯	ぼう もう	う	Sign Of The Hare Or Rabbit | Fourth Sign Of Chinese Zodiac | 5-7am | East	знакът на Заека (зодия) | изток
但	たん	ただ.し	However | But	но | обаче
綺	き	あや	Figured Cloth | Beautiful	красив | украсена тъкан
芋	う	いも	Potato	картоф | грудка
拭	しょく しき	ぬぐ.う ふ.く	Wipe | Mop | Swab	бърша | изтривам
茜	せん	あかね	Madder | Red Dye | Turkey Red	морена (растение) | тъмночервен цвят
凌	りょう	しの.ぐ	Endure | Keep (rain)out | Stave Off | Tide Over | Defy | Slight | Surpass	издържам | устоявам | надминавам
皓	こう	しろ.い ひか.る	White | Clear	бял | ясен
洸	こう		Sparkling Water	искряща вода
毬	きゅう	いが まり	Burr | Ball	топка | бодлива обвивка
婆	ば	ばば ばあ	Old Woman | Grandma | Wet Nurse	старица | баба
緋	ひ	あけ あか	Scarlet | Cardinal	аленочервен
貼	てん ちょう	は.る つ.く	Stick | Paste | Apply	лепя | залепвам
鯛	ちょう	たい	Sea Bream | Red Snapper	морска платика
怜	れい れん りょう	あわ.れむ さと.い	Wise	мъдър | съобразителен
邑	ゆう	むら	Village | Rural Community | Right Village Radical (no. 163)	село | селска община
倣	ほう	なら.う	Emulate | Imitate	подражавам | имитирам
碧	へき ひゃく		Blue | Green	син | зелен | лазурен
諦	てい たい	あきら.める つまびらか まこと	Truth | Clarity | Abandon | Give Up	отказвам се | примирявам се | истина
煎	せん	せん.じる い.る に.る	Broil | Parch | Roast | Boil	пържа | пека | варя
緻	ち	こまか.い	Fine (i.e. Not Coarse)	фин | изящен
哺	ほ	はぐく.む ふく.む	Nurse | Suckle	кърмя
啄	たく つく とく	ついば.む つつ.く	Peck | Pick Up	кълва
穣	じょう	わら ゆたか	Good Crops | Prosperity | 10**28	богата реколта | изобилие
罵	ば	ののし.る	Abuse | Insult	ругая | обиждам
酉	ゆう	とり	West | Bird | Sign Of The Bird | 5-7pm | Tenth Sign Of Chinese Zodiac | Sake Radical (no. 164)	знакът на Петела (зодия) | запад
悌	てい だい		Serving Our Elders	почит към старшите
乞	こつ きつ き きけ こち	こ.う	Beg | Invite | Ask	моля | прося
倹	けん	つま.しい つづまやか	Frugal | Economy | Thrifty	пестелив | икономичен | скромен
嗅	きゅう	か.ぐ	Smell | Sniff | Scent	мириша | подушвам | обоняние
蔑	べつ	ないがしろ なみ.する くらい さげす.む	Ignore | Despise | Neglect | Ridicule	презирам | пренебрегвам | подигравам се
柚	ゆ ゆう じく	ゆず	Citron	юзу (цитрусов плод)
繭	けん	まゆ きぬ	Cocoon	пашкул
且	しょ そ しょう	か.つ	Moreover | Also | Furthermore	освен това | също | и
丙	へい	ひのえ	Third Class | 3rd | 3rd Calendar Sign	трети клас | трети (пореден номер) | трети циклик знак
伎	ぎ き	わざ わざおぎ	Deed | Skill	умение | изкуство
侶	りょ ろ	とも	Companion | Follower	спътник | другар
傲	ごう	おご.る あなど.る	Be Proud	горделив | надменен
僅	きん ごん	わず.か	A Wee Bit	съвсем малко | едва
冶	や	い.る	Melting | Smelting	топя (метал) | леярство
刹	せち せつ さつ		Temple	храм
勃	ぼつ ほつ	おこ.る にわかに	Suddenness | Rise	внезапност | надигане
勾	こう く	かぎ ま.がる	Be Bent | Slope | Capture	извивам се | наклон | залавям
吏	り		Officer | An Official	чиновник | служител
咽	いん えん えつ	むせ.ぶ むせ.る のど の.む	Throat | Choked | Smothered | Stuffy	гърло | задавям се
唾	だ た	つば つばき	Saliva | Sputum	слюнка
喩	ゆ	たと.える さと.す	Metaphor | Compare	метафора | сравнявам
嘲	ちょう とう	あざけ.る	Ridicule | Insult	подигравам се | присмивам се
塑	そ	でく	Model | Molding	моделирам | скулптура
塞	そく さい	ふさ.ぐ とりで み.ちる	Close | Shut | Cover | Block | Obstruct	затварям | запушвам | преграждам
塡	てん ちん	はま.る うず.める は.める ふさ.ぐ	Fill In | Fill Up | Make Good	запълвам | изпълвам
墾	こん	は.る ひら.く	Ground-breaking | Open Up Farmland	разоравам | разработвам земя
妬	と つ	ねた.む そね.む つも.る ふさ.ぐ	Jealous | Envy	ревнувам | завиждам
宛	えん	あ.てる -あて -づつ あたか.も	Address | Just Like | Fortunately	адрес | точно като | все едно
崖	がい げ ぎ	がけ きし はて	Cliff | Bluff | Precipice	скала | пропаст
巾	きん ふく	おお.い ちきり きれ	Towel | Hanging Scroll | Width | Cloth Radical (no. 50)	кърпа | ширина
弄	ろう る	いじく.る ろう.する いじ.る ひねく.る たわむ.れる もてあそ.ぶ	Play With | Tamper | Trifle With	играя си с | човъркам | подигравам се с
弐	に じ	ふた.つ そえ	Ii | Two | Second	две (официален запис на числото) | втори
彙	い	はりねずみ	Same Kind | Collect | Classify | Category | Hedgehog	категория | събирам | класифицирам
慄	りつ	ふる.える おそ.れる おのの.く	Fear	страх | треперя от страх
憬	けい	あこが.れる	Yearn For | Aspire To | Admire	копнея | стремя се
戚	そく せき	いた.む うれ.える みうち	Grieve | Relatives	роднини | скърбя
拉	らつ ら ろう	らっ.する ひし.ぐ くだ.く	Latin | Kidnap | Crush	отвличам | смачквам
拶	さつ	せま.る	Be Imminent | Draw Close	приближавам се | наближавам
捗	ちょく ほ	はかど.る	Make Progress	напредвам
捻	ねん じょう	ね.じる ねじ.る ひね.くる ひね.る	Twirl | Twist | Play With	усуквам | извивам
斤	きん		Axe | 1.32 Lb | Catty | Counter For Loaves Of Bread | Axe Radical (no. 69)	брояч за хлябове | кин (мярка за тегло) | брадва
旦	たん だん	あき.らか あきら ただし あさ あした	Daybreak | Dawn | Morning	зазоряване | утро
昧	まい ばい	くら.い むさぼ.る	Dark | Foolish	тъмен | глупав
曖	あい	くら.い	Dark | Not Clear	неясен | смътен
朕	ちん		Majestic Plural | Imperial We	императорско "ние"
柵	さく さん	しがら.む しがらみ とりで やらい	Stockade | Fence | Weir | Entwine Around	ограда | палисада
桁	こう	けた	Beam | Girder | Spar | Unit Or Column (accounting)	греда | разряд (в число)
梗	こう きょう	ふさぐ やまにれ おおむね	For The Most Part | Close Up | Flower Stem	запушване (на кръвоносен съд) | най-общо
楷	かい		Square Character Style | Correctness	печатен стил (на йероглифите)
毀	き	こぼ.つ こわ.す こぼ.れる こわ.れる そし.る やぶ.る	Break | Destroy | Censure | Be Chipped | Be Scratched | Be Broken | Be Ruined	чупя | унищожавам | накърнявам
氾	はん	ひろ.がる	Spread Out | Wide	прелива | разлива се
汰	た たい	おご.る にご.る よな.げる	Washing | Sieving | Filtering | Weeding Out | Luxury	пресявам | отсявам | лукс
沃	よう よく おく	そそ.ぐ	Fertility	плодороден
淫	いん	ひた.す ほしいまま みだ.ら みだ.れる みだり	Lewdness | Licentiousness	разврат | похотливост
溺	でき じょう にょう	いばり おぼ.れる	Drown | Indulge	давя се | отдавам се (на нещо)
潰	かい え	つぶ.す つぶ.れる つい.える	Crush | Smash | Break | Dissipate	смачквам | разбивам
濫	らん	みだ.りに みだ.りがましい	Excessive | Overflow | Spread Out	прекомерен | преливам
爵	しゃく		Baron | Peerage | Court Rank	благородническа титла | барон
璃	り		Glassy | Lapis Lazuli	лазурит | стъклен
璧	へき	たま	Sphere | Ball	съвършенство
璽	じ		Emperor's Seal	императорски печат
痘	とう		Pox | Smallpox	едра шарка
痩	そう ちゅう しゅう しゅ	や.せる	Get Thin	отслабвам
瘍	よう	かさ	Swelling | Boil | Tumor	тумор | язва | подуване
瞭	りょう	あきらか	Clear	ясен
窟	くつ こつ	いわや いはや あな	Cavern	пещера
箇	か こ		Counter For Articles	брояч за предмети
箋	せん	ふだ	Paper | Label | Letter | Composition	листче | бележка
籠	ろう る	かご こ.める こも.る こ.む	Basket | Devote Oneself | Seclude Oneself | Cage | Coop | Implied	кошница | затварям се | клетка
綻	たん	ほころ.びる	Be Rent | Ripped | Unravel | Run | Begin To Open | Smile	разпаря се | пропуква се
羞	しゅう	はじ.る すすめ.る は.ずかしい	Feel Ashamed	срамувам се
羨	せん えん	うらや.む あまり	Envious | Be Jealous | Covet	завиждам
耗	もう こう		Decrease	намалявам | изхабявам се
肘	ちゅう	ひじ	Elbow | Arm	лакът
腺	せん		Gland	жлеза
臆	おく よく	むね おくする	Timidity | Heart | Mind | Fear | Cowardly	плахост | страхливост
舷	げん	ふなばた ふなべり	Gunwale	борд (на кораб)
苛	か	いじ.める さいな.む いらだ.つ からい こまかい	Torment | Scold | Chastise	тормозя | измъчвам
萎	い	な しお.れる しな.びる しぼ.む な.える	Wither | Droop | Lame	вехна | увяхвам
蔽	へい へつ ふつ	おお.う おお.い	Cover | Shade | Mantle | Capsize | Be Ruined	покривам | засенчвам
虞	ぐ	おそれ おもんぱか.る はか.る うれ.える あざむ.く あやま.る のぞ.む たの.しむ	Fear | Uneasiness | Anxiety | Concern | Expectation | Consideration	опасение | безпокойство
詣	けい げい	けい.する まい.る いた.る もう.でる	Visit A Temple | Arrive | Attain	посещавам (храм) | достигам
詮	せん	せん.ずる かい あき.らか	Discussion | Methods Called For | Selection | Result	разискване | средство | резултат
諧	かい	かな.う やわ.らぐ	Harmony	хармония
謁	えつ		Audience | Audience (with King)	аудиенция (при владетел)
貌	ぼう ばく	かたち かたどる	Form | Appearance | Countenance	вид | външност
貪	たん どん とん	むさぼ.る	Covet | Indulge In	алчен | ненаситен
賂	ろ	まいな.い まいな.う	Bribe	подкуп
賦	ふ ぶ		Levy | Ode | Prose | Poem | Tribute | Installment	налог | вноска | ода
踪	そう しょう	あと	Remains | Clue | Footprint	следа | диря
辣	らつ	から.い	Pungent | Spicy | Harsh | Cruel | Severe	лют | жесток
遜	そん	したが.う へりくだ.る ゆず.る	Humble | Modest	скромен
遡	そ さく	さかのぼ.る	Go Upstream | Retrace The Past	изкачвам се по течението | връщам се назад
遵	じゅん		Abide By | Follow | Obey | Learn	спазвам | следвам
酎	ちゅう ちゅ	かも.す	Sake	японска дестилирана напитка
醒	せい	さ.ます さ.める	Awake | Be Disillusioned | Sober Up	събуждам се | изтрезнявам
采	さい	と.る いろどり	Dice | Form | Appearance | Take | Gather | Coloring	цвят | вземам | жребий
錮	こ	ふさ.ぐ	Confinement | To Tie	лишаване от свобода | затварям
隙	げき きゃく けき	すき す.く す.かす ひま	Crevice | Fissure | Discord | Opportunity | Leisure	пролука | процеп | свободно време
頓	とん とつ	にわか.に とん.と つまず.く とみ.に ぬかずく	Suddenly | Immediately | In A Hurry | Arrange | Stay In Place | Bow | Kowtow	внезапно | подреждам
頰	きょう	ほお ほほ	Cheeks | Jaw	буза
顎	がく	あご あぎと	Jaw | Chin | Gill	челюст | брадичка
骸	がい かい	むくろ	Bone | Body | Corpse	труп | останки | кости
鬱	うつ	うっ.する ふさ.ぐ しげ.る	Gloom | Depression | Melancholy | Luxuriant	депресия | потиснатост | меланхолия | буйна растителност
丞	じょう しょう	すく.う たす.ける	Help	помощ | помагам
亥	がい かい	い	Sign Of The Hog | 9-11pm | Twelfth Sign Of The Chinese Zodiac	прасе (зодиакален знак) | дванадесети знак от китайския зодиак | 9-11 часа вечерта
亦	えき やく	また	Also | Again	също | отново
伶	れい りょう	わざおぎ	Actor	актьор
侃	かん	つよ.い	Strong | Just | Righteous | Peace-loving	силен | справедлив | праведен | миролюбив
侑	ゆう う	すす.める たす.ける	Urge To Eat	подканям да яде | гощавам | помагам
倖	こう	しあわ.せ さいわ.い	Happiness | Luck	щастие | късмет
凜	りん	きびし.い	Cold | Strict | Severe	студен | строг | суров
凪		なぎ な.ぐ	Lull | Calm | (kokuji)	затишие | спокойствие (на морето)
勁	けい	つよ.い	Strong	силен | як
勺	しゃく		Ladle | One Tenth Of A Go | Dip	черпак | една десета от го (мярка за обем)
匁		もんめ め	Monme | 3.75 Grams | (kokuji)	моме (японска мярка за тегло, 3,75 г)
叡	えい	あき.らか	Intelligence | Imperial	мъдрост | императорски
哉	さい	かな や	How | What | Alas | Question Mark | Exclamation Mark	как | какво | уви (възклицателна частица)
奎	けい き		Star | God Of Literature	звезда | бог на литературата
宥	ゆう	なだ.める ゆる.す	Soothe | Calm | Pacify	успокоявам | утешавам | прощавам
崚	りょう		Mountains Towering In A Row	редица извисяващи се планини
嵩	すう しゅう	かさ かさ.む たか.い	Be Aggravated | Grow Worse | Grow Bulky | Swell	обем | нараствам | уголемявам се | подувам се
恕	じょ しょ	ゆる.す	Excuse | Tolerate | Forgive	извинявам | търпя | прощавам
捷	しょう そう	はや.い	Victory | Fast	победа | бърз
捺	なつ だつ	さ.す お.す	Press | Print | Affix A Seal | Stamp	печатам | поставям печат
昂	こう ごう	あ.がる たか.い たか.ぶる	Rise	издигам се | възбуждам се
昴	こう ぼう	すばる	The Pleiades	Плеяди
晏	あん	おそ.い	Late | Quiet | Sets (sun)	късен | тих | залязва (за слънцето)
晟	せい じょう	あきらか	Clear	ясен
晨	しん	あした とき あさ	Morning | Early	сутрин | рано
柊	しゅ しゅう	ひいらぎ	Holly	падуб
柾		まさ まさめ まさき	Straight Grain | Spindle Tree | (kokuji)	права дървесна жилка | евонимус (храст)
栞	かん	しおり	Bookmark | Guidebook	отметка (за книга) | пътеводител
梢	しょう	こずえ くすのき	Treetops | Twig	връх на дърво | клонче
梧	ご	あおぎり	Chinese Parasol Tree | Phoenix Tree	фирмиана (дърво)
椋	りょう	むく	Type Of Deciduous Tree | Grey Starling	вид листопадно дърво | сив скорец
椰	や	やし	Coconut Tree	кокосова палма
楓	ふう	かえで	Maple	клен
洵	じゅん しゅん	の.ぶ まこと.に	Alike | Truth	наистина | истина
滉	こう	ひろ.い	Deep And Broad	дълбок и широк
澪	れい	みお	Water Route | Shipping Channel	воден път | плавателен канал
熙	き	たのし.む ひか.る ひろ.い よろこ.ぶ かわ.く あきらか ひろ.める ひろ.まる	Bright | Sunny | Prosperous | Merry	светъл | слънчев | процъфтяващ | весел
燎	りょう	かがりび	Burn | Bonfire	горя | огън на открито
燦	さん	さん.たる あき.らか きらめ.く きら.めく	Brilliant	блестящ | лъчезарен
燿	よう	かがや.く ひかり	Shine	блестя | сияя
爾	じ に	なんじ しかり その のみ おれ しか	You | Thou | Second Person	ти (архаично)
玖	きゅう く		Beautiful Black Jewel | Nine	черен скъпоценен камък | девет
琳	りん		Jewel | Tinkling Of Jewelry	скъпоценен камък | звънтене на накити
瑚	こ ご		Ancestral Offering Receptacle | Coral	корал
瑳	さ	みが.く	Polish | Brilliant White Luster Of A Gem | Artful Smile	полирам | блясък на скъпоценен камък
瑶	よう	たま	Beautiful As A Jewel	красив като скъпоценен камък
眸	ぼう む	ひとみ	Pupil Of The Eye	зеница
碩	せき	おお.きい	Large | Great | Eminent	голям | велик | изтъкнат
竣	どう しゅん	わらわ わらべ おわ.る	End | Finish	завършвам | приключвам
笙	しょう そう	ふえ	A Reed Instrument	шо (японски духов инструмент)
紗	さ しゃ	うすぎぬ	Gauze | Gossamer	воал | тюл
紬	ちゅう	つむぎ つむ.ぐ	Pongee (a Knotted Silk Cloth)	цумуги (вид копринен плат)
絃	げん	いと	String | Cord | Samisen Music	струна | музика за струнни инструменти
綸	りん かん	いと	Thread | Silk Cloth	конец | копринен плат
耶	や じゃ	か	Question Mark	въпросителна частица
胤	いん	たね	Descendent | Issue | Offspring	потомък | поколение
脹	ちょう	は.れる ふく.らむ ふく.れる	Dilate | Distend | Bulge | Fill Out | Swell	подувам се | разширявам се
茄	か		Eggplant	патладжан
茉	まつ ばつ ま		Jasmine	жасмин
莉	り らい れい		Jasmine	жасмин
莞	かん	い	Smiling | Reed Used To Cover Tatami	усмихвам се | тръстика за рогозки
菖	しょう		Iris	перуника
菫	きん	すみれ	The Violet	теменужка
蓉	よう		Lotus	лотос
蕗	ろ る	ふき	Butterbur | Bog Rhubarb	бутербур (растение)
衿	きん こん	えり	Neck | Collar | Lapel	яка | ревер
袈	け か		A Coarse Camlet	груб плат | монашеска роба
裟	さ しゃ		Buddhist Surplice	будистка монашеска роба
詢	じゅん しゅん	はか.る まこと	Consult With	съветвам се | консултирам се
誼	ぎ	よしみ よい	Friendship | Intimacy	приятелство | близост
諄	しゅん	ひちくど.い くど.い くどくど ねんご.ろ	Tedious	досаден | многословен
諒	りょう	あきら.か まことに	Fact | Reality | Understand | Appreciate	разбирам | оценявам | истина
迪	てき	みち みちび.く すす.む いた.る	Edify | Way | Path	път | напътствам
銑	せん		Pig Iron	чугун
錘	すい	つむ おもり	Weight | Plumb Bob | Sinker | Spindle	тежест | отвес | вретено
鞠	きく きゅう	まり	Ball	топка
頌	しょう じゅ よう	かたち たた.える ほめ.る	Eulogy	възхвала | ода
颯	さつ そう	さっ.と	Sudden | Quick | Sound Of The Wind	внезапен | бърз | шум на вятъра
麟	りん		Chinese Unicorn | Genius | Giraffe | Bright | Shining	митично същество цилин | гений | жираф
麿		まろ	I | You | (kokuji)	аз | ти (архаично)
菱	りょう	ひし	Diamond (shape) | Water Chestnut | Rhombus	ромб | воден кестен
煕	き	たのし.む ひか.る ひろ.い よろこ.ぶ かわ.く あきらか ひろ.める ひろ.まる	Shine	блестя | сияя
幌	こう	ほろ とばり	Canopy | Awning | Hood | Curtain	покривало | сенник | качулка
梶	び	かじ こずえ	Sculling Oar	кормово гребло
渕	えん かく こう	ふち かた.い はなわ	Edge	ръб | дълбок вир
孜	し	つと.める	Industriousness	трудолюбие
盧	ろ		Hut	колиба
笠	りゅう	かさ	Bamboo Hat | One's Influence	бамбукова шапка | влияние
趙	ちょう じょう きょう		Nimble | Late-going	пъргав | закъснял
筑	ちく		An Ancient Musical Instrument	цуку (древен музикален инструмент)
篠	ぞう しょう	しの ささ すず	Bamboo Grass	бамбукова трева
菅	かん けん	すげ	Sedge	острица
俣		また	Crotch | Thigh | Groin | (kokuji)	чатал | слабини
淵	えん かく こう	ふち かた.い はなわ	Abyss | Edge | Deep Pool | The Depths	бездна | дълбок вир | дълбини
柏	はく ひゃく びゃく	かしわ	Oak | Cypress	дъб | кипарис
辻		つじ	Crossing | Crossroad | Street Corners | (kokuji)	кръстовище | ъгъл на улица
荻	てき	おぎ	Reed | Rush	тръстика
嶋	とう	しま	Island	остров
柴	さい し	しば	Brush | Firewood	съчки | храсти
磐	ばん はん	いわ	Rock | Crag | Cliff | Wall (in A Mine)	скала | канара | стръмнина
鄭	てい じょう		An Ancient Chinese Province	древно китайско царство Джън?
芦	ろ	あし よし	Reed | Bullrush	тръстика | папур
龍	りゅう りょう ろう	たつ	Dragon | Imperial	дракон | императорски
釧	せん	くしろ うでわ	Bracelet	гривна
嶌	とう	しま	Island	остров
函	かん	はこ い.れる	Box (archaic)	кутия | сандък
鴨	おう	かも あひる	Wild Duck | Easy Mark	дива патица | лесна жертва
樋	とう	ひ とい	Water Pipe | Gutter | Downspout | Conduit	водосточна тръба | улук
吾	ご	われ わが- あ-	I | My | Our | One's Own	аз | мой | наш
倶	ぐ く	とも.に	Both	заедно | двамата
堺	かい	さかい	World	свят | граница
呆	ほう	ほけ.る ぼ.ける あき.れる おろか	Be Amazed | Disgusted | Shocked	смаян | слабоумен | глупав
窪	わ あ	くぼ.む くぼ.み くぼ.まる くぼ	Depression | Cave In | Sink | Become Hollow	падина | хлътвам | вдлъбнатина
雀	じゃく じゃん さく しゃく	すずめ	Sparrow	врабче
畠		はたけ はた	Field | Farm | Garden | (kokuji)	нива | градина
蒲	ほ ぼ ふ ぶ	がま かば かま	Bullrush | Flag | Cattail	папур | тръстика
粕	はく	かす	Scrap | Waste	утайка | остатък
冨	ふ ふう	と.む とみ	Enrich | Wealthy | Abundant	обогатявам | богат | изобилен
湘	しょう		Name Of Chinese River | The Sagami River	име на китайска река | река Сагами
灘	たん だん	なだ せ	Open Sea	открито море
堰	えん	せき せ.く	Dam | Prevent | Stop Up	бент | язовир | преграждам
獅	し	しし	Lion	лъв
姜	きょう が	こう	Chinese Surname | Ginger	китайско фамилно име | джинджифил
鷲	しゅう じゅ	わし	Eagle	орел
芥	かい け	からし ごみ あくた	Mustard | Rape | Dust | Trash | Rubbish	горчица | прах | боклук
其	き ぎ ご	それ その	That	това | онова
榎	か	えのき	Lotus Tree | Nettle Tree | Hackberry	вид дърво (келтис)?
劉	りゅう る	ころ.す	Weapon Of War | Logging Axe | Kill En Masse | Peeling (paint Off A Wall, Etc) | Sparse | Faded	избивам в голям брой | секира за дърва | оредял
幡	まん はん ばん ほん	はた	Flag	знаме
諏	しゅ す	そう はか.る	Consult	съветвам се | допитвам се
崔	がい さい すい	がけ	Cliff | Bluff | Precipice	скала | стръмнина | пропаст
琵	び ひ		Glissando On Strings | Lute	лютня (японска биуа)
琶	は べ わ		Lute	лютня
聯	れん	つら.なる つら.ねる	Party | Gang | Clique	свързвам | група | клика
蘇	そ す	よみがえ.る	Be Resuscitated | Revived | Perilla | Shiso	съживявам се | възкръсвам | перила (растение)
樽	そん	たる	Barrel | Cask | Keg	бъчва | бъчонка
薩	さつ さち		Salvation | Buddha	спасение | използва се фонетично, напр. в „бодхисатва“
淀	てん でん	よど.む	Pool | Eddy	вир | водовъртеж
麹	きく	こうじ	Malt | Yeast	малц | мая (коджи)
哨	しょう	みはり	Scout | Sentinel	часови | пост | охрана
炒	そう しょう	い.る いた.める	Broil | Parch | Roast | Fry	пържа | изпържвам | пека
屏	へい びょう	おお.う しりぞ.く びょう.ぶ	Wall | Fence	стена | преграда | параван
梁	りょう	はり うつばり うちばり やな はし	Weir | Fish Trap | Beam | Girder	греда | балка | рибарска бентова преграда
箕	き	み	Winnowing	веене на зърно | веячка
芭	ば は		Banana	банан
逗	とう ず	とど.まる	Stop	спирам | отбивам се | престоявам
苫	せん	とま	Rush Matting	рогозка от тръстика
楢	しゅう ゆう	なら	Oak	дъб
兜	とう と	かぶと	Helmet | Head Piece	шлем | каска
姑	こ	しゅうとめ しゅうと おば しばらく	Mother-in-law	свекърва | тъща
烏	う お	からす いずくんぞ なんぞ	Crow | Raven	врана | гарван
僑	きょう		Temporary Home	временно жилище | преселник в чужбина
奄	えん	おお.う たちまち	Cover | Suffocate | Obstruct	покривам | задушавам | препречвам
桧	かい	ひのき ひ	Japanese Cypress	японски кипарис
宋	そう		Dwell | Sung Dynasty	династия Сун (Китай)
藝	げい うん	う.える のり わざ	Art | Craft | Performance | Acting | Trick | Stunt	изкуство | занаят | изпълнение | номер
魏	ぎ	たか.い	High | Large | Kingdom Of Wei	високо | голямо | царство Уей (Китай)
篇	へん		Volume | Chapter | Book | Editing | Compilation	том | глава | книга | съставяне
此	し	これ この ここ	This | Current | Next | Coming | Last | Past	това | настоящ | следващ
峯	ほう	みね ね	Peak | Summit	връх
菩	ぼ		Kind Of Grass | Sacred Tree	свещено дърво | използва се фонетично, напр. в „бодхисатва“
檜	かい	ひのき ひ	Japanese Cypress	японски кипарис
牟	ぼう む		Pupil (eye) | Moo (cow Sound)	зеница на окото | мучене на крава
榊		さかき	Sacred Shinto Tree | (kokuji)	свещено синтоистко дърво (сакаки)
錫	せき しゃく	すず たま.う	Copper | Tin	калай
荏	じん にん		Bean | Perilla | Herb | Soft | Pliable	перила (растение) | мек | гъвкав
廟	びょう みょう	たまや みたまや やしろ	Mausoleum | Shrine | Palace	мавзолей | храм | дворец
銚	ちょう よう	なべ	Sake Bottle	съд за саке | гарафа за саке
薮	そう	やぶ	Thicket | Bush | Underbrush | Grove	гъсталак | храсталак
逢	ほう	あ.う むか.える	Meeting | Tryst | Date | Rendezvous	среща | свиждане
凧		いかのぼり たこ	Kite | (kokuji)	хвърчило
鵜	てい だい	う	Cormorant	корморан
庵	あん	いおり いお	Hermitage | Retreat	отшелническа колиба | скит
萬	まん ばん	よろず	Ten Thousand | 10,000	десет хиляди
鴈	がん	かり かりがね	Wild Goose	дива гъска
狼	ろう	おおかみ	Wolf	вълк
尖	せん	とが.る さき するど.い	Be Pointed | Sharp | Taper | Displeased | Angry | Edgy	остър | заострен | изопнат
翫	がん	もてあそ.ぶ	Take Pleasure In | Play Instrument	наслаждавам се | свиря на инструмент
嶽	がく	たけ	Peak	връх
卿	けい きょう	きみ	You | Lord | Secretary | State Minister	господар | лорд | министър
已	い	や.む すで.に のみ はなはだ	Stop | Halt | Previously | Already | Long Ago	спирам | вече | отдавна
粟	ぞく しょく そく	あわ もみ	Millet	просо
燕	えん	つばめ つばくら つばくろ	Swallow (bird)	лястовица
綴	てい てつ てち げつ	と.じる つづ.る つづり すみ.やか	Compose | Spell | Write | Bind (books)	съставям | пиша | подвързвам книги
埴	しょく	はに へな	Clay	глина
魯	ろ	おろか	Foolish | Russia	глупав | Русия
牡	ぼ ぼう	おす お- おん-	Male	мъжки (за животно)
迦	か け		(used Phonetically)	използва се фонетично, напр. в „Шака“ (Буда)
蔭	いん おん	かげ	Shade | Shadow | Backing Assistance	сянка | закрила | подкрепа
焉	えん	いずく.んぞ ここに これ	How | Why | Then	как | защо | тогава
祇	ぎ き し	くにつかみ ただ まさに	National Or Local God | Peaceful | Great	местно божество | мир | велик
鷺	ろ	さぎ	Heron	чапла
袴	こ く	はかま ずぼん	Men's Formal Divided Skirt	хакама (японска пола-панталон)
苅	がい かい	か.る	Cutting (grass)	кося | режа трева
讃	さん	ほ.める たた.える	Praise | Title On A Picture	възхвала | надпис върху картина
尹	いん	おさ ただ.す	An Official Rank	официален чин в древен Китай
湛	たん ちん じん せん	しず.む たた.える	Fill | Wear (a Smile) | Clear | Pure | Dense | Deep	изпълвам | усмихвам се широко | бистър | дълбок
狐	こ	きつね	Fox	лисица
鴎	おう	かもめ	Seagull	чайка
瀋	しん		Juice | Broth	сок | бульон
挺	ちょう てい	ぬ.く	Counter For Guns, Inksticks, Palanquins, Rickshaws | Bravely Volunteer	брояч за дълги тесни предмети (напр. пушки, мастилени пръчици, паланкини, рикши) | доброволно се притичвам на помощ
雁	がん	かり かりがね	Wild Goose	дива гъска
佃	てん でん	つくだ	Cultivated Rice Field	обработено оризище
狛	はく	こま	Archaic Part Of Korea | Lion-dog Shrine Guards	древно наименование на част от Корея? | каменни кучета-лъвове пазители на храм
壷	こ	つぼ	Jar | Pot | Hinge Knuckle | One's Aim	делва | гърне | ставна кухина? | цел
橿	きょう	かし もちのき	Oak	дъб
播	は ばん はん	ま.く	Plant | Sow	сея | засявам
帖	ちょう じょう	かきもの	Quire (of Paper) | Bundle Of Seaweed | Counter For Screens | Notebook	топ хартия | сноп водорасли | брояч за паравани | тетрадка
桶	よう とう	おけ	Tub | Bucket	каца | кофа
鞍	あん	くら	Saddle	седло
萱	けん	かや かんぞう	Miscanthus Reed	мискантус (тръстиковидна трева)?
梯	てい たい	はしご	Ladder | Stairs | Insatiable Drinking	стълба | стъпала | ненаситно пиене?
雫	だ	しずく	Drop | Trickle | Dripping | (kokuji)	капка | струйка | капене
絆	はん	きずな ほだ.す つな.ぐ	Bonds | Fetters	връзка (между хора) | окови
湊	そう	みなと あつ.まる	Port | Harbor	пристанище
舵	だ た	かじ	Rudder | Helm | Wheel	кормило | щурвал
珂	か		Jewel	скъпоценен камък
煥	かん	あきらか	Shine	блясък | сияние
癌	がん		Cancer | Cancerous Evil	рак (болест) | зло, разяждащо като рак
峨	が	けわ.しい	High Mountain	висока планина
嘘	きょ こ	うそ ふ.く	Lie | Falsehood	лъжа
旛	へん はん	はた	Flag	знаме
篭	ろう る	かご こ.める こも.る こ.む	Seclude Oneself | Cage | Coop | Implied	затварям се | клетка | кошара | скрит смисъл
娼	しょう	あそびめ	Prostitute	проститутка
篆	てん		Seal-style Characters	печатно писмо (стар китайски калиграфски стил)
鮫	こう	さめ みずち	Shark	акула
牌	はい	ぱい ふだ	Label | Signboard | Medal | Mahjong Tiles	табелка | надпис | медал | плочка за маджонг
宕	とう	すぎる	Cave	пещера
喧	けん	やかま.しい かまびす.しい	Noisy | Boisterous	шумен | буен
蒋	しょう そう	まこも はげ.ます	Reed	тръстика
樟	しょう	くす	Camphor	камфор
櫛	しつ	くし くしけず.る	Comb	гребен
濡	じゅ にゅ	ぬれ.る ぬら.す ぬ.れる ぬ.らす うるお.い うるお.う うるお.す	Get Wet | Damp | Make Love	мокря се | влажен | любя се
槍	そう しょう	やり	Spear | Lance | Javelin	копие
襄	じょう しょう	はら.う	Rise | Raise	издигам се | повдигам
蛋	たん		Barbarian | Egg	варварин | яйце
笘	せん ちょう		Whip | Cane | Wooden Writing Slate	камшик | бастун | дървена плочка за писане
宍	にく じく	しし	Muscles | Meat	мускули | месо
壕	こう ごう	ほり	Trench | Dugout | Air Raid Shelter	окоп | землянка | бомбоубежище
囃	さつ そう	はや.す はやし	Play (music) | Accompany | Beat Time | Banter | Jeer | Applaud	съпровождам с музика | отмервам такт | подигравам се | ръкопляскам
簗	りょう	やな	Weir | Fish Trap | (kokuji)	рибарска бентовка
峙	じ	そばだ.つ	Tower | Soar	извисявам се | стърча
粥	いく しゅく じゅく	かゆ かい ひさ.ぐ	Rice Gruel	оризова каша
舘	かん	やかた たて	Mansion | Large Building | Palace	имение | голяма сграда | дворец
銕	てつ	くろがね	Iron | Strong | Solid | Firm	желязо | силен | здрав | твърд
鄒	すう しゅ しゅう		Place Name	географско наименование?
蜷	けん	にな	An Edible River Snail	ядивен речен охлюв
捧	ほう	ささ.げる	Lift Up | Give | Offer | Consecrate | Sacrifice | Dedicate	издигам | поднасям | посвещавам | жертвам
箏	そう しょう	こと	A Koto	кото (японски струнен инструмент)
鵠	こく こう	くぐい まと	Swan	лебед
諌	かん	いさ.め いさ.める	Admonish | Dissuade	увещавам | разубеждавам
樫		かし	Evergreen Oak | (kokuji)	вечнозелен дъб
噂	そん	うわさ	Rumor | Gossip | Hearsay	слух | клюка
牝	ひん	めす め- めん	Female	женски (пол на животно)
洛	らく		Kyoto | The Capital	Киото | столицата
醍	だい たい てい		Whey | Good Buddhist Teaching	суроватка | възвишено будистко учение
砦	さい	とりで	Fort | Stronghold | Entrenchments	крепост | укрепление
笏	こつ	しゃく	Mace | Baton | Scepter	жезъл | скиптър
蕨	けつ	わらび	Bracken | Fernbrake	папрат (орлова папрат)
噺		はなし	Talk | (kokuji)	разказ | история
抒	じょ しょ	く.む の.べる	Tell | 10**24	разказвам | йота (10²⁴)?
隈	わい え	くま すみ	Corner | Nook | Recess	ъгъл | кътче | вдлъбнатина
叩	こう	たた.く はた.く すぎ	Strike | Beat | Kow Tow | Hit | Thrash | Criticize	удрям | бия | покланям се до земята | критикувам
蔡	さい		Type Of Tortoise Used For Divination	вид костенурка, използвана за гадаене?
鍾	しょう しゅ	あつ.める さかずき かね	Spindle | Gather | Collect	вретено | събирам
仇	きゅう ぐ	あだ あた かたき つれあい	Foe | Enemy | Revenge | Grudge | Feud	враг | отмъщение | вражда
夷	い	えびす えみし ころ.す たい.らげる	Barbarian | Savage | Ainu	варварин | дивак | айну
瞑	めい べん みょう みん めん	めい.する つぶ.る つむ.る くら.い	Sleep | Dark | Close Eyes	сън | тъмнина | затварям очи
杭	こう	くい	Stake | Post | Picket	кол | стълб
寓	ぐう ぐ どう	ぐう.する かこつ.ける よ.せる よ.る かりずまい	Temporary Abode | Imply | Suggest	временно жилище | намеквам | внушавам
坐	ざ さ	すわ.る おわす そぞろに まします	Sit	седя
鍼	しん	はり さ.す	Needle	игла (акупунктурна)
塙	かく こう	はなわ かた.い	Projecting Tableland Or Mountain	издадено плато или планина?
葦	い	しお.れる しな.びる しぼ.む な.える	Reed | Bullrush	тръстика
礒	ぎ が	いそ いわお	Rock | Beach | Shore	скалист бряг
咸	かん げん		All | Same	всички | еднакъв
饗	きょう	う.ける もてな.す	Banquet	пир | банкет
歪	わい え	いが.む いびつ ひず.む ゆが.む	Warp | Bend | Strained | Distort	изкривявам | огъвам | изопнат | деформирам
韮	きゅう く	にら	Leek	праз лук
漕	そう	こ.ぐ はこ.ぶ	Rowing | Scull | Paddle	греба
杵	しょ そ	きね	Wooden Pestle	дървен чукан
薔	ば しょう しょく そう	みずたで	Water Pepper	роза (в 薔薇) | водна пиперка?
膠	こう きょう	にかわ にべ	Glue | Isinglass	лепило | рибено лепило
眞	しん	ま まこと	Truth | Reality | Buddhist Sect	истина | реалност | будистка секта (Шин)
蒙	もう ぼう	こうむ.る おお.う くら.い	Ignorance | Darkness | Get | Receive | Be Subjected To | Sustain | Mongolia	невежество | мрак | получавам | претърпявам | Монголия
蕃	ばん はん		Grow Luxuriously	буйно раста
呑	とん どん	の.む	Drink	пия
碓	かく たい	たし.か かく.たる	Pestle	чукало | воденичен трошач
茗	みょう めい	ちゃ	Tea	чай
瀕	ひん	ほとり	Shore | Brink | Verge	бряг | ръб | на прага на
竪	じゅ	たて た.てる こども	Length | Height | Warp	дължина | височина | основа (при тъкане)
瘤	りゅう る	こぶ	Lump | Swelling	подутина | буца
澤	たく	さわ うるお.い うるお.す つや	Swamp	блато
溥	ふ はく	あまねし	Far And Wide	надлъж и нашир
或	わく こく いき	あ.る あるい あるいは	Some | One | Or | Possibly | A Certain	някой | или | вероятно | определен
矩	く	かね かねざし さしがね	Ruler | Carpenter's Square	линия | дърводелски ъгъломер
厦	か さ	いえ	House	къща | здание
冤	えん		False Charge | Hatred	неправомерно обвинение | несправедливост
侠	きょう	きゃん おとこだて	Tomboy | Chivalry	рицарство | юначество | смелост
贅	せい	いぼ	Luxury	разкош | лукс
杖	じょう	つえ	Staff | Cane	тояга | бастун
汪	おう		Flowing Full | Expanse Of Water | Wide | Deep	голямо водно пространство | широк | дълбок
猷	ゆう よう	はかりごと はか.る	Plan | Scheme | Plot | Way	план | замисъл | начин
搜	そう しゅ しゅう	さが.す	Search | Seek | Investigate	търсене | издирване | разследване
曼	まん ばん	なが.い	Wide | Beautiful	широк | красив
撚	ねん	よ.る よ.れる より ひね.る	Twist | Twine | Kinky	усуквам | навивам | къдрав
噛	こう ごう	か.む か.じる	Chew | Bite | Gnaw	дъвча | хапя | гриза
桝		ます	Measuring Box | (kokuji)	мерителна кутия | мерителен съд
撫	ぶ ふ	な.でる	Stroke | Pat | Smooth Down	галя | потупвам | приглаждам
喋	ちょう とう	しゃべ.る ついば.む	Talk | Chat | Chatter	говоря | бъбря | дърдоря
溢	いつ	こぼ.れる あふ.れる み.ちる	Overflow | Inundate | Spill	преливам | заливам | разсипвам се
闊	かつ	ひろ.い	Wide	широк | просторен
藏	ぞう そう	くら おさ.める かく.れる	Hide | Own | Have | Possess	склад | крия | притежавам | имам
浙	せつ		Name Of A Chinese River	название на китайска река?
彭	ほう		Swelling | Sound Of Drum	подуване | звук на барабан
淘	とう	よな.げる	Select	подбирам | пресявам | подбор
剃	てい	まい そ.る す.る	Shave	бръсна | бръснене
揃	せん	そろ.える そろ.う そろ.い き.る	Be Complete | Uniform | All Present	пълен комплект | еднакъв | събирам се
徘	はい	さまよ.う	Wander	скитам се | бродя
巷	こう	ちまた	Fork In Road | Scene | Arena | Theater	улица | квартал | хорска мълва
竿	かん	さお	Pole | Rod | Scale Beam | Violin Neck	прът | стълб | рамо на везна
蟹	かい	かに	Crab	рак (морско животно)
袁	えん おん		Long Kimono	дълго кимоно?
舩	せん	ふね ふな-	Boat | Ship | Vessel	лодка | кораб | плавателен съд
頬	きょう	ほお ほほ	Cheeks | Jaw	буза | челюст
厨	しゅう ず ちゅ ちゅう	くりや	Kitchen	кухня
犀	さい せい		Rhinocerous	носорог
簑	さ さい	みの	A Coat Raincoat	сламено наметало | дъждобран от слама
甦	そ こう	よみがえ.る	Be Resuscitated | Revived	съживявам се | възкръсвам
檄	けき	げき.する ふれぶみ	Written Appeal | Manifesto	възвание | манифест
姚	よう ちょう	うつく.しい	Beautiful	красив
蛭	しつ ちつ	ひる	Leech	пиявица
叢	そう す	くさむら むら.がる むら	Plexus | Clump Of Bushes | Thicket	храсталак | гъсталак | сборник (от книги)
椙		すぎ	Japanese Cedar | Cryptomeria | (kokuji)	японски кедър | криптомерия
轟	ごう こう	とどろ.かす とどろ.く	Roar | Thunder | Boom Resound	ехтя | гърмя | тътен
贋	がん	にせ	Counterfeit | Forgery	фалшив | подправен | фалшификат
洒	しゃ そん さい せん せい	すす.ぐ あら.う	Wash | Sprinkle	мия | пръскам | елегантен | изискан
貰	せい しゃ	もら.う	Get | Have | Obtain	получавам | вземам
儲	ちょ	もう.ける もう.かる もうけ たくわ.える	Be Profitable | Yield Profit	печеля | печалба | изгода
諜	ちょう	ちょう.ずる うかが.う しめ.す	Spy Out | Reconnoiter	шпионирам | разузнавам
蓼	しん りく りょう	たで	Luxurious Grass | A Smartweed	растение от рода Polygonum? | водна лапад?
甕	おう	かめ みか	Jar | Jug | Vat	делва | гърне | стомна
喘	ぜん せん	あえ.ぐ せき	Pant | Gasp | Breathe Hard	дишам тежко | задъхвам се | астма
溜	りゅう	た.まる たま.る た.める したた.る たまり ため	Collect | Gather | Be In Arrears	събирам се | натрупвам | локва
鉾	ぼう む	ほこ	Halberd | Arms | Festival Float	алебарда | копие | фестивална количка
燈	とう	ひ ほ- ともしび とも.す あかり	Lamp | Light | Counter For Lights	лампа | светлина | брояч за лампи
瓜	か け	うり	Melon	пъпеш | тиквено растение
槌	つい	つち	Hammer | Mallet	чук | малей
嗜	し	たしな.む たしな.み この.む この.み	Like | Taste | Modest	харесвам | вкус | пристрастие
偕	かい	ともに	Together	заедно
蹄	てい	ひづめ	Hoof	копито
頚	けい	くび	Neck | Head	шия | врат
胚	はい	はらみ はら.む	Embryo	зародиш | ембрион
牢	ろう	かた.い ひとや	Prison | Jail | Hardness	затвор | тъмница | здравина
糞	ふん	くそ	Shit | Feces | Excrement	изпражнения | тор | лайно
吊	ちょう	つ.る つる.す	Suspend | Hang | Wear (sword)	окачвам | вися
楕	だ た		Ellipse	елипса
鮭	かい けい	さけ しゃけ ふぐ	Salmon	сьомга
詫	た	わび わび.しい かこつ わ.びる わび.る	Apologize	извинявам се | извинение
鱒	そん せん ざん	ます	Salmon Trout	пъстърва
轍	てつ	わだちい わだち	Rut | Wheel Track	коловоз | следа от колело
醤	しょう	ひしお	A Kind Of Miso	вид ферментирала паста (мисо)? | соев сос (в съставни думи)
惚	こつ	ほけ.る ぼ.ける ほ.れる	Fall In Love With | Admire | Grow Senile	влюбвам се | възхищавам се | оглупявам от старост
廣	こう	ひろ.い ひろ.まる ひろ.める ひろ.がる ひろ.げる	Broad | Wide | Spacious	широк | просторен | обширен
藁	こう	わら	Straw	слама
舛	ぶ せん	まい そむ.く	Dancing Radical (no. 136)	радикал „танц“ (бр. 136) | противопоставям се
縞	こう	しま しろぎぬ	Stripe	ивица | черта
謳	おう う	うた.う	Extol | Declare | Express	възхвалявам | прославям | изразявам
杞	こ き		River Willow	върба (вид)?
鱗	りん	うろこ こけ こけら	Scales (fish)	люспа
釘	てい ちょう	くぎ	Nail | Tack | Peg	пирон | гвоздей
弛	ち し	たる.む たる.める たゆ.む ゆる.む ゆる.み	Slacken | Relax	отпускам се | разхлабвам се | отслабвам
狸	り らい	たぬき	Tanuki | Raccoon	тануки (японски миеновиден пес) | енот
壬	にん じん い	みずのえ	9th Calendar Sign	девети небесен ствол (календарен знак)
硯	けん げん	すずり	Inkstone	каменна плоча за мастило
蝦	か げ	えび	Shrimp | Prawn | Lobster	скарида | рак (ракообразно) | омар
㐆			To Follow | To Trust To | To Put Confidence In | To Depend On | To Turn Around | To Turn The Body	следвам | доверявам се | разчитам на | обръщам се
㐬			A Cup With Pendants | A Pennant | Wild | Barren | Uncultivated	чаша с висулки? | флагче? | див | необработен
㐮			To Help | To Assist | To Achieve | To Rise | To Raise	помагам | подпомагам | постигам | издигам
㑨			Great | Big | Tall | Vast | Noble | High In Rank | Very | Much	велик | голям | висок | благороден
㑪			A Generation | A Class | A Series | A Kind	поколение | клас | серия | вид
㒒			A Slave | A Servant | Used Conventionally For Oneself | A Charioteer	роб | слуга | колесничар?
㒵		かお	Manner | Appearance | Form | Face | Bearing	вид | външност | лице | форма
㒼			Average | Equivalent | Corresponding | To Cover Something Carefully And Tightly Without A Break	среден | еквивалентен | съответстващ | покривам плътно?
㓁			A Net | Net-like | Radical 122	мрежа | мрежовиден | радикал 122
㓛			Merit | Achievement | Meritorious | Efficacy | Good Results	заслуга | постижение | ефикасност
㕞			A Brush | To Brush | To Clean | To Scrub | To Print | Expecially From Blocks	четка | четкам | почиствам | печатам (от дъски)?
㕣			A Marsh At The Foot Of The Hills | Name Of A River	блато в подножието на хълм? | название на река?
㕮			To Chew | To Masticate | To Dwell On | Chinese Medicine Term	дъвча | премислям | термин от китайската медицина?
㖦			Loquacity	бъбривост
㖨			Indistinct Nasal Utterance | Laugh | Sound Of Birds	неясен носов звук? | смях | птича песен
㗅			Angry | The Throat | What? How? Why? Which?	ядосан | гърло | въпросителна частица?
㗚			Vexingly Verbose Or Wordy | Prosy | Complicated | Annoying	многословен | досаден | сложен
㗴			Dogs Fighting | To Go To Law | An Indictment	сбиване на кучета? | съдебен процес | обвинение
㘅			To Hold In The Mouth	държа в устата
㙊			An Area Of Level Ground | An Open Space | A Threshing Floor | Arena For Drill_ Etc. | A Place To Pile A Sand-hill	равна площ | открито пространство | хармана?
㚖			To Come Out To The Open | To Be Known By All | Glossy | Shining	излизам наяве | известен на всички | лъскав | блестящ
㛏			Used In Girl's Name	използва се в имена на момичета
㝡			Very | Exceedingly | Most | Superior	много | изключително | най- | превъзходен
㝢			A House | A Roof | Look | Appearance | Space	къща | покрив | вид | външност | пространство
㝫			Shape Of The Sky	форма на небето?
㝵			To Get | Complacent | To Obstruct | To Hinder | To Stop Progress | To Injure | To Offend | To Concern | Hindrance | Restraint	получавам | самодоволен | преча | възпрепятствам | накърнявам
㟁			Shore | Bank | Beach | Coast	бряг | плаж | крайбрежие
㟢			The Rocks On The Hills Are Of Different Shapes | Rugged And Weird | Character Different From Others	неравен | чудат | своенравен характер?
㟨			A Fountain In The Side Of A Hill | Name Of A Mountain	извор в склон на хълм? | име на планина
㟴			Lump On The Hills | Rugged | Rough | Lofty | Steep | The Dejection One Feels At Heart	неравен | стръмен | висок | потиснатост в сърцето?
㟽			Mountain Top | Summit | Pointing Mountain	връх на планина | връх
㠀			Island | Isle	остров
㠶			A Sail | To Sail	платно | плавам с платно
㡀			Ragged Clothing | Ragged | Old And Wear Out	дрипи | износен | стар и износен
㡜			Ragged Clothes | Left Over | Remainder | The Excess | The Surplus | To Cut Out (of Silk Fabrics) As A Design	дрипи | остатък | излишък | изрязвам (шаблон от коприна)?
㡡			Screen To Make A Temporary Kitchen	паравана за временна кухня?
㣺			The Heart | The Moral Nature | The Mind | The Affections | Intention | The Radical On Left Side Of The Character	сърце | нрав | ум | намерение | радикал (лява страна на йероглиф)
㤚			Joy | Delight | Gratification	радост | наслада | удовлетворение
㥯			Careful | Compassionate | To Take An Interest In | Prudent | Cautious | Worried And Grieved	внимателен | състрадателен | предпазлив | разтревожен
㩮			To Lift Up Or Off | To Raise High | To Unveil	повдигам | издигам високо | разкривам
㩳			To Hold | To Grasp | To Detain | To Uphold | To Push | To Stand Upright | Expel | To Shirk | To Raise Up	държа | хващам | задържам | изправям | издигам
㫗			Thick | Deep Friendship | To Treat Kindly | Generous	дебел | дълбоко приятелство | щедър
㫪			To Pound (grain) In Order To Remove The Husk	чукам зърно за отделяне на люспата?
㬎			Motes In A Sunbeam | Bright | Fibrous | To Manifest | To Display | To Be Illustrious | Evident | To Seem | To Appear | Cocoons | Chrysalis | Will Not Have A Pleasant Conversation	прашинки в слънчев лъч? | ярък | проявявам | явен | какавида
㬚			Light | Bright | Clear	светъл | ярък | ясен
㬜			To Advance | To Increase | To Flourish	напредвам | увеличавам се | процъфтявам
㬢			Sunshine | Sunlight | The Light Of Day	слънчева светлина | дневна светлина
㭭			A Kind Of Tree | A Harrow | A Drag | A Written Contract Or Agreement | A Bond | A Deed | Handles Of Spears Or Lances Used In Ancient Times	вид дърво | брана | писмен договор | дръжка на копие (в древността)?
㮇			A Builder's Frame For Measuring | Juniper | A Poker (for Stirring Fire) | A Cylinder Part On The Old Style Of Wooden Doors	мерителна рамка на строител? | хвойна | ръжен за огън | цилиндрична част на стара дървена врата?
㮈			But | How | What | A Remedy | A Resource | To Bear | To Endure	но | как | какво | средство | издържам
㮍			A Memorandum Tablet | Slip Of Paper | Fancy Note-paper | A Note | A Document | Comments	бележник | листче хартия | документ | бележка
㮤			Pine | Fir | Loose | Lax | Slack	бор | ела | хлабав | отпуснат
㮶			A Tree | A Fence | A Palisade | A Railing	дърво | ограда | парапет
㯃			The Varnish Tree | Paint | Lacquer | Varinish | To Paint Or Varinish | Black | Sticky	лаково дърво | боя | лак | лакирам | лепкав
㯍			An Oar	весло
㯰			To Plant | To Set Up | To Erect | Plants	садя | изправям | издигам | растения
㰏			A Bamboo Pole | A Pole For Punting A Boat	бамбуков прът | прът за отблъскване на лодка
㰦			To Breath With Mouth Open	дишам с отворена уста
㳃			To Temper Iron Or Steel For Making Swords_ Etc. (also Used Figuratively) | To Dip Into Water | To Soak | To Dye	калявам (метал за мечове) | потапям във вода | накисвам | боядисвам
㳒			Statutes | Laws | Regulations | A Rule | Legal Standard | Plan Or Methods_ Etc.	закони | правила | правен стандарт | метод
㴑			To Trace Up To A Source | To Go Against The Stream | Water	проследявам до извора | плувам срещу течението | вода
㴞			Fluent | To Fill | To Prevail	плавен | изпълвам | преобладавам
㵤			To Overflow | To Spread	преливам | разпространявам се
㶚	は ば		Name Of A River In Shanxi	име на река в Шанси (Китай)
㷀			Solitary | Alone | Single | Brotherless | Friendless | Helpless | Dice | A Kind Of Gambling Game Played In Ancient Times	самотен | сам | безпомощен | зарове (древна хазартна игра)?
㷔			Flame | Blaze | Glowing | Brilliant	пламък | жар | блестящ
㸅			Ashes | Candle End	пепел | угарка от свещ
㸿			A Calf	теле
㹠		トン	Small Pig | Sucking Pig | To Shuffle Along Without Lifting The Feet	малко прасенце | сукалче | тътря крака
㹦			Dog With A Short Tail | The Sable | The Marten | Mink	куче с къса опашка? | самур | куница | норка
㹨			A Kind Of Animal (looks Like Weasel) | An Ape With Black Color And Long Tail	животно, подобно на невестулка? | маймуна с черен цвят и дълга опашка?
㺃			A Dog | Canine	куче | кучешки
㺔			A Kind Of Beast | A Legendary Monster	вид звяр | легендарно чудовище
㽲			Griping Colic | Illness | Disease	колики | болест
㽵			Solemn | Large Farmhouse	тържествен | голяма ферма
㽷			Dropsy | Hydrophillic Swelling	воднянка | оток
㾮			Jaundice	жълтеница
㿉			Disease Of The Private Part Of The Human Body	болест на интимните части на тялото?
㿗			Disease Of The Private Part Of The Human Body	болест на интимните части на тялото?
䀹			To Wink Eyelashes | Having One Eye Smaller Than The Other | Joke | Witticism | Pleasantry | Jest | Fun	мигам с мигли | шега | закачка | забавление
䁘			To Look At | To See | Pretty Eyes | Farsightedness (as A Physical Defect) | Hypermetropia | To Look From A Distance	гледам | красиви очи | далекогледство
䂓			Regulations | Laws | Rules | Customs Or Usages | A Pair Of Compasses	правила | закони | обичаи | пергел
䄅			To Worship | To Honor By A Rite Or Service | To Offer Sacrifices	поклонявам се | почитам с обред | принасям жертви
䅏			Rice Boiled To Gruel | Congee | Porridge	оризова каша | каша
䅣			A Variety Of Panicled Millet | A Small Coarse Grain Resembling Sorghum	вид метличесто просо? | дребно грубо зърно, подобно на сорго?
䆴			(abbreviated Form)	съкратена форма (на йероглиф)?
䆿			To Talk In Sleep | Somniloquy	говоря насън
䇦			A Kind Of Bamboo | Colorless Bamboo | Bamboo Shoot	вид бамбук | бамбуков филиз
䇮			A Bamboo Mat Used In Ancient Times | A Sleeping Mat	бамбукова рогозка | рогозка за спане
䇳			A Memoradum Tablet | Slip Of Paper | Fancy Notepaper | A Note | A Document	бележник | листче хартия | документ | бележка
䈇			A Cover | A Shade | A Basket Used To Catch Fish	похлупак | сенник | кош за риболов
䈎			A Leaf | The Page Of A Book | A Leaf Of A Door | A Lobe Of The Lungs Or Liver	лист | страница на книга | крило на врата | дял на бял дроб или черен дроб
䉤			A Bamboo Ware For Washing Rice | A Measuring Unit Used In Ancient Times | Equal To 16 Chinese Peck	бамбуков съд за миене на ориз | древна мерна единица?
䋖			Long | A Gown | A Long Dress	дълъг | роба | дълга рокля
䋝			A Throat-band | Chin Strap For Holding The Hat | Tassel | A Fringe	връзка за брадичка на шапка? | пискюл | ресни
䌂			In Ancient Times_ Article For Preparing The Body For The Coffin (something Slipped On The Hand Of The Dead)	предмет за подготовка на тялото за ковчег (в древността)?
䌫			A Hawser | A Cable | A Rope	дебело въже | кабел
䍃			A Vase | A Pitcher | Earthenware	ваза | кана | керамика
䏮			The Sides Of The Trunk From Armpits To Ribs | The Flank	хълбок | страна на тялото от подмишницата до ребрата?
䏰			A Kind Of Insects | Earthworm | Durable | Strong And Soft | Pliable Yet Tough	земен червей | издръжлив | гъвкав, но здрав
䐈			A Piece Of One Foot Two Inches Dried Seasoned Meat | To Paste Up | To Attach To | To Stick Up | To Glue | Rotten Fat | Grease_ Lard_ Etc. | Bowels	сушено подправено месо? | залепвам | тлъстина | черва
䐗			A Pig | The Belly | The Abdomen	прасе | корем
䐜			A Swelled Belly | Drop-sical | To Swell | Inflated	подут корем | воднянка | подувам се
䐢			To Wrinkle | To Contract | Beautiful | Elegant | Dried And Seasoned Meat | Excellent Food | Delicacies	сбръчквам | свивам се | красив | деликатес
䑓			A Lookout | A Tower | A Terrace | A Platform | A Stage	наблюдателница | кула | тераса | платформа
䑛			To Lick	лижа
䑶			Sprightly Boat | Light Boat	лека бърза лодка?
䑺			A Sail (of A Boat)	платно (на лодка)
䒑			Grass | Straw | Herbs | Weeds	трева | слама | билки | плевели
䒳			A Flower | A Cluster Of Flowers | A Bud | Lobe Of The Ear	цвете | гроздче цветове | пъпка | ушна мида?
䔈			Lush Growth Of Grass | Trees And Fruits	буйна растителност (трева, дървета и плодове)?
䔥			Common Variety Of Artemisia	обикновен вид пелин
䕃			The Shade Of A Tree | To Cover Up | To Cover Or Screen	сянка на дърво | покривам | заслонявам
䖝			Insects | Worms	насекоми | червеи
䖸			Moth	молец
䗥			The Solitary Wasp | Lice On Cattle | A Kind Of Gad-fly	самотна оса? | въшки по добитъка? | вид стършел
䗪			A Kind Of Worm | Can Be Used In Chinese Medicine	вид червей (използван в китайската медицина)?
䘏			Sympathy | Pity	съчувствие | жалост
䙁			Children's Garments | A Mat For Wrapping Garments	детски дрехи | рогозка за увиване на дрехи?
䙥			Shiny Dresses	лъскави дрехи?
䚡			Bones In A Horn Of Cattle And Goat	кости в рога на говедо или коза?
䚯			To Quell (uprising_ Rebellion_ Etc.) To Punish (another Nation_ Etc.) By Force Of Arms | Sound | Voice | Tone	потушавам бунт | наказвам със сила на оръжие | звук | глас | тон
䜌			Chaos | Distraction | Confusion | Confused | Continuous | Uninterruptedto Tie Together | To Manage	хаос | объркване | смут | непрекъснат | свързвам | управлявам
䝤			A Primitive Tribe In Southwest China | Nocturnal Hunting	примитивно племе в Югозападен Китай? | нощен лов
䟽			Scattered Or Dispersed	разпръснат | разсеян
䡎			A Windlass | A Pulley | A Capstan	кабестан | скрипец | макара
䢵			Name Of An Old Country In Today's Hubei Province | Name Of A Place In Today's Jiangsu Province	древна страна в дн. провинция Хубей? | място в дн. провинция Дзянсу?
䦰			Lots | To Draw Lots	жребий | тегля жребий
䧧			High Mountains | Steep | Lofty	високи планини | стръмен | извисен
䧺			The Male Of Birds	мъжка птица
䨄			Quail	пъдпъдък
䨩			The Spirit | The Soul | Divine | Super-natural	дух | душа | божествен | свръхестествен
䪼			The Cheek-bone | The Malar Bone | The Malar	скула | скулна кост
䬻			To Entertain A Departing Friend | A Parting Present Of Food Or Money	изпращам заминаващ приятел с почерпка? | прощален подарък (храна или пари)
䯂			Numerous | Very Many | Large Group Of Horses Traveling In A Line	многоброен | голямо ято коне, вървящи в редица?
䯊			The Pelvis | Bone Stuck In The Throat | The Kneecap | Patella | The Five Lowest Pieces Of Bone Of The Spinal Column	таз | капаче на коляното | патела | кост, заседнала в гърлото?
䯒			The Upper Part Of The Shinbone | Or Tibia	горна част на пищяла | тибия
䯨			To Rap | To Tap | To Beat | Big | Great | Large | Tall | High	тропам | чукам | голям | висок
䰗			A Lot | A Ticket | To Draw Lots	жребий | билет | тегля жребий
䰠			God | Spirit | Immortal | Mountain Deity	бог | дух | безсмъртен | планинско божество
䳄			A Kind Of Water Bird | With Black Color | Female | Woman-like	вид черна водна птица? | женски пол
䳑			A Pheasant-like Bird	птица, подобна на фазан?
䴇			A Second Name For Crane | A Small Swan | A Second Name For Wagtail	друго название за жерав? | малък лебед | друго название за плискавица?
䵷			Frog | To Make The Noise Of Vomitting	жаба | звук от повръщане?
丂	こう	さまた.げられる	Obstruction Of Breath (qi) As It Seeks Release | Variant Of Other Characters	затруднено дишане? | вариант на други йероглифи
丄	じょう しょう	うえ うわ- かみ あ.げる あ.がる あ.がり のぼ.る のぼ.せる のぼ.す よ.す	Above	горе | отгоре
丅	か げ	した しも もと さ.げる さ.がる くだ.る くだ.す くだ.さる お.ろす お.りる	Under | Underneath | Below | Down | Inferior | Bring Down	долу | под | по-долен | свалям
丌	き ご	そ.れ そ.の だい	Table	маса | поставка
丏	べん めん	みえぬ	Parapet | Invisible	парапет | невидим
丐	かい	こ.う	Beggar | Beg | Give	просяк | прося | давам
丒	ちゅう	うし	The Period From 1 To 3 Am | 2nd Character Of The "branches"	периодът от 1 до 3 ч. сутринта | вторият от земните клонове
丕	ひ	おお.きい	Large | Great | Grand | Glorious | Distinguished	голям | велик | величествен | славен
丗	せい せ そう	よ さんじゅう	Thirty	тридесет
丟	ちゅう ちゅ	さる なげう.つ	Discard | Reject | Lose	изхвърлям | отхвърлям | губя
丣	ゆう	とり	The Tenth Of The Twelve Terrestrial Branches (ancient Form)	десетият от дванадесетте земни клона (древна форма)
两	りょう	て.る ふたつ	Two | Both | Pair | Couple | Ounce	две | и двата | чифт | унция
丨	こん し じょ にょ	すす.む しりぞ.く	Number One | Line | Rod Radical (no. 2)	едно | черта | линия | ключ „прът“ (No. 2)
丩	きゅう	まつわる	To Join Or Connect The Vine	свързвам лози?
个	か こ		Counter For Articles | Individual	брояч за предмети | отделен | индивид
丫	あ や	ふたまた あげまき	Bifurcation | Fork	разклонение | вилица
丬			Half Of Tree Trunk | Rad. No. 90	половин дънер | ключ No. 90
丮	けき きゃく	も.つ と.る	Catch	хващам
丯	かい	さんらん.する	Dense	гъст
丰	ほう ふ ふう	みめよ.い しげ.る	Abundant | Lush | Bountiful | Plenty | Fat Face | Luxurious Growth Of Grass	изобилен | буен | тлъсто лице? | буйна трева
丱	かん けん		Saguaro-like Kanji | Horn-shaped Locks Of Hair | Young | Tender	кичури коса във формата на рогца? | млад | нежен
丵	さく	くさのむらがり	Thick (grass)	гъста трева
丶	ちゅ		Dot | Tick Or Dot Radical (no. 3)	точка | ключ „точка“ (No. 3)
丿	へつ	えい よう	Katakana No Radical (no. 4)	ключ „но“ катакана (No. 4)
乀	ふつ ぶち	ま.がる	Stretch	протягам | разтягам
乂	がい かい げ	おさ.める か.る	Mow | Cut Grass | Subdue	кося | режа трева | покорявам
乄		し.める して	To Find A Place To Dwell | Sum | Measurement Of Paper | To Do | Adding Up | Bundle | 8.5 Lb | (kokuji)	сума | мярка за хартия | снопче | кокудзи (японски знак)
乇	たく ちゃく		To Depend On | To Entrust With	разчитам на | поверявам
么	えう		Interrogative Particle | Repetition Of A Tune Small | Tender	въпросителна частица | малък | нежен
乍	さ さく	-なが.ら たちま.ち	Though | Notwithstanding | While | During | Both | All	въпреки | докато | изведнъж
乎	こ お	か ああ かな や よ を	Question Mark | ?	въпросителна частица
乑	ぎん ごん しゅう	ならびたつ	Stand Side By Side | Assemble	строявам се редом | събирам се
乕	こ	とら	Tiger | Brave | Fierce | Surname	тигър | храбър | свиреп | фамилно име
乖	かい	そむ.く もとる	Oppose | Disobey	противопоставям се | не се подчинявам
乘	じょう	の.る の.せる	Power | Multiplication | Record | Counter For Vehicles	умножение | качвам се (на превозно средство) | брояч за превозни средства
乚	いん おん	かく.す かく.れる かか.す よ.る	Hidden | Mysterious | Secret | To Conceal | Small | Minute | Fishhook Radical Variant (no. 5)	скрит | тайнствен | малък | ключ „кукичка“, вариант (No. 5)
乜	ば め	やぶにらみ	To Squint | What? Huh? (cant.)	кося очи | какво? а? (кантонски диалект)
乢	がい	たわ たお	Mountain Saddle	седловина
乨	し	はじ.める はじ.まる	The Beginning | To Start | To Begin | To Be The First	началото | започвам
乩	けい	うらな.う	To Divine	гадая
乵	えん	すす.む	To Enter | To Make Progress | To Advance | To Urge Forward	влизам | напредвам
乹	かん けん	かわ.く かわ.かす ほ.す ひ.る いぬい	Drought | Dry | Dessicate | Drink Up | Heaven | Emperor	суша | сух | небе | император
乿	ち じ	おさ.める	To Cure | To Heal	лекувам | изцелявам
亂	らん ろん	みだ.れる みだ.る みだ.す みだ.れ おさ.める わた.る	War | Disorder | Riot | Disturb	война | безредие | бунт | смущавам
亅	けつ	かぎ	Feathered Stick | Barb Radical (no. 6)	ключ „кука“ (No. 6)
亊	じ し ず	こと つか.う つか.える	Affair | Matter | Business | To Serve | Accident | Incident	дело | работа | случка | служа
亍	ちょく	たたず.む	To Take Small Steps | Korean Place Name	правя малки крачки
于	う く	ここに ああ おいて に より を	Going | From	отивам | от
云	うん	い.う ここに	Say	казвам
亖	し	よ よ.つ よっ.つ よん	Four	четири
亗	さい せい	とし とせ よわ.い	Harvest | Year | Age	реколта | година | възраст
亙	こう かん	わた.る もと.める	Range | Reach | Extend | Cover	обхват | простирам се | покривам
些	さ しゃ	ち.と ち.っと いささか	A Little Bit | Sometimes	малко | понякога
亝	せい さい	そろ.う ひと.しい ひと.しく あ.たる はや.い	Even | Regular | Uniform All Alike | To Arrange	равен | еднакъв | подреждам
亞	あ	つ.ぐ	Rank | Follow	ранг | следвам
亟	きょく き け	しばしば すみやか	Fast | Quick | Sudden	бърз | внезапен
亠	とう		Kettle Lid Radical (no. 8)	ключ „капак на котле“ (No. 8)
亢	こう	たかぶる	High Spirits	приповдигнато настроение | надменност
亯	きょう こう	う.ける	To Receive | To Enjoy	получавам | наслаждавам се
亰	きょう けい きん	みやこ	Capital City	столица
亳	はく		An Ancient Chinese Capital	древна китайска столица
亶	たん せん	あつ.い ほしいまま	Truly | Wholly | Cordial	наистина | изцяло | сърдечен
亹	び み ぼん もん	つと.める うつく.しい	Progress | Busy | Untiring | Exert	напредък | зает | неуморен
亻			Radical Number 9	ключ „човек“ (No. 9)
亼	しゅう じゅう	あつまる	To Assemble. To Gather Together	събирам се
什	じゅう しゅう		Utensil | Thing | Ten	уред | вещ | десет
仂	どう りゅく りき ろく りょく	はたら.く	Surplus Or Excess | Remainder	излишък | остатък
仃	てい		Lonely | Solitary	самотен | уединен
仄	そく	ほの.か ほの- ほの.めかす ほの.めく かたむ.く	Be Seen Dimly | Suggest | Intimate | Faint | Stupid | Hint	смътен | намеквам | слаб
仆	ふ	たお.れる	Fall | Lie Down | Bend	падам | лягам | навеждам се
仍	じょう にょう	よ.って しきりに なお よる	Therefore | Consequently	следователно | все още
从	しょう じゅう じゅ	したが.う したが.える より	Two People	двама души | следвам
仔	し	こ た.える	Offspring (animal) | Detailed | Fine	малко (на животно) | подробен
仗	じょう ちょう	つえ つわもの まわり よる	Cane | Stick	бастун | тояга
仚	けん	とぶ	To Fly	летя
仛	た たく	おとめ よ.る	Young Girl | Strange | Different	девойка | странен
仞	じん	はか.る	Fathom	морска сажена (мярка за дължина)
仟	せん	ち かしら	Thousand	хиляда
仡	きつ こち	いさ.ましい	Strong | Valiant	силен | храбър
仫			Tribe	племе
仭	じん	はか.る	Fathom	фатом (мярка за дължина)
仳	ひ	わか.れる	Separate | Part Company	разделям се | разлъчвам се
仵	こ	あ.たる あえて さか.らう おなじ	Similar	подобен
价	かい		Man With Shellfish Kanji	мъж с йероглифа за мида?
份	ひん ふん	うるわ.しい あき.らか	Portion | Part | Duty	дял | част | дълг
仾	てい	ひく.い ひく.める ひく.まる	To Hang The Head | To Bow The Head | To Droop | To Lower | Low | Beneath	навеждам глава | свеждам глава | отпускам | нисък | под
仿	ほう	さまよ.う なら.う くら.べる	Imitate | Copy | As If | Stand Still | Wander	имитирам | копирам | сякаш | стоя неподвижно | скитам
伀	しょう しゅ	おおやけ おそ.れる	Excited	развълнуван
伃	よ	うつく.しい	Handsome	красив
伈	しん	おそ.れる	Nervous | Fearful	нервен | боязлив
伉	こう	たぐ.い なら.ぶ	Same Kind | Compare With	еднакъв вид | сравнявам
伋	きゅう ろう	きび.しい	Deceptive	измамен | лъжлив
伕	ふ	むすめむこ	Common Laborer	обикновен работник
众	ぎん ごん	おお.い	Multitude | Crowd | Masses | Public	множество | тълпа | маси | публика
伙	か	ひ ほ-	Companion | Colleague | Utensils	другар | колега | съдове
伜	さい そつ そち	せがれ	Son | My Son	син | моят син
伮	ど	つと.める	To Make A Great Effort	полагам голямо усилие
估	こ	あきな.う あた.い	Price | Business | Selling	цена | търговия | продажба
伱	じ に	なんじ しかり その のみ	Thou | You	ти | вие
伷	ちゅう	ちすじ よつぎ	Descendent	потомък
伹	しょ	つたな.い	Dull | Slow | Unskillful	тъп | бавен | несръчен
伻	ほう ひょう	つか.う	Messenger | Emissary | Send Emissary	пратеник | посланик | изпращам пратеник
伾	ひ はい へ	おお.い	Mighty	могъщ
佀	じ	に.る ひ.る	Resemble	приличам на
佇	ちょ	たたず.む	Stop | Linger | Appearance | Figure | Bearing	спирам | задържам се | стоя неподвижно | вид | стойка
佈	ほ ふ	あまね.し	Spread | Publicize | Announce	разпространявам | оповестявам | обявявам
佉	きょ こ きゃ か		Surname | Name Of A Divine Being | (transliteration Of Sanskrit "kh")	фамилно име | име на божество | транслитерация на санскритското „kh“?
佋	しょう	たす.ける	Continue | Carry On | Hand Down | To Join	продължавам | предавам | завещавам | присъединявам се
佌	し	ちい.さい	Small	малък
佔	ちん せん てん	みる うかが.う し.める	Occupy By Force | Usurp | Possess	завладявам | узурпирам | притежавам
佗	た い	わび.しい わび ほか わ.びる	Proud | Lonely	горд | самотен
佘	しゃ		Surname	фамилно име
佚	いつ てつ	たのし.む のが.れる	Lost | Hide | Peace | Mistake | Beautiful | In Turn	изгубен | крия | мир | грешка | красив
佛	ぶつ ふつ	ほとけ	France	Франция
佝	こう く	せむし	Foolish | Stooped Over	глупав | прегърбен
佞	ねい	おもね.る よこしま	Flattery | Insincerity	ласкателство | неискреност
佟	とう ず		Name	собствено име
你	じ に	なんじ しかり その のみ	You | Second Person Pronoun	ти | местоимение за второ лице
佣	よう		Commission Fee	комисионна
佩	はい	は.く お.びる おびだま	Wear | Put On (a Sword)	нося | слагам (меч)
佪	かい え	さまよ.う	Hesitate | Go Around	колебая се | обикалям
佬	りょう ろ ろう	おお.きい	(cantonese) Man | Person | Mature	мъж | човек | зрял
佯	よう	いつわ.る	Pretend | Feign | False | Deceitful	преструвам се | лъжа | фалшив | измамен
佰	ひゃく はく	おさ	Hundred | Leader Of 100 Men | East-west Path Between Paddies	сто | водач на сто души | пътека между оризища
佶	きつ きち		Healthy | Correct	здрав | правилен
佷	こん こう ぎん	もと.る	To Act Contrary To	противодействам | противопоставям се
佸	かつ がち	あ.う あつ.まる つと.める いた.る	Meet	срещам се
佹	き	かさ.なる よ.る もと.る ささ.える	Depend Upon | Support | Go Against | (variant Deceive)	разчитам на | подкрепям | противопоставям се | мамя
佺	せん		Fairy	фея
佻	ちょう じょう よう	かる.い	Frivolity	лекомислие
佼	きょう こう	こう.す うつく.しい	Beautiful | Clever | Deceive | Sly	красив | умен | мамя | хитър
佽	し	すばしこい なら.ぶ たす.ける およ.び かわるがわる	Aid | Help	помощ | подкрепа
佾	いつ いち	やす.い やす.んずる	Row Or File Of Dancers	редица танцьори
侁	しん	い.く つか.い	Crowd	тълпа
侂	たく	よ.せる たの.む	To Commission | To Entrust To | To Depute | To Request | To Ask	възлагам | поверявам | упълномощавам | моля
侄	しつ しち てつ	かた.い おろ.か とど.まる	Nephew	племенник
侅	かい	むせ.ぶ	To Give | Prepared For Included In | Embraced In	давам | включен | обхванат
來	らい たい	く.る きた.る きた.す き.たす き.たる	Come | Due | Next | Cause | Become	идвам | дължим | следващ | причинявам | ставам
侈	し	おご.る	Luxury | Pride	лукс | гордост
侊	こう	さかん	Big	голям
侎	び み	いつく.しむ	To Soothe | To Pacify | To Settle | To Establish	успокоявам | укротявам | уреждам | установявам
侏	しゅ		Actor | Supporting Post	актьор | подпорен стълб
侐	きょく けき き	しず.か さび.しい	Quiet	тих
侔	ぼう む	ひと.しい そろ.う したが.う つと.める と.る はか.る	Equal	равен
侖	りん ろん	おも.う	Think | Be Methodical	мисля | методичен
侗	とう つ ず	おろ.か いた.む かたち なおい まこと つつし.む	Big | Ignorant | Rude | Rustic	голям | невеж | груб | селски
侘	た	わび.しい ほこ.る わ.びる	Proud | Lonely	горд | самотен
侚	しゅん	すみ.やか しめ.す とな.える ふか.い つか.う	Fast	бърз
侫	ねい	おもね.る よこしま	Flattery | Insincerity	ласкателство | неискреност
侭	じん	まま ことごとく	As It Is | Because	както си е | защото
侷	きょく ごく	たけがひく.い せま.る	Narrow | Cramped | Confined	тесен | стеснен | ограничен
俁	ぐ	おお.きい	Big	голям
俄	が	にわか	Sudden | Abrupt | Improvised	внезапен | рязък | импровизиран
俅	きゅう ぐ	いただ.く	Ornamental Cap	украсена шапка
俈	こく		To Inform Quickly | An Urgent Communication	съобщавам бързо | спешно съобщение
俎	そ しょ	いた まないた	Altar Of Sacrifice | Chopping Board	жертвеник | дъска за рязане
俏	しょう	に.る かたど.る みめよい やつ.す	Like | Similar | Resemble | Pretty | Disguise Oneself As | Dress Up | Pine Away	приличам | подобен | красив | преструвам се на | чезна
俐	り	かしこ.い	Clever	умен
俑	よう とう ゆう		Effigy	фигурка (гробна статуетка)
俔	けん	たと.える うかが.う	Compare | Spy On	сравнявам | шпионирам
俘	ふ	とりこ	Captive	пленник
俚	り	いや.しい	Rustic | Ill Mannered	селски | невъзпитан
俛	ふ べん めん	ふ.せる	Look Down | Diligent	навеждам поглед | старателен
俜	へい びょう	つか.う おとこだて	To Trust To | Send A Message	поверявам | изпращам съобщение
俟	し	ま.つ	Wait | Depend On	чакам | разчитам на
俠	きょう きゃん	おとこだて	Chivalrous Person | Chivalry | Knight-errant | Tomboy	рицар | рицарство | странстващ рицар | момиче-палавница
俤		おもかげ	(kokuji)	спомен от лика, образ?
俥		くるま	Jinricksha | Rickshaw | (kokuji)	рикша
俦			Companion | Mate | Colleague	другар | спътник | колега
俯	ふ	ふ.す うつむ.く ふ.せる	Bend Down | Lie Prostrate	навеждам се | лежа по очи
俱	く	ともに	All | Together | Accompany	всички | заедно | придружавам
俶	しゅく てき	はじめ よい	Beginning | Good | Excel	начало | добър | превъзхождам
俾	ふ ひ へい	かしずく しむ	Tutor	наставник
倀	ちょう とう じょう	くる.う たお.れる	Ghost Of One Devoured By Tiger	дух на изяден от тигър?
倂	へい	あわせる ならぶ しかし	Combine	съединявам | комбинирам
倅	さい そつ そち	せがれ	Son | My Son	син | моят син
倆	りょう	たくみ	Skill	умение
倌	かん	とねり	Assistant In Wine Shop | Groom	прислужник в кръчма | коняр
倏	しゅく	たちまち	Quick | Prompt	бърз | внезапен
倐	しゅく		Hastily | Suddenly	прибързано | внезапно
們	もん	ともがら	Plural Suffix	суфикс за множествено число
倔	くつ	つよ.い	Stubborn	инат | упорит
倘	しょう とう	もし たちもとほ.る	If | Supposing | In Event Of | Dullness	ако | да предположим | в случай че | тъпота?
倚	い き	よ.る たの.む	Lean On | Rest Against	облягам се | опирам се
倜	てき ちゃく ちゅう	すぐ.れる おろ.か そむ.く	Raise High | Unrestrained	издигам високо | необуздан
倝	かん	かがや.く	Sunrise | Dawn	изгрев | зора
倞	けい きょう りょう おう こう	つよ.い あき.らか とお.い もと.める きそ.う	Far	далечен
倡	しょう	とな.える わざおぎ	Prostitute | Actor	проститутка | актьор
倢	しょう	さとい すこ.やか はや.い	Beautiful | Handsome | Woman | Fast | Speedy	красив | жена | бърз
倥	こう	ぬか.る	Boorish | Urgent	грубиян | неотложен
倦	けん	あき.る あぐ.む あぐ.ねる う.む つか.れる	Lose Interest In | Tire Of	омръзва ми | уморявам се
倨	きょ こ	おご.る	Pride | Squatting With Legs Outstretched	надменност | клякане с изпънати крака
倩	せん せい	つらつら うつく.しい	Carefully | Attentively | Profoundly	внимателно | задълбочено
倪	げい がい	きわ	Stare	взирам се
倬	たく		Large | Clear | Remarkable	голям | ясен | забележителен
倮	ら か げ	はだか せま.い かたぬ.ぐ すはだ	Bare | Naked | Uncovered	гол | неприкрит
倻	や		Phonetic Used In Korean Place Names	фонетичен знак в корейски топоними
偁	しょう	あ.げる	State	споменавам | изтъквам
偃	えん	ふ.せる	Dam | Weir	язовир | бент
假	か け	かり かり.る	Temporary | Interim | Assumed (name) | Informal	временен | привременен | предполагаемо (име) | неофициален
偈	げ けつ けい	いこ.う	Verse In Praise Of Buddha | Fast | Healthy | Rest	будистки хвалебствен стих | бърз | здрав | почивка
偊	う く	くぐ.まる つつし.む	To Walk Alone | Self-reliant	вървя сам | самостоятелен
偌	じゃ にゃ	このような このように	Thus | So | Like | Such	така | по такъв начин
偎	わい え	ほの.か なじ.む した.しむ ちかよ.る	Cling To | Cuddle | Embrace | Fondle	гуша се | прегръщам | галя
偐	げん がん		Fake | Counterfeit	фалшив | подправен
偓	あく	かか.わる	Fuss	суетня
偖	しゃ	さて	Well | Now	е, добре | и тъй
做	さ さく そ	な.す つく.る	Make	правя | изработвам
偟	こう おう	たたず.む さまよ.う たちもとほ.る いとま	Agitated | Alarmed	разтревожен | паникьосан
偢	しょう	いつく.しまない うれ.える	To Stare At	взирам се
偪	ふく ひつ ひょく ひき	せま.い せま.る むかばき	Compel | Pressure | Force | Bother	принуждавам | притискам | безпокоя
偬	そう	くる.しむ	Feel Pain | Suffer	страдам | изпитвам болка
偭	べん めん	む.かう そむ.く かな.う	Transgress	престъпвам | нарушавам
偸	つ とう ちゅう	ぬす.む	Steal	крада
傀	かい	おおき.い	Large	голям
傁	そう す	おきな	Old Man	старец
傅	ふ	かしず.く つく もり	Tutor	учител | възпитател
傈	りつ りち		Tribe	племе
傎	てん	さかさま くる.う	Topple	прекатурвам се | падам
傏	とう	おご.る	To Ward Off | To Parry | To Keep Out (e.g. Wind, Rain Or Cold)	отбивам | предпазвам от (напр. вятър, дъжд, студ)
傒	けい	あやう.い つな.ぐ	Personal Name | Servant	собствено име | слуга
傔	けん	したが.う はべ.る つか.える	Servant	слуга
傖	しょう そう	いや.しい いやしいもの いなかもの	Vulgar Person | Country Man	простак | селянин
傚	こう	なら.う	Imitate | Follow | Emulate	подражавам | следвам пример
傜	よう	えだち ふぞろ.い つか.い	Minority Tribe	малцинствено племе
傞	さ		Unsteady	нестабилен | несигурен
傢	か	かぐ	Stubborn | Obstinate | Intransigent	инат | упорит | непреклонен
傣			The Dai Minority Living In South China	дай (етническо малцинство в Южен Китай)
傭	よう ちょう	やと.う あた.い ひと.しい	Employ | Hire	наемам (на работа)
傯	そう	くる.しむ	Urgent	неотложен
傳	てん でん	つた.わる つた.える つた.う つて	Summon | Propagate | Transmit	призовавам | разпространявам | предавам
傴	く う	かが.む せむし	Bend Over | Stoop | Bow	навеждам се | прегърбвам се | покланям се
傺	てい たい	と.まる とど.まる	To Hinder | To Detain	възпрепятствам | задържам
傻	さ		Foolish | Silly | Stupid | An Imbecile	глупав | тъп | малоумен
傽	しょう	おどろ.く	Terror-stricken	ужасен | изплашен
僂	ろう る	かが.む	Bend Over	навеждам се | прегърбвам се
僃	び	そな.える そな.わる	Prepared	подготвен
僄	ひょう	かる.い かろ.んずる すばや.い	Light | Airy	лек | въздушен
僇	りく ろく る	はじ はずかし.める	Humiliate | Treat With Contempt	унижавам | презирам
僉	せん	みな	All	всички
僊	せん		Hermit	отшелник
僎	せん しゅん	そな.える かず かぞ.える	Collect	събирам
僖	き	よろこ.ぶ	Enjoyment | Pleasure	удоволствие | наслада
僝	さん ぜん	そな.える ののし.る あらわ.す	To Revile | To Abuse	хуля | оскърбявам
僞	ぎ か	いつわ.る いつわ.り にせ	Lie | Falsehood | Deceive | Pretend	лъжа | измама | преструвам се
僣	しん せん	せん.する おご.る	Boastfully Usurp	самонадеяно узурпирам
僤	たん せん たつ たち	はや.い あつ.い あき.らか ゆ.るぐ	Sincere	искрен
僥	ぎょう きょう		Luck | Seek | Desire	късмет | търся | желая
僦	しゅう しゅ	か.りる おく.る あつ.まる	To Heir | To Rent	наемам | давам под наем
僨	ふん ほん	たお.れる お.ちる やぶ.る	Ruin | Cause Fail | Overthrown	съсипвам | провалям | събарям
僩	かん げん	たけだけ.しい	Courageous | Martial | Dignified	смел | войнствен | достоен
僭	しん せん	せん.する おご.る	Boastfully Usurp	самонадеяно узурпирам
僮	とう どう	しもべ わらべ	Child | Servant | Foolishness	дете | слуга | глупост
僯	りん	はじ.る	Ashamed	засрамен
僱	こ	やと.う	Employ | Hire	наемам (на работа)
僳			Minority Name	името на малцинство (лису)
僵	きょう	たお.れる	Fall Down | Collapse	падам | рухвам
價	か け	あたい	Price | Value	цена | стойност
僻	へき ひ へい	へき.する ひが.む	Prejudice | Bias | Rural Area	предразсъдък | пристрастие | затънтен район
僾	あい	ほの.か かく.れる むせ.ぶ かな.しむ	Like	подобен? | смътен
儁	しゅん	すぐ.れる	Excellence | Talented Person	превъзходство | талантлив човек
儂	どう のう	わし かれ	I | My | He | His | Me (used By Old People)	аз (диал.) | той (диал.)
儆	けい しょう	いまし.める	Warn | Warning	предупреждавам | предупреждение
儈	かい け	なかがい	Go-between | Broker | Proxy | Middleman	посредник | брокер
儉	けん	つま.しい つづまやか	Economy | Thrifty	пестелив | икономичен
儋	たん せん	にな.う こがめ	Small Jar | To Bear A Burden | Load Of Two	малка делва | нося тежест
儌	きょう	ゆ.く うかが.う もと.める いつわ.る	Lucky | Fortunate	щастлив | късметлия
儍	さ		Foolish | Silly | Imbecile	глупав | малоумен
儎	さい	の.せる	Carry | Contain | Load	нося | товаря
儐	ひん	すす.める うやま.う あいさつ	Entertain Guests	посрещам гости | гощавам
儔	ちゅう じゅ	ともがら	Companion | Similar Kind	спътник | себеподобен
儕	せい さい	ともがら	Companion	спътник
儖	らん		Ugly	грозен
儗	ぎ かい	なぞら.える くら.べる	Compare With | Draw Analogy With	сравнявам | правя аналогия
儘	じん	まま ことごとく	As It Is | Because	както е | изцяло
儚	ぼう もう	はかな.い くら.い	Fleeting | Fickle	мимолетен | непостоянен
儛	ぶ む	ま.う ま.わす	To Skip About | To Dance For Joy	подскачам | танцувам от радост
儜	どう にょう ねい	なや.む よわ.い	Weak | Wearied | In Distress	слаб | изморен | в беда
儡	らい		Defeat	поражение
儭	しん	いた.る ちか.い おそ.れる うら しく	To Assist | To Give Alms	подпомагам | давам милостиня
儱	ろう る りょう りゅ	できあ.がらない うやむや	Rude | Barbarous	груб | варварски
儳	さん	ととのわぬ はや.い わる.い	Obstinate | Stupid | Uneven | Mix	упорит | глупав | неравен | смесвам
儷	れい	つれあい ならぶ	Companion	спътник | другар
儸	ら	さば.く	Bandit | Dare-devil	разбойник | безразсъден смелчага
儹	さん	あつ.める あつ.まる	To Accumulate | To Hoard | To Store Up	трупам | натрупвам | съхранявам
儺	な だ	おにやらい	Exorcism	екзорсизъм | прогонване на зли духове
儻	とう	あるいは すぐ.れる もし	Excel | Surpass | If | Perhaps	превъзхождам | надминавам | ако | може би
儼	げん	いかめ.しい おごそか	Serious | Untouched | Solemnly | Majestically	сериозен | недокоснат | тържествено | величествено
儿	じん にん	がい	Legs Radical (no. 10)	радикал „крака“ (№10)
兀	こつ		High & Level | Lofty | Bald | Dangerous	висок и равен | извисен | плешив | опасен
兂	しん さん	かんざし	Hairpin | Clasp | Wear In Hair	фиба за коса | тока | накит за коса
兇	きょう	おそ.れる わる.い	Wickedness	злина | порочност
兌	だ えい えつ たい	よろこ.ぶ	Exchange	размяна
兎	と つ	うさぎ	Rabbit | Hare	заек
兒	じ に げい	こ	Child | Young Of Animals	дете | малко на животно
兔	と つ	うさぎ	Rabbit | Hare	заек
兕	し		Female Rhinoceros	женски носорог
兗	えん	くく.る ただ.しい まこと	Establish | One Of Nine Empire Divisions	основавам | една от девет древни области на Китай
兟	しん	すす.む	To Advance	напредвам
兢	きょう	おそ.れる つつ.しむ	Discreet | Careful	предпазлив | внимателен
兦	ぼう もう	な.い ほろ.びる ほろ.ぶ ほろ.ぼす	Destruction	унищожение | гибел
兩	りょう	ふたつ	Old Japanese Coin | Both | Counter For Vehicles | Two	стара японска монета | и двата | брояч за превозни средства | две
兪	ゆ	しかり	Affirmative Response | Relaxed | At Ease	утвърдителен отговор | отпуснат | спокоен
兮	けい		Auxiliary Word For Euphony Or Emphasis	спомагателна дума за благозвучие или ударение
关			Frontier Pass | Close | Relation	граничен проход | затварям | връзка
养			Raise | Rear | Bring Up | Support	отглеждам | възпитавам | издържам
冀	き	こいねが.う こいねが.わくは	Hope For | Wish | Hebei Province	надявам се | желая | провинция Хъбей
冂	きょう けい		Upside-down Box Radical (no. 13)	радикал „обърната кутия“ (№13)
冄	ぜん ねん	あや.うい	Tender | Weak | Gradually Alternating	нежен | слаб | постепенно редуващ се
冉	ぜん ねん	あや.うい	Red | Tan	червен | бежов
冋	きょう けい	まきがまえ えながまえ どうがまえ けいがまえ	Desert | Border Prairie | The 1st Form Is Radical 13	пустиня | гранична степ
册	さつ さく	ふみ	Counter For Books | Volume	брояч за книги | том
冏	けい きょう そう	あきらか	Light | Clear | Bright	светъл | ясен
冐	ぼう	おか.す	Risk | Brave | Dare | Face | Defy | (diseases) Attack | Damage | Desecrate | Assume (a Name)	рискувам | дръзвам | предизвиквам | (за болест) нападам | оскверня
冑	ちゅう	かぶと よろい	Helmet	шлем
冓	こう	かま.える	Put Together | Inner Palace	сглобявам | вътрешен дворец
冕	べん めん	かんむり	Crown	корона
冖	べき		Wa-shaped Crown Radical (no. 14)	радикал „покривало“ (№14)
冘	いん ゆ	おこた.る ためら.う うたが.う	To Move On | Doubtful	напредвам | съмнителен | колеблив
冝	ぎ	よろ.しい よろ.しく	Suitable | Right | Fitting | Proper	подходящ | правилен | уместен
冢	ちょう	つか おお.う	Mound | Hillock	могила | хълмче
冦	こう	あだ.する	Foe | Enemy | Revenge | Grudge | Feud	враг | неприятел | отмъщение | вражда
冩	しゃ	うつ.す うつ.る	Write | Draw | Sketch | Compose	пиша | рисувам | скицирам | съчинявам
冪	べき		Power | Exponent	степен | показател на степен
冫	ひょう	こおり	Two-stroke Water Radical Or Ice Radical (no. 15)	радикал „лед“ (№15)
冰	ひょう	こおり ひ こお.る	Ice | Hail	лед | градушка
冱	ご こ	さ.える こお.る ひ.える	Freeze | Be Cold | Be Clear | Attain Skill	замръзвам | студен съм | ясен съм | овладявам умение
冲	ちゅう	おき おきつ ちゅう.する わく	Offing | Open Sea | Rise High Into Sky	открито море | издигам се високо в небето
决	けち けつ	き.める き.まる さ.く	Decide | Determine | Judge	решавам | определям | съдя
况	きょう	まし.て いわ.んや おもむき	Still More | Still Less	още повече | още по-малко
冽	れつ れい	きよ.い	Cold	студен
凂	ばい		To Request | To Ask A Favour Of	моля | искам услуга от
凃			Mud | Surname	кал | фамилно име
凅	こ かく	か.れる か.らす こお.る	Wither | Droop | Lame	вехна | увяхвам | куц
凈	そう しょう	ひややか	Clean | Pure | Cleanse	чист | пречиствам
凉	りょう	すず.しい すず.む すず.やか うす.い ひや.す まことに	Nice And Cool	приятно хладен
凊	せい	さむ.い すず.しい	Surname	фамилно име
凋	ちょう	しぼ.む	Wither | Droop | Lame	вехна | увяхвам | куц
减	げん	へ.る へ.らす	Decrease | Subtract | Diminish	намалявам | изваждам | смалявам
凑	そう	みなと あつ.まる	Piece Together | Assemble	сглобявам | събирам
凓	りつ りち	さむ.い	Shiver | Severe Cold	треперя | силен студ
凖	じゅん	じゅん.じる じゅん.ずる なぞら.える のり ひと.しい みずもり	Correspond To | Proportionate To | Conform | Imitate	съответствам | пропорционален | съобразявам се | подражавам
凛	りん	きびし.い	Cold	студен
凞	き	やわ.らぐ	Bright | Splendid | Glorious	светъл | бляскав | славен
几	き	きにょう	Table | Table Enclosure | Table Or Windy Radical (no. 16)	маса | радикал „маса“ (№16)
凢	ぼん はん	およ.そ おおよ.そ すべ.て	All | Any | Every Ordinary | Common	всички | обикновен
凥	きょ こ	い.る お.る	To Dwell	обитавам | живея
凩		こがらし	Wintry Wind | (kokuji)	зимен вятър
凭	ひょう へい	もた.れる よ.る	Lean On | Recline On | Lie Heavy	облягам се | опирам се
凮	ふう ふ	かぜ かざ-	Wind	вятър
凰	こう おう	おおとり	Female Phoenix Bird	женски феникс
凳	とう	こしか.け	Bench | Stool	пейка | столче
凴	ひょう		To Rely On | Depend On | Evidence | Proof	разчитам на | доказателство
凵	かん		Open Box Enclosure | Open Box Radical (no. 17)	радикал „отворена кутия“ (№17)
凷	かい け	かた.まり つちくれ	Dirt Clod | Piece	буца пръст | парче
凾	かん	はこ い.れる	Box	кутия
刁	ちょう		Tricky | Sly | Crafty | Cunning	хитър | лукав | коварен
刂	とう		Knife | Standing Sword Radical (no. 18)	радикал „нож“ (№18)
刄	じん にん	は やいば き.る	Blade | Sword | Edge	острие | меч | ръб
刅	そう しょう	つく.る はじ.める きず.つける	To Wound | To Create | To Make | To Invent | To Begin | Double-edged Sword	раня | създавам | започвам | двуостър меч
刋	かん せん	き.る けず.る	Cut | Whittle	режа | дялкам
刎	ふん	は.ねる くびは.ねる	Decapitate	обезглавявам
划	か げ	さおさ.す かま さ.く	Row A Boat | Paddle A Boat | Finger Guess	греба с лодка | играя „камък-ножица-хартия“
刓	がん ぐん	けず.る た.つ え.る すりへ.る	Trim	подрязвам
刔	けつ	えぐ.る	Scoop Out | Gouge	издълбавам | изкъртвам
刖	げつ ぐち ごつ ごち かつ	き.る あやう.い	Cutting Off Feet As Form Of Punishment	отсичане на крака (наказание)
刘	りゅう る	ころ.す	Surname | Kill | Destroy	фамилно име | убивам | унищожавам
刧	こう ごう きょう	おびや.かす	Threat | Long Ages	заплаха | дълги епохи
刨	ほう びょう	けず.る	Carpenter's Plane | Plane | Level	дърводелско ренде | изравнявам
刪	さん	けず.る	Cut Down	изрязвам | съкращавам
刮	かつ	こそ.げる けず.る	Scrape Off	изстъргвам
刱	そう しょう	はじ.める きず.つく	Establish | Create | Knife Cut	основавам | създавам | нарязвам с нож
刲	けい け	さ.す さ.く えぐ.る ころ.す	Cut | Slice Off | Pierce	режа | отрязвам | пробождам
刳	こ	く.る えぐ.る	Clear | Serene | Cold	ясен | спокоен | студен
刵	じ に げい	みみきり	Punishment By Cutting Off Ears	отрязване на уши (наказание)
刼	きょう		To Plunder | To Rob Openly	грабя | ограбвам открито
剄	けい	くびき.る	Beheading	обезглавяване
剉	さ	くじく かどをと.る	Cut | File | Trim	режа | пиля | изравнявам ръбове
剋	こく	かつ	Victory	побеждавам | надмощие | съперничество
剌	らつ	もと.る	Opposed | Biased	противопоставен | пристрастен
剏	そう しょう	はじ.める	Begin | Be Damaged | Break | Fall	започвам | повреждам се | чупя | падам
剔	てき てい	えぐ.る そ.る	Cutting	изрязвам | издълбавам | бръсна
剗	さん せん	けず.る	To Level Off | To Trim | To Pare Down	изравнявам | подрязвам | смалявам
剚	し	さ.す さしこ.む お.く	Stab	пробождам | забивам
剜	わん	けず.る えぐ.る	Cut | Cut Out | Pick Out | Scoop Out	изрязвам | издълбавам | изваждам
剞	き	きざ.む	Carve	гравирам | издълбавам
剟	てつ てち たつ たち	けず.る さきと.る そぐ う.つ	To Prick | To Cut Blocks | To Engrave	бода | гравирам | режа
剠	けい しょう りょう	いれずみ かすめと.る	Brand	жигосвам | татуирам | открадвам
剡	えん せん	するど.い するどく.する けず.る	Sharp | Sharp-pointed | Sharpen	остър | заострен | наострям
剦	えん あん	おお.う	To Castrate	кастрирам
剩	じょう	あまつさえ あま.り あま.る	Leftovers | Residue | Remains	остатък | излишък
剪	せん	き.る つ.む	Clip | Snip | Cut	режа | подстригвам | подрязвам
剮	か け	わ.ける さ.く	Cut | Cut Flesh From Bones	режа | разфасовам
剱	けん	つるぎ	Sword	меч
剳	とう さつ ちょう	さ.す	Sickle | Stay | Remain	сърп | оставам
剴	がい かい		Scythe | Suitability	коса (инструмент) | уместност
剷	さん せん	けず.る	Level Off | Pare Down | Raze Ground	изравнявам | сривам | подрязвам
剸	たん せん	き.る さ.く た.つ ほしいまま	Cut	режа | отрязвам
剽	ひょう	おびや.かす さす	Threat	заплаха | заплашвам
剿	そう しょう		Destroy	унищожавам | изтребвам
劂	けつ くち けい け	けず.る	Chisel For Engraving | Engrave	длето за гравиране | гравирам
劃	かく	わ.かつ かぎ.る	Divide	разделям | разграничавам
劄	さつ とう	さす かぎ かま	Brief Note | Official Communique	бележка | официално съобщение
劈	へき ひゃく	つんざ.く さく	Break | Tear | Split	цепя | разкъсвам | разделям
劊	かい け かつ	た.つ	Amputate | Cut Off	ампутирам | отрязвам
劌	けい け	そこ.なう さ.く はり とげ あ.う	To Cut | Injure | Stab | Stick On	режа | наранявам | пробождам
劍	けん	つるぎ	Sword	меч
劑	ざい すい せい	かる けず.る	Medicine | Drug | Dose	лекарство | доза
劒	けん	つるぎ	Sword	меч
劓	ぎ げい	はなき.る はなきり さ.く	Cut Off Nose	отрязвам носа (наказание)
劔	けん	つるぎ	Sword	меч
劖	さん	た.つ けず.る	Make Into Mince | Cut	нарязвам на ситно | режа
劘	ば ま び み	けず.る する わ.ける	Make Into Mince	нарязвам на ситно | стривам
劚	ちゃく ちょう ちょく	き.る	Cut	режа
劤	きん こん ろく	ちから	Strong	силен
劫	こう ごう きょう	おびや.かす	Threat | Long Ages	заплаха | безкрайно дълга епоха
劬	く	つか.れる	Become Tired | Work Busily	уморявам се | трудя се усърдно
劭	しょう	つと.める	Recommend | Work Hard | Beautiful	препоръчвам | трудолюбив | красив
劵	けん	てがた わりふ	Become Fatigued | Stop	билет | удостоверение | разписка
劻	きょう こう	あわ.てる	Flurried | Be In Flurry | Zealous	развълнуван | забързан | усърден
劼	かつ けち		Be Careful | Hard | Strive	внимателен | усърден | старая се
勄	びん	さとい	Active | Clever | Prompt Witty | Smart | Earnest | Diligent | To Hasten	активен | схватлив | старателен | бързам
勌	けん かん	つと.める う.む	To Labor | Tired	трудя се | уморен
勍	けい	つよ.い	Strong | Fierce	силен | свиреп
勐	ばう		Imperial Degree | Daoist Magic	императорска заповед? | даоистка магия?
勑	らい ちゃく ちき	いたわ.る ただ.す おさ.める	Reward	награда | императорски указ
勒	ろく	くつわ	Halter And Bit	юзда | оглавник
勔	べん めん びん みん	つと.める すす.める	Endeavor | Make Effort | Urge	старая се | полагам усилия | подтиквам
勖	きゃく こく ぼう きょく	つと.める	Enjoin | Advise | Preach To	наставлявам | съветвам
勗	きょく ぼう	つと.める	Be Diligent	старателен | усърден
勛	くん	いさお	Meritorious Deed | Merits | Rank	заслуга | подвиг | ранг
勞	ろう	ろう.する いたわ.る いた.ずき ねぎら.う つか.れる ねぎら.い	Thank For | Reward For	труд | умора | благодаря за труда
勠	りく	あわ.せる	Combine | Join Forces	обединявам сили | съюзявам се
勣	せき しゃく	いさお つむ.ぐ	Merit | Achievement	заслуга | постижение
勦	そう しょう		Destroy | Steal	унищожавам | открадвам
勩	えい い し	いたつき つか.れる	Work Hard | Belabored | Toil	трудя се усърдно | изморявам се
勰	きょう	かな.う あ.う	Peaceful | Harmonious	мирен | хармоничен
勱	ばい め	つと.める	Put Forth Effort | Strive Forward	полагам усилия | стремя се напред
勳	くん	いさお	Meritorious Deed | Merits | Rank	заслуга | подвиг | ранг
勵	れい	はげ.む はげ.ます	Strive | Encourage	старая се | насърчавам
勷	じょう にょう	はし.る	Urgent | In Haste | Hurriedly | Help	спешен | бързам | помагам
勸	かん けん	すす.める	Persuade | Recommend | Advise | Encourage | Offer	убеждавам | препоръчвам | насърчавам
勹	ほう	つつ.む	Wrapping Enclosure | Wrapping Radical (no. 20)	обвивам | радикал „обвиване“ (№20)
勻	いん	すくない ひとしい	Equal | Impartially | Uniform | Even	равен | еднакъв | безпристрастен
勿	もち ぶつ ぼつ	なか.れ なし	Not | Must Not | Do Not | Be Not	не | недей | не бива
匀	いん	すく.ない ひと.しい	Equal	равен | еднакъв
匃	かつ かち かい	こう あた.える	Beggar | Beg | Give	просяк | прося | давам
匆	そう	いそが.しい	Rush | Hurry | Be Flustered	бързам | забързан | развълнуван
匈	きょう		Turmoil | Hungary	размирица | Унгария
匊	きく こく	むす.ぶ すく.う たなごころ	Handful	шепа
匋	とう よう	やきもの	Pottery	керамика | грънчарство
匍	ほ	は.う	Crawl | Creep	пълзя
匏	ほ ほう	ひさご	Gourd	тиква (калабаш)
匐	ほく ふく		Crawl	пълзя
匕	ひ	さじ	Spoon | Spoon Or Katakana Hi Radical (no. 21)	лъжица | радикал „лъжица“ (№21)
匘	のう どう	のうず.る	The Brain	мозък
匙	し	さじ	Spoon	лъжица
匚	ほう		Box-on-side Enclosure Radical (no. 22)	радикал „кутия отстрани“ (№22)
匛	きゅう ぐ	ひちぎ ひつぎ	Bier | Coffin	ковчег | носилка за покойник
匜	い た	ひさげ はんぞう	Basin | Container For Wine	леген | съд за вино
匝	きょう そう	めぐ.る	Go Around	обикалям
匟	こう		Divan For Two Persons	диван за двама
匣	こう	はこ	Box	кутия
匧	きょう	はこ	Trunk | Portfolio	сандък | папка
匪	ひ	あら.ず かたみ	Negation | Wicked Person	отрицание | злодей | разбойник
匭	き こ	はこ くく.る	Small Box | Chest | Casket	кутийка | ковчеже
匯	き え かい わい	がい めぐ.る	Whirl | Swirl	водовъртеж | вихря се
匱	き	ひつ	Chest | Coffer | Rice Tub	сандък | ковчеже
匲	れん	くしげ はこ	Cosmetics Box	кутия за козметика
匳	れん	くしげ はこ	Cosmetics Box	кутия за козметика
匵	とく とう	ひつ はこ	Case | Casket	кутия | ковчеже
匸	けい		Hiding Enclosure Radical (no. 23)	радикал „скриване“ (№23)
匼	あん おん こう	こびへつら.う めぐ.る	Hood | Flattering | Enclosed In Something That Goes Round And Round	подмазвам се | обграждам
匽	えん	かく.す ふ.す なび.く はこ どぶ	To Hide | To Secrete | To Repress | To Bend	крия се | потискам
匾	へん	うす.い ひら.たい がく	Flat | Round Split-bamboo Contain	плосък | плитка от бамбук
區	く おう こう		Ward | District	квартал | район
卂	しん	とぶ	To Fly Rapidly	летя бързо
卅	そう	さんじゅう	Thirty	тридесет
卆	そつ しゅつ	そっ.する お.える お.わる ついに にわか	Soldier | Private | Die	войник | редник | умирам | завършвам
卉	き け	くさ	Grass	трева | растения
卋	せい せ そう	よ よよ う.む う.まれる	Generation | World | Society | Public	поколение | свят | общество
卌	しゅう	よんじゅう しじゅう	40	четиридесет
卍	ばん まん	まんじ	Swastika | Gammadion | Fylfot	свастика
卜	ぼく	うらな.う うらない	Divining | Fortune-telling | Divination Or Katakana To Radical (no. 25)	гадаене | предсказване
卞	べん へん はん		Law | Rule | Rash | Hasty	закон | правило | прибързан | необмислен
卡	さ か そう		Card | Punch Card | Calorie	карта | перфокарта | калория
卣	ゆう ゆ	さけつぼ	Wine Pot	съд за вино?
卦	か かい け	うらかた	A Divination Sign	гадателен знак | хексаграма?
卧			Lie Down | Crouch	лягам | клякам
卩	せつ	わりふ	Seal Radical (no. 26)	печат | разцепена плочка (талисман)?
卬	きょう ごう	のぞ.む な.す たか.ぶる	Lofty | High | Raise | High-priced	възвишен | висок | издигам | скъп
卭	きょう		High | To Raise	висок | издигам
卮	し	さかずき	Large Goblet | Apt | Fitting	голяма чаша | подходящ
卲	しょう	たか.い	Eminent | Lofty | Beautiful | Surname	изтъкнат | възвишен | красив | фамилно име
卷	かん けん	ま.く まき	Volume | Book | Part	том | книга | част | навивам
卹	しゅつ しゅち そつ そち	うれ.える	Sympathy | Pity | Comfort	съчувствие | жалост | утеха
卺	きん	さかずき	(nuptial) Winecups	сватбени чаши за вино?
卻	きゃく	かえ.って しりぞ.く しりぞ.ける	Instead | On The Contrary | Rather	напротив | все пак | отблъсквам
卽	そく しょく	つく すなわち もし	Promptly	веднага | незабавно
厂	かん	かりがね	Wild Goose | Trailing Cliff Radical (no. 27)	скала | надвиснала скала
厃	せん ぎ えん	あお.ぐ たるき のき	To Look Upward	гледам нагоре
厎	し てい きい ち	と.ぐ といし みが.く たいら.にする	Settle	точа | изглаждам | уреждам
厓	がい げ ぎ	がけ きし かたえ はて	Precipice | Shore | Bank | Surname | Cliff	пропаст | бряг | фамилно име
厔	しつ しち	ささ.えられる と.まる	Stop | Hinder | Place Near Water	спирам | възпрепятствам | място край вода
厖	ぼう	おおき.い	Large | Mix	голям | смесвам
厙	しゃ		Surname	фамилно име
厝	さく そ せき じゃく	といし ま.じる おく	Cut | Engrave | Gravest	режа | гравирам | надгробен камък?
厠	し しょく	かわや	Privy | Toilet	тоалетна | клозет
厡	げん	はら もと たず.ねる ゆる.す もと.より	Meadow | Original | Primitive | Field | Plain | Prairie | Tundra | Wilderness	ливада | поле | равнина | първоначален | пустош
厤	れき りゃく	おさ.める	To Calculate | The Calendar	изчислявам | календар
厥	けつ くつ	その それ	That	този | онзи
厩	きゅう	うまや	Barn | Stable	обор | конюшня
厪	きん ごん	こや	Hut | Careful	колиба | внимателен
厫	ごう	くら	Granary	хамбар | житница
厭	えん おん あん おう ゆう よう	いや あ.きる いと.う おさ.える	Get Tired Of | Satiate | Bore | Dislike | Disagreeable | Unwelcome	омръзва ми | отегчавам се | неприятен | нежелан
厮	し	こもの	Cut | Divide | Companion | Follower	режа | разделям | спътник | прислужник
厰	しょう		Workshop	работилница | цех
厲	れい らい れつ れち	といし と.ぐ こす.る	Whetstone | Grind | Sharpen | Whet | Encourage	точило | точа | изостря | насърчавам
厴	えん		Shell	черупка (капаче)?
厵	げん	みなもと	Spring | Source	извор | източник
厶	し ぼう む	わたくし ござ.る	I | Myself | Katakana Mu Radical (no. 28)	аз | себе си
厷	こう	かいな ひじ まる.い	The Fore-arm | The Upper-arm | Round	предмишница | рамо | кръгъл
厺	きょ こ	さ.る	To Go | Depart	отивам | заминавам
叀	せん	つつし.む か.ける	Spool Used To Collect Spun Thread | Generally | Wholly	вретено за прежда? | изцяло | като цяло
參	さん しん	まい.る まじわる みつ	Three | Going | Coming | Visiting	три | участвам | посещавам
叅	さん しん	まい.る まじ.わる みつ	To Counsel | To Consult Together | To Take Part In | To Intervene	съветвам | съвещавам се | участвам | намесвам се
叉	さ しゃ さい	また	Fork In Road | Crotch	вилица | разклонение | чатал | кръстосвам
叒	にゃく しゃく	したが.う	Obedient | United	послушен | обединен
叓	し ず	こと つか.う つか.える	Affair | Matter | Work	работа | дело | въпрос
叕	てい てつ てち げつ い	と.じる つづ.る すみ.やか	Concatenate | Compose | Covered In A Gauze Like Net	свързвам | съставям
叚	か け	か.りる か.す	False	лъжлив | фалшив
叛	はん ほん	そむ.く	Disobey | Defy | Go Back On | Rebel | Rebellion	бунтувам се | предавам | въставам | бунт
叝	こう		To Respectfully Inform	почтително уведомявам
叟	そう しゅう	おきな	Old Person	старец
叠	じょう ちょう	たた.む たたみ かさ.なる	Pile | Be Piled Up | Fold Up	трупам | натрупвам се | сгъвам
另	れい りょう	わか.れる さ.く べつ.の べつ.に	Another | Separate | Other	друг | отделен
叧	か け	わ.ける さ.く	To Cut Meat Off Away From Bones | Ancient Torture	отрязвам месо от кости? | древно мъчение?
叨	とう	みだりに	Truly | Graciously | Gratuitously | Ravenously	наистина | милостиво | безвъзмездно | лакомо
叭	はつ		Open	отварям
叮	てい		Courtesy	учтивост | любезност
叵	は	でき.ない すこぶる ついに	Cannot | Be Unable Do | Improbable | Thereupon	не мога | невъзможен | неправдоподобен
叺		かます	Straw Bag | (kokuji)	сламена торба
吁	く う	ああ	Exclamation	възклицание | ах
吃	きつ	ども.る	Stammer	заеквам
吋	とう どう すん	インチ	Inch	инч
吒	た		Shout | Roar | Bellow | Scold	крещя | реве | гълча
吓	か	おど.す	Scare | Frighten | Intimidate	плаша | заплашвам
吚	い き	うめ.く	Used To Represent Sound	звукоподражателен знак?
吝	りん	しわ.い やぶさ.か おし.む	Miserly | Stingy | Sparing	стиснат | скъперник
吞	どん とん てん	のむ	Swallow | Absorb | Annex | Engulf	гълтам | поглъщам | анексирам
吠	はい べい	ほえ.る ほ.える	Bark | Howl | Cry	лая | вия
吡	ひつ びち ひ	そし.る	Blame	упреквам | виня
吧	は へ		Emphatic Final Particle	(усилителна финална частица)
吨	とん		Metric Ton	тон (мярка за тегло)
吩	ふん	ふ.く	Give An Order | Sprout Forth	нареждам | давам заповед | покълвам
吪	ぐう げ か	うご.く か.える か.わる	Move	движа се | променям се
听	きん	ポンド わら.う	Open-mouthed Laughter | Listen To | Pound (sterling, Lb)	смея се | слушам | паунд (лира)
吭	こう	のど	Throat | Neck | Pivot	гърло | врат
吮	せん しゅん	す.う	Suck	смуча
启	けい	ひら.く	Open | Begin | Commence | Explain	отварям | започвам | обяснявам
吱	し き		Chirping | Squeaking | Hissing	чуруликане | писукане | съскане
吴	ご	く.れる くれ	Name Of Warring State | Surname	у (име на древна китайска държава) | фамилно име
吵	びょう みょう そう しょう	さえず.る こえ	Argue | Dispute | Disturb | Annoy	карам се | споря | безпокоя
吶	とつ	ども.る	Stutter	заеквам
吻	ふん ぶん	くちわき くちさき	Proboscis	устни | хобот | целувка
吼	こう く	ほ.える	Bark | Bay | Howl | Bellow | Roar | Cry	рева | вия | лая
吽	こう うん いん おん ぐ	ほえ.る	Bark | Growl	лая | ръмжа
呀	が か	あ	Open One's Mouth | Bare One's Teeth | Empty	отварям уста | показвам зъби | празен
呃	あく あい	な.く	Belch | Hiccup	оригвам се | хълцам
呇	けい		Star	звезда
呍	こう うん いん おん ぐ	ほえ.る	Moo Of A Cow | Scream | To Yell | Dogs Barking At Each Other	мучене | крещя | лаене на кучета
呎	しゃく	ふいいと	Foot	фут (мярка за дължина)
呏	しょう	がろん くおおと	Gallon | Quart	галон | кварта
呕			Vomit | Annoy | Enrage	повръщам | дразня
呟	げん	つぶや.く	Mutter | Grumble | Murmur	мърморя | шепна
呢	じ に		Emphatic Final | Interrogative	(усилителна/въпросителна частица)
呦	ゆ おう ゆう よう	むせ.ぶ さけ.ぶ	The Bleating Of The Deer	блеене на елен?
呧	てい たい	そし.る しか.る	To Rebuke | To Scold | Slander	мъмря | скарвам се | клевета
呫	ちょう しょう てん	な.める ささや.く しゃべ.る	Whisper | Lick | Taste | Petty	шепна | лижа | вкус | дребнав
呬	き ち れい りょう	いき いこう	To Rest	почивам
呭	えい せつ せち	しゃべ.る たの.しむ	Final Particle Expressing Consent | Talkative	частица за съгласие | бъбрив
呮	き	こしか.ける	To Sit	сядам
呰	し さ		Blame | Censure | Damage | This	упрек | порицание | вреда | това
呱	こ		Cry	плач
呴	く こう	いきをかけてあたた.める	Breathe On | Yawn | Roar	дъхам топло | прозявам се | рева
呵	か	か.す しか.る わら.う	Scold | Blow On | Reprove	мъмря | духам | порицавам
呶	ど どう	かまびす.しい	Noisy	шумен | врява
呷	こう	あお.る す.う	Sip | Noisy | Quack	сръбвам | шумен | крякане
呻	しん	うめ.く うめき	Moan | Groan	стена | охкам
呿	か きょ こ きょう こう	ひら.く あくび.する	To Yawn	прозявам се
咀	そ しょ	か.む	Bite | Eat	хапя | дъвча | ям
咁	かん	ふく.む	So	така
咄	とつ	はなし しか.る	Exclamation Of Surprise | Cry Out (in Anger) | Scold | Talk | Chat	възклицание на изненада | извиквам гневно | мъмря | говоря | бъбря
咅	とう	つばをはいていな.む	To Spit Out	изплювам
咆	ほう	ほ.える	Bark | Roar | Get Angry	лая | рева | ядосвам се
咈	ふつ ぶち ひつ びち	たが.う いな	Oppose	противопоставям се
咉	おう	ふさ.がる	An Echo | Sound | To Vomit (as An Infant)	ехо | звук | повръщам (за кърмаче)
咊	わ		Harmony | Peace | Conciliation | To Be On Good Terms With | Kindly | Mild	хармония | мир | помирение | ладя се с някого | мек
咋	さく さ	か.む く.う くら.う	Shout | Chew | Eat	викам | дъвча | ям
咍	かい たい	わら.う よろこ.ぶ	Laugh	смея се | радвам се
咎	きゅう こう	とが.める とが	Blame | Censure | Reprimand	упрек | порицание | укор
咏	えい	よ.む うた.う	Recitation | Poem | Song | Composing	рецитация | стихотворение | песен | съчиняване
咐	ふ ほ		Blow | Command	духам | заповядвам
咒	じゅ しゅ しゅう	まじな.う のろ.い まじない のろ.う	Spell | Curse | Malediction	заклинание | проклятие | клетва
咕	こ	ぶつぶつい.う	Mumble | Mutter | Murmur | Rumble	мърморя | шепна неясно | боботя
咖	か		Coffee	кафе
咜	た と	しか.る	To Scold	мъмря
咠	しゅう ゆう	ささやく そしる	To Whisper. To Blame To Slander	шепна | упреквам | клеветя
咡	じ に	くちもと くち	Side Of Mouth	ъгъл на устата
咢	がく	おどろく	Outspokenly	откровено | прямо
咤	た と	しか.る	Clicking (with Tongue) | Upbraid | Pity | Belch	цъкане с език | укорявам | съжаление | оригвам се
咥	てつ き	か.む くわ.える	Laugh | Chew | Eat	смея се | дъвча | ям | държа в устата
咦	い き たい	といき	Expression Of Surprise	израз на изненада
咧	れつ れち		Stretch Mouth | Grimace | Grin	разтягам уста | гримаса | ухилвам се
咨	し	ああ はか.る	Investigate	разследвам | разпитвам
咩	び み		The Bleating Of Sheep	блеене на овца
咪	び べい	めえとる	Sound Of Cat | Cat's Meow | Meter | (cantonese) Don't!	мяукане на котка | метър
咫	し	た	Short | Span	къс | педя
咬	こう よう	か.む	Bite | Gnaw | Chew | Gear With | Dash Against	хапя | гриза | дъвча | зацепвам се (за зъбно колело)
咭	きつ ぎち かつ けち		Sound Of Laughter | Sound Of Mice Squeaking	смях | писукане на мишки
咮	とう つ ちゅう しゅう	くちばし	Beak	клюн
咯	かく	は.く	Quarrel	карам се | кавга
咱	さつ さち さ しゃ	われ	Us	ние
咳	かい がい	せ.く しわぶ.く せき しわぶき	Cough | Clear Throat	кашлям | прочиствам гърло
咷	どう ちゅう てき じゃく	な.く	Howl | Cry Loudly	вия | викам силно
咺	けん くん	おそ.れる	Majestic	величествен
咻	く きょう こう		Shout	викам
咼	かい け くう か	よこしま くちがゆがむ ゆが.む	Crooked Mouth | Evil | Dishonest	крива уста | зъл | нечестен
咾	ろう		Voice	глас
咿	い	つくりわら.い	Descriptive Of Creaking | Laugh	скърцане | смея се
哂	しん	わら.う	Derisive Laugh | Sneer	присмех | подигравателна усмивка
哄	こう		Resound | Reverberate	отеквам | кънтя
哆	し た しゃ	おお.きい おおくち	Tremble | Shiver | Shudder | Quiver	треперя | тръпна
哇	あ あい え わ	かい けい	Fawning Child's Voice | Laughing Child's Voice	детски гласец | детски смях
哈	ごう は そう		School Of Fish | Fish's Mouth Moving | Exhaling Sound	пасаж риби | движение на рибешка уста | издишване
响	きょう	ひび.く	Make Sound | Make Noise | Sound	издавам звук | шумя | звук
哎	がい		Interjection Of Surprise	възклицание на изненада
哘		さそ.う	(kokuji) | Invite | Entice	каня | подмамвам
哢	ろう	さえず.る	Chirp | Twitter | Warble	чурулика | цвърча
哥	か こ	あに うた	Big Brother	голям брат
哦	が		Sing	пея
哩	り	まいる	Mile	миля
哪	だ な		Which? Where? How?	кой | къде | как
哬	か	しか.る せ.める	Sound Of A Large Crowd Of People	шум на голяма тълпа
哭	こく	なげ.く な.く	Weep | Moan | Wail	плача | стена | вия
哮	こう	た.ける ほ.える	Roar | Howl | Growl | Bellow	рева | вия | ръмжа
哯	けん	は.く	Vomit | Spit Up	повръщам
哶	ば め ま び み		Bleat	блея
哼	こう きょう	おび.える	Hum | Sing Softly | Groan | Moan	тананикам | пея тихо | стена
哽	こう	むせ.ぶ	Sob | Get Choked Up	хлипам | задавям се
哿	か	よい	Excellent | To Commend | To Be Able To	отличен | похвалявам | мога
唀	ゆう しゅう	さそ.う いざな.う	Call Out To And Deceive	подмамвам с извикване
唁	げん ごん	とむら.う	Express Condolence	изразявам съболезнования
唅	かん こん	ふく.む ふくませもの	Sound | To Put In The Mouth	звук | слагам в устата
唈	おう ゆう	なげ.く むせ.ぶ	To Sob	хлипам
唉	かい き あい い	ああ あお いやいやこた.える	Alas	уви
唎	り	こえ	Sound | Noise | Final Particle	звук | шум
唏	き	なげ.く	Lament | Grieve	скърбя | тъгувам
唔	ご		Reading Voice	глас при четене
唖	あ あく	おし	Mute | Dumb	ням
唪	ほう ほ ぶ	おおごえ	To Recite | To Intone | To Chant	рецитирам | напявам
唫	ごん きん	ども.る くちをと.じる うたうた.う	To Hum | To Intone | To Close | To Shut	тананикам | напявам | затварям
售	しゅう	う.る	Sell | Be Popular	продавам | ползвам се с популярност
唲	じ に あい	へつら.う かたこと	Forced Laughter	престорен смях
唳	れい	れつ	Cry | Honking Of Birds | Droning Of Cicadas	крясък | крякане на птици | бръмчене на цикади
唵	あん おん	ふく.む	Syllable	сричка
唶	しゃ せき しゃく さく	な.く	Sigh | Groan | Loud Laughter	въздишка | стон | силен смях
唸	てん	うな.る うなり	Groan | Roar	стена | рева
唹	お		Laugh | Smile	смея се | усмихвам се
唼	しょう そう	くら.う すす.る ついば.む ふ.む	Speaking Evil | Gobbling Sound Made By Ducks	злословя | крякане на патици
唽	せき しゃく		To Twitter	цвърча
啀	がい	いがむ	Wrangle | Growl At	карам се | ръмжа срещу
啁	とう ちょう ちゅう しゅう	たわむ.れる	Chirp | Twitter | Twittering	чурулика | цвърча
啅	たく とう		Noisy | Peck At | Chirping | Twittering	шумен | кълва | чурулика
啇	てき ちゃく せき	もと ねもと やわ.らぐ	The Stalk | The Stem | The Foot | The Base	стрък | стъбло | основа
啉	らん	かまびす.しい むさぼ.る	Stupid | Slow	глупав | бавен
啊	あ	こえ	Exclamatory Particle	възклицателна частица
啌	くう こう		Angry Voice | Gargle | Throat	гневен глас | гаргара | гърло
啍	とん しゅん たい て きょう こう	いき	Creak	скърцане
啐	さい せ さ しゅつ しゅち かつ かち	おどろ.く よ.ぶ さけ.ぶ しか.る	To Taste | To Sip | To Spit | The Sound Of Sipping | To Surprise	вкусвам | сърбам | плюя | изненадвам
啖	たん	く.う くらわ.す	Eat	ям
啗	たん	く.らわす く.う く.らう	Allure | Entice	примамвам | съблазнявам
啜	せつ てつ	すす.る	Suck | Sip	смуча | сърбам
啝	わ		Follow | Childless	следвам | бездетен
啞	あ	おし	Dumb | Mute | Become Hoarse	ням | прегракнал
啠	てつ	さとい あき.らか し.る さば.く	Philosophy | Clear	философия | ясен
啡	はい へ ひ	いびき つば	Morphine | Coffee	морфин | кафе
啣	かん	くわ.える くつわ	Hold In Mouth Or Between Teeth	държа в устата
啤	ひ		Beer	бира
啦	ろう		Final Particle Of Assertion	(частица за потвърждение)
啻	し	ただ.ならぬ ただ.に	Incomparable | Merely	несравним | само
啼	てい	な.く	Bark | Chirp | Cry	лая | чуруликам | крякам
啽	がん ごん	いびき とじる	To Speak	говоря
啾	しゅう	な.く	Cry | Whimper | Neigh	плача | хленча | цвиля
喀	かく	は.く	Vomit	повръщам
喁	ぐ ごう きょう	あぎとう	The Mouth Of A Fish At The Surface Of The Water | Gasping For Breath	уста на риба на повърхността? | задъхвам се
喂	い き かい	なげ.く	Interjection | To Call Attention	ей! | обръщам внимание
喃	なん	の.う	Chatter | Rattle On	бъбря | дърдоря
喆	てつ		A Sage | Wise | Sagacious	мъдрец | мъдър
喇	らつ ら		Chatter | Rattle On	бъбря | дърдоря
喈	かい		Music | Melody	музика | мелодия
喊	かん やく	さけ.ぶ	Cry | Call	викам | крещя
喎	かい け くう か	よこしま くちがゆが.む ゆが.む	Wry Mouth	изкривена уста
喏	しゃ にゃ じゃく にゃく だく	はい	Respectful Reply Of Assent To Superiors	почтителен отговор на съгласие?
喑	いん おん あん	おし さけ.ぶ	To Be Dumb | The Sobbing Of Infants	ням | хлипане на бебе
喒	さん	われ	Dual Pronoun | I | You And Me | We Two	аз | ние двамата
喓	よう	こえ	Chirping | Buzzing	чуруликане | бръмчене
喔	あく らく おく		Descriptive Of The Crying Of A Crow	грак на врана?
喙	かい	がい くちばし	Beak	клюн
喞	しょく そく	かこ.つ	Speak Resentfully	говоря с негодувание
喟	き かい	なげ.く	Moan	стена
喣	く	いろ あらわしし.めす	To Breathe Upon	дъхам върху
喤	こう おう きょう	なきごえ	Ah | Harmony	ах | хармония
喨	りょう ろう		Clear Voice	ясен глас
喭	げん がん	とむら.う とりみだ.す	Condole With | Coarse	съболезновам | груб
單	たん	ひとえ	One | Single | Simple	един | единствен | прост
喰		く.う く.らう	Eat | Drink | Receive (a Blow) | (kokuji)	ям | пия | получавам (удар)
喲	やく		Ah | Final Particle	ах | (финална частица)
喿	そう しょう	さわ.ぐ かしま.しい すき	Chirping Of Birds	чуруликане на птици
嗁	てい だい	な.く	Give Forth Sound | Make Noise	издавам звук | вдигам шум
嗃	こう きょう	きび.しい こえ せ.める	Flute	флейта
嗄	さ	か.らす か.れる しゃが.れる	Hoarse	прегракнал
嗆	しょう そう	ついば.む むせ.る つ.まる	Choke By Smoke | Irritates Nose	задавям се от дим | дразня носа
嗇	しょく	やぶさ.か おし.む	Miserly | Stingy | Sparing	стиснат | скъперник
嗉	そ		Bird's Crop Or Craw | Wine Pot	гуша на птица | делва за вино
嗌	えき やく あく あい えい	のど	The Throat	гърло
嗎	ば	ののし.る	Final Interrogative Particle	(финална въпросителна частица)
嗑	こう	おしゃべり あ.う の.む かた.る	Eat Seeds | Reproach | Loquacious	ям семки | укорявам | бъбрив
嗒	とう	な.める	Appear To Have Forgotten Everything	разсеян, сякаш забравил всичко?
嗓	そう	のど	Voice | Throat	глас | гърло
嗔	しん	いか.る	Be Angry	гневя се
嗚	う お	ああ	Weep | Ah | Alas	плача | ах | уви
嗛	けん かん きょう	ふく.む うら.む へりくだ.る	Pouch | Hold | Content | Insufficient | Put In Mouth	торбичка | държа | доволен | недостатъчен
嗝	かく きゃく	しゃくり	Cackling Of Fowls To Gag | To Vomit	кудкудякане | повръщам
嗞	し	なげ.く わら.う	To Consult About | To Plan | To Report In Writing To An Equal | A Despatch	съветвам се | планирам | донесение
嗟	さ しゃ	あ ああ なげ.く	Lament | Grieve | Sigh | Alas | Ah	оплаквам се | скърбя | въздишам | уви
嗢	おつ らつ らち あつ えち	むせぶ の.む	Choke | Suffocate | Vomit | Laugh Heartily	задавям се | задушавам се | повръщам | смея се сърдечно
嗤	し	わら.う	Laugh | Ridicule	смея се | присмивам се
嗩	さ		Flute-like Musical Instrument	духов инструмент, подобен на флейта
嗶	ひつ ひち		Used In Transliterations	(използва се в транслитерации)
嗷	ごう	かまびす.しい	Noisy	шумен
嗹	れん	おしゃべり	Voluble | Garrulous	бъбрив | приказлив
嗽	そう しゅう そく	すす.ぐ ゆす.ぐ くちすす.ぐ うがい	Rinse | Wash | Gargle	изплаквам | мия | правя гаргара
嗾	ぞく そく そう	けしか.ける そそのか.す	Sic'em | Egg On | Instigate	насъсквам | подбуждам
嗿	たん とん	こえ	Gobble	гълтам лакомо
嘅	かい	なげ.く	Sound Of Sighing | (cantonese) Possessive	звук на въздишка
嘈	そう しょう	かまびす.しい	Noisy	шумен
嘊	がい	いが.む	Wrangle | Growl At	карам се | ръмжа
嘍	ろう る	うるさ.い みだ.れる	Used In Onomatopoeic Expression	(използва се в звукоподражателен израз)
嘎	かつ けち		Sound Of Laughter | Bad | Malevolent	звук на смях | лош | злонамерен
嘏	か け	さいわ.い	Felicity | Prosperity | Large And Strong	щастие | просперитет | голям и силен
嘐	ほう ろうろう ひょう びゅう みょう こう		Final Exclamatory Particle	(финална възклицателна частица)
嘑	こ く	さけ.ぶ な.く よ.ぶ	To Menace | To Howl At | To Bawl	заплашвам | вия по | крещя
嘒	けい け		Sharp	остър
嘔	おう く	は.く むかつ.く うた.う	Vomit | Nauseated	повръщам | гади ми се
嘖	さく	さいな.む さけ.ぶ	Scold | Torment | Chastise	мъмря | измъчвам | наказвам
嘗	しょう じょう	かつ.て こころ.みる な.める	Once | Before | Formerly | Ever | Never | Ex- | Lick | Lap Up | Burn Up | Taste | Undergo | Underrate | Despise	някога | преди | вкусвам | изпитвам | подценявам
嘛	ま		Wheat	пшеница
嘨	しょう しつ しゅう	うそぶく もぐぶく	Roar | Howl | Scream | Whistle	рева | вия | крещя | свиря
嘩	か け	かまびす.しい	Noisy	шумен
嘬	さい せ せい	か.む むさぼ.る	To Lap | To Suck	лоча | смуча
嘯	しょう しつ	うそぶ.く	Roar | Howl | Recite Emotionally | Feign Indifference	рева | вия | декламирам развълнувано | правя се на безразличен
嘰	き け		Sigh In Disapproval | Take Small	въздишам с неодобрение | вземам малко
嘴	し	くちばし はし	Beak | Bill	клюн
嘵	きょう	おそ.れる	Garrulous | Disturbed | Restless	бъбрив | разтревожен | неспокоен
嘶	せい	いなな.く	Neigh | Whinny	цвиля
嘷	こう	ほ.える さけ.ぶ	The Roaring Of Wild Beasts | To Howl | To Wail | To Bawl	рев на диви зверове | вия | ридая | крещя
嘸	ぶ む	さぞ さぞや さぞかし	How | Indeed | I Dare Say	как | наистина | предполагам
嘹	りょう		Used To Describe Clearness Of Voice	(описва яснота на гласа)
嘻	き い	いまし.め やわら.ぐ ああ わら.う	Mirthful | Happy | Interjection	весел | щастлив | (възклицание)
嘽	たん せん た	あえ.ぐ よろこ.ぶ おお.い さかん	Pant | Many	задъхвам се | много
嘿	ぼく もく こく	しず.か だま.る あざむ.く	Be Silent | Be Quiet	мълча | тих
噀	そん		Spurt Out Of The Mouth | Blow Out Water	изплювам | изхвърлям вода от устата
噁	お う あく	おこ.る	Nastiness | Nauseate | Sickening	гадост | гади се | отвратителен
噆	そう さん	ふく.む か.む	Put In The Mouth | Bite | Chew	слагам в устата | хапя | дъвча
噉	たん	く.らわす く.う く.らう	Bite | Chew	хапя | дъвча
噋	とん かく	たた.く	To Swallow Hastily | To Gobble Up	гълтам набързо | лапам
噌	そう しょう そ	かまびす.しい	Boisterous	шумен | врява
噍	しょう しゅう しゅ しゃく ざく	か.む	Chew | Eat | Munch	дъвча | ям | хрупам
噎	いつ えつ	む.せる むせ.ぶ	Choke | Smother	задавям се | задушавам
噏	きゅう	す.う	Inhale | Absorb | Imbibe | Compress	вдишвам | поглъщам | свивам
噐	き	うつわ	Vessel | Receptacle | Implement | Instrument | Ability	съд | прибор | инструмент | способност
噓	きょ	ふく うそ	Exhale | Blow Out | Deep Sigh | Hiss | Praise | Flatter | Lie	лъжа | издишвам | въздишам | лаская
噔	とう		Syllable	сричка
噞	げん	あぎとう はげ.しい	The Movement Of A Fish's Mouth At The Surface Of The Water	движение на устата на риба на повърхността на водата?
噠	たつ たち		Sound Made Get Horse Move Forward	звук за подкарване на кон?
噢	ゆう いく う く	うめ.く	Moan | Interjection For Pain | Sad	стена | ох (междуметие за болка) | тъжен
噤	きん	つぐ.む	Shut Up	млъквам | затварям уста
噦	えつ おち えち き け けい かい	しゃっくり あか.るい	Belch | Vomit	оригвам се | повръщам
噩	がく かく	おごそ.か おどろ.く	Bad | Ill-omened | Unlucky	лош | злокобен | нещастен
噪	そう	さわ.ぐ	Be Noisy	вдигам шум | шумен
噫	い あい おく	ああ おくび	Exclamation | Burp | Belch	ах (възклицание) | оригвам се
噬	ぜい	か.む	Bite	хапя
噭	きょう けき きゃく	ほ.える さけ.ぶ よ.ぶ な.く	Shout	викам | крещя
噯	あい がい	いき	Interjection | Exclamation | Breathe	ах (междуметие) | дишам
噱	きゃく がく		Laugh Heartily | Laugh Aloud	смея се от сърце | разсмивам се гръмко
噲	かい け わい え かつ かち	のど すす.る こころよ.い あか.るい	Swallow | Gulp Down | Greedy	гълтам | лаком
噶	かつ かち		Used In Transliterations	(използва се в транслитерации)
噸	とん		Tonnage | (kokuji)	тон
嚀	ねい にょう		Kindness	любезност | доброта
嚄	かく わく	わめ.く ああ	Roar	рева
嚅	じゅ にゅ	やかま.しい	Talk Indistinctly And Falteringly	говоря неясно и запъващо се
嚆	こう	さけ.ぶ	Call	викам | зова
嚈	よう えん		Hephthalite Empire | To Have One's Breath Taken	хефталитска империя? | спира ми дъхът
嚊	ひ	かかめ かかあ はないき	Breathing Through The Nose | Snorting | Wife | One's Old Lady	дишане през носа | пръхтене | съпруга | жена (простонар.)
嚌	せい かい さい	な.める	Sip	сръбвам | отпивам
嚏	てい	くしゃみ くさめ くさみ はな.ひる ひ.る	Sneeze	кихам | кихавица
嚔	てい	くしゃみ くさめ くさみ はな.ひる ひ.る	Sneeze	кихам | кихавица
嚕	ろ	かた.る へつら.う	Verbose | Talkative | Mumbling	многословен | бъбрив | мърморя
嚙	こう ごう	か.む か.じる	Bite | Gnaw	хапя | гриза
嚚	ぎん ごん がん げん	わる.い おろ.か つ.れない	Argumentative | Talkative	свадлив | бъбрив
嚞	てつ		Philosophy | Clear	философия | ясен
嚠	りゅう る		A Clear Sound	чист звук
嚢	のう どう	ふくろ	Pouch | Purse | Bag	торба | кесия | чувал
嚥	えん	の.む	Swallow	гълтам
嚦	れき りゃく		Used In Onomatopoeic Expression	(използва се в звукоподражателен израз)
嚨	ろう る	のど	Throat	гърло
嚩	はく ば	のろ.い	Used To Transliterate Sanskrit 'va'	(използва се за транслитерация на санскритското „ва“)
嚬	ひん	ひそ.める	Frown | Scowl	мръщя се | начумерен
嚭	ひ	おお.きい	Mound | Lump | Stealthily	могила | буца | скришом
嚮	こう きょう	さきに むか.う	Guide | Direct | Incline To | Favor	водя | насочвам | склонен съм към | благоволение
嚲	た		Read Aloud | Recite | Chant | Droop	чета на глас | рецитирам | пея | клюмвам
嚳	こく	つ.げる	Mythical Emperor | To Inform Quickly | An Urgent Communication	митичен император? | уведомявам бързо | спешно съобщение
嚴	げん ごん	おごそ.か きび.しい いか.めしい いつくし	Strictness | Severity | Rigidity	строгост | суровост | твърдост
嚶	おう	な.く	Chirping | Birds Singing Together	чуруликане | птича песен
嚷	じょう	わめ.く どな.る	Shout | Brawl | Make Uproar | Cry	крещя | карам се | вдигам врява
嚼	しゃく	か.む	Bite	дъвча
嚾	かん たん	よ.ぶ わめ.く かまびす.しい	Make A Racket | Call Out To	вдигам шум | викам
囀	てん	さえず.る	Sing | Chirp | Warble | Chatter	чуруликам | цвърча
囁	しょう	ささや.く	Whisper | Murmur	шепна | мърморя
囂	ごう きょう	かしま.しい かまびす.しい	Noisy | Boisterous	шумен | врява
囅	てん てつ てち		Smile	усмихвам се
囈	げい		Foolish Talk	глупави приказки | бръщолевене
囉	ら	こえ	Exclamatory Final Particle | Nag	(възклицателна финална частица) | мърморя
囊	のう どう	ふくろ	Bag | Purse | Sack | Put In Bag	торба | кесия | чувал | слагам в торба
囋	さつ ざち さん	こえ	To Slander | To Libel | To Criticize | Chatty | Gossipy	клеветя | критикувам | бъбрив | клюкарски
囌	そ	よくしゃべ.る	Loquacious | Nag	бъбрив | мърморя
囍			Double Happiness	двойно щастие
囎	そ	しょう	Used In Place Names | (kokuji)	(използва се в имена на места)
囏	かん けん	なや.む かた.い なや.み も	Difficult | Trying | Be Distressed | Parent's Funeral Ceremony | Mourning | Perilous	труден | мъчителен | измъчен | траур | опасен
囑	しょく	しょく.する たの.む	Request | Send A Message	моля | поръчвам
囓	げつ けつ	かじ.る か.む	Gnaw	гриза
囗	い こく		Box | Box Or Enclosure Radical (no. 31)	кутия | ограда (радикал)
囘	かい え	まわ.る まわ.す もとお.る か.える	Round	кръгъл | връщам се
囝	けん がち	こども	Baby | Infant	бебе | дете
囟	しん し	ひよめき	Top Of The Head | Skull	теме | череп
囡	じゅう のう なん		One's Daughter | To Filch | To Secrete	дъщеря | открадвам | укривам
囤	とん	ざる	Grain Basket | Bin For Grain	кошница за зърно | хамбар
囥	こう	くら	Hide	крия
囧	けい きょう そう	あきらか	Light | Clear | Bright	светлина | ясен | светъл
囨	へん		Sound Of Spitting	звук от плюене
囫	こつ こち	まったし はっきりしない	Entire | Whole	цял | цялостен
园	ばん がん たん えん		Garden | Park | Orchard	градина | парк | овощна градина
囮	か ゆう	おとり	Decoy | Lure | Stool Pigeon	примамка | уловка
囱	そう す	まど てんまど けむだし	Chimney	комин
囶	こく	くに	Country	страна
囷	きん こん	くら	Round-shaped Storage Bin For Grain	кръгъл хамбар за зърно
囹	れい		Prison	затвор
囿	ゆう	その	Game Preserve | Pasture | Garden	резерват за дивеч | пасище | градина
圀	こく	くに	Country	страна
圂	こん かん だん	かわや わずら.わす	Pig-sty | Privy	свинарник | клозет
圃	ほ ふ	はたけ にわ	Garden | Field	градина | нива
圄	ご ぎょ	ひとや	Prison | Arrest	затвор | арест
圇	りん		All | Complete | Entire	цял | пълен
圈	けん	かこ.い	Sphere | Circle | Radius | Range	сфера | кръг | радиус | обхват
圉	ぎょ ご	うまか.い ひとや	Prison | Horse Tender | Ostler	затвор | коняр
圊	せい しょう	かわや	Rest Room | Privy	тоалетна | клозет
國	こく	くに	Country	страна | държава
圌	せん すい	まる.い かご	Fence	ограда
圍	い	かこ.む かこ.う かこ.い	Enclose | Surround | Encircle | Preserve | Store | Keep	заграждам | обграждам | запазвам | съхранявам
圓	えん	まる.い まる まど まど.か まろ.やか	Yen | Circle | Round	йена | кръг | кръгъл
圕	しょ	としょかん	Library	библиотека
圖	ず と	え はか.る	Drawing | Plan	рисунка | план
團	だん とん	かたまり まる.い	Association	сдружение | асоциация
圛	えき やく	めぐりゆ.く	Used In Place Names | Stratus	(използва се в имена на места) | слоести облаци
圜	かん えん	まる.い めぐ.る	Round | Go Around	кръгъл | обикалям
圝	らん	おうち ひじき まどか まる.い	Entire	цял
圣	こつ くつ こち せい	たがや.す	Holy | Sacred	свещен | свят
圥	ろく	きのこ	Mushroom	гъба
圦		いり	Sluice | Spout | Floodgate | Penstock | (kokuji)	шлюз | водосток | преграда за вода
圩	う お い きょ	つつ.み きし くぼ.む	Dike | Embankment	дига | насип
圬	お う こ	こて ぬ.る	Plaster Over With Layer Of Mud	измазвам с кал | мазилка от кал
圮	ひ	やぶ.る やぶ.れる くつが.えす くつが.える	Destroyed | Ruined | To Subvert | To Injure	разрушен | съсипан | събарям | наранявам
圯	い し		Bridge | Bank	мост | бряг
圳	しょう しゅ しん そん しゅん	みぞ	Furrow In Field | Small Drainage	бразда в нива | малък отводнителен канал
圷		あくつ	Low-lying Land | (kokuji)	ниска земя | низина
圸		まま	Steep Slope | (kokuji)	стръмен склон
圻	き ぎん	さか.い	Region Surrounding The Capital	област около столицата
圾	ぎゅう ごう しょく せい	あや.うい	Garbage | Rubbish | Shaking | Danger	боклук | отпадъци | трус | опасност
址	し	あと	Ruins	развалини | руини
坌	ほん ふん	ちり なら.ぶ あつ.まる わく	Dust | Earth | Bank Of Earth | To Dig | To Bring Together	прах | пръст | насип | копая | събирам
坍	たん とん		Collapse | Landslide	срутване | свлачище
坎	かん	あな	Pitfall	яма | клопка
坏	はい	つき おか	Bowl	купа | паница
坒	ひ	きざはし	To Compare | To Match | To Equal	сравнявам | съпоставям | равнявам се
坡	は ひ	つつ.み	Dike | Dam | Slope | Bank	дига | язовирна стена | склон | насип
坤	こん	つち ひつじさる	Divination Sign | Land | Earth	гадателски знак | земя | пръст
坦	たん	たいら	Level | Wide	равен | широк
坩	かん	つぼ	Jar | Pot	делва | гърне
坫	てん ちん	さかい	Stand On Which To Replace Goblets After Drinking	поставка за чаши
坭	でい ない で に	どろ	Mud | Mire | To Paste | To Plaster	кал | тиня | лепя | мажа
坮	たい	うてな われ つかさ	Platform | Unit | Term Of Address	платформа | единица мярка | обръщение към някого
坯	ひ はい へ	おか	Dam | Embankment | Weir	язовирна стена | насип | бент
坰	けい きょう		Wilds	пустош | диви поля
坱	おう	ちり	Dust	прах
坳	おう	くぼ.み	Hollow In The Ground | Cavity | Undulating	падина | кухина | вълнообразен
坴	りく ろく		Clod Of Earth | Land	буца пръст | земя
坵	きゅう	おか	Earthenware | Earthenware Vessel	керамика | глинен съд
坷	か		Clod Of Earth | Lump Of Soil	буца пръст | буца почва
坻	ち し てい たい	なぎさ さか にわ と.まる	An Islet | Rock In A River | Embankment | To Stop	островче | скала в река | насип | спирам
坼	たく ちゃく	さ.ける わか.れる ひら.く さけめ	Split | Tear | Open	цепя | разкъсвам | отварям
坿	ふ		Slope | Hill	склон | хълм
垃	らつ		Garbage | Refuse | Waste	боклук | отпадъци
垈	たい だい	ぬた	Swamp | Wetlands | Muddy Fields | (kokuji)	блато | мочурище | кални полета
垉	ほう		Collapse | Break	срутване | счупване
垓	がい かい	はて	Border | Boundary | Staircase | Hundred Quintillion	граница | предел | стълбище | число 10^20?
垔	しゅ しょう とう ず	ふさ.ぐ	To Restrain | To Dam A Stream And Change Its Direction | Mound	възпирам | преграждам поток | могила
垕	こう	あつ.い あか	Used In Place Names	използва се в имена на места
垗	ちょう とう	はふりどころ	Sacrifice	жертва | жертвоприношение
垚	ぎょう		Mound | Roundish Mass	могила | кръгла маса
垜	だ	つみかさ.ねる	Heap | Firing Mound	купчина | могила за стрелба
垝	き	やぶ.れる だい	Dilapidated | Ruined	порутен | съсипан
垞	た		Small Mound | Place Name | Hillock	малка могила | хълмче
垠	ぎん ごん	きし さか.い	Limit | Boundary	граница | предел
垡	はつ ぼち	たがや.す	Plow Soil | Place Name	орна почва
垢	こう く	あか はじ	Dirt | Grime | Earwax	мръсотия | нечистотия | ушна кал
垤	てつ	ありづか	Anthill | Hill	мравуняк | хълм
垧	けい きょう		Variable Unit Of Land Measure	мерна единица за земя (променлива)
垩	せい しょう	ひじり	Holy | Sacred | Sage | Simplification Of White Earth | Daub With White Mud	свещен | свят | мъдрец | бяла глина
垪	は		Used In Proper Names	използва се в собствени имена
垰		たわ とうげ たお あくつ	Mountain Pass | Ancient Kuni | Low Ground | (kokuji)	планински проход | ниска земя | древна японска област?
垳		がけ いげ いけ	Cliff | Used In Proper Names | (kokuji)	скала | урва
埀	すい	た.れる た.らす なんなんと.す	Let Down | Suspend | Hand | Down	спускам | увисвам
埃	あい	ほこり ちり	Dust	прах
埆	かく	きそ.う	Barren Land	безплодна земя
埇	よう ゆ	おきつち	Name Of Bridge	име на мост
埈	しゅん かい	そばだ.つ	High | Steep | Towering | Stern	висок | стръмен | извисяващ се | строг
埌	ろう	つか	Waste	пустош
埏	せん えん	はかみち のぼ.る やわら.げる こ.ねる	Boundary | Limit	граница | предел
埒	れつ らつ らち	らち.があく かこ.い	Picket | Limits | Be Settled	ограда | граница | приключвам
埓	れつ らつ らち	らち.があく かこ.い	Pale | Picket Fence | Limits | Come To An End	ограда | кол | граница | приключвам
埔	ほ		Used In Chinese Place Names	използва се в китайски имена на места
埖		ごみ	Garbage | Refuse | (kokuji)	боклук | отпадъци
埗			A Wharf | Dock | Jetty | A Trading Center | Port | Place Name	пристан | кей | търговски център | пристанище
埜	や しょ	の	Open Country | Field | Wilderness	открита местност | поле | пустош
埝	てん どう にょう ねん	した ます お.ちる	Bank | Dike | Protuberance	насип | дига | издатина
埠	ふ ほ	つか はとば	Wharf	пристан | кей
埡	お う	さと	Character Used In Place Names	използва се в имена на места
埣	そつ		Barren Land	безплодна земя
埤	ひ へい	ます あたえ.る たす.ける ひくいひめがき	Add | Increase | Attach | Low Fence	добавям | увеличавам | прикрепям | ниска ограда
埦	わん	こばち	Bowl	купа | паница
埧	く	つつ.み	Dam	язовирна стена | бент
埭	たい	せき	Dam | Jock | Inclined Plane On A Canal, Where Boats Can Be Hauled Up Or Down	язовирна стена | бент | наклонена плоскост на канал
埰	さい	つか	Fief	феод
埵	た		Hardened Dirt Or Clay | Cluster	втвърдена пръст | глина | купчина
埶	げい せい	う.える わざ いきほい	Art	изкуство
埸	えき やく	さかい あぜ	Border | Limit | Dike | Frontier | Boundary	граница | предел | дига | покрайнина
埽	そう しゅ	は.く	Broom | To Sweep | Clear Away	метла | помитам | разчиствам
堃	こん	つち ひつじさる	Compliance | Obedience | Female	покорство | послушание | жена
堄	げい げん	ひめがき	Parapet	парапет | зъбчато зидче
堈	こう	かめ おか	Earthen Jug | Crock | Cistern	глинен съд | делва | резервоар
堉	いく		Ground | Fertile Land	плодородна земя
堊	あく あ お	いろつち しろつち	Whitewash	белосване | вар | тебешир
堋	ほう		Bury | Archery Target Mound	заравям | могила-мишена за стрелба с лък
堌	こ く	つつ.み つか	Dam | Dike | Used In Place Names	язовирна стена | дига
堙	いん	ふさ.ぐ	Close Up | Stop Up	затварям | запушвам
堝	か	るつぼ	Crucible | Melting Pot	тигел | съд за топене
堞	ちょう ちゅう	ひめがき	Plate	зъбец на крепостна стена | плоча?
堠	こう く	ものみ	Battlements | Battlemented Walls	бойници | крепостни стени
堡	ほ ほう	とりで	Fort	крепост | форт
堦	かい		Stairs | Flight Of Steps | Degree | Class | Rank | Step	стълби | стъпало | степен | класа | ранг
堧	ぜん ねん だ な だん なん	すなつち	Adjoin	граничи | съседен
堭	おう こう	そとぼり	Dry Moat Outside A City Wall | Dry Ditch	сух ров | суха канавка
堯	ぎょう	たか.い	High | Far	висок | далечен
堲	しつ しち しょく しき し	やきつち もえさし にく.む ふさ.ぐ	Hate	мразя
堵	と	かき	Fence | Railing | Enclosure	ограда | парапет | заграждение
堽	こう		Mound | Used In Place Names	могила
堿	かん こん		Salty	солен
塋	えい	はか	Cemetery	гробище
塌	とう		Fall In Ruins | Collapse	руша се | срутвам се
塏	かい		High And Dry Place	високо сухо място
塐	そ	でく	Model In Clay | Sculpt | Plastics	моделирам от глина | вая
塒	し じ	ねぐら とや とぐろ	Roost | Hen Coop | Spiral	курник | нашесто | спирала
塕	おう お	ちり	Gust Of Wind	порив на вятъра
塘	とう	つつみ	Dike | Embankment	дига | насип
塢	お う		Fortress Embankment | Village	укрепен насип | село
塤	けん くん	つちぶえ はち わん	Instrument	древен глинен духов инструмент (сюн)?
填	てん ちん	は.まる は.める うず.める しず.める ふさ.ぐ	Fill In	запълвам | пълня | покривам
塰		あま	Title Of A Noh Play | (kokuji)	заглавие на пиеса но (собствено име)?
塲	じょう ちょう	ば	Open Space | Field | Market	открито място | поле | пазар
塵	ちん じん	ちり ごみ	Dust | Trash | Garbage	прах | боклук | отпадъци
塹	ざん せん	ほり あな	Moat | Ditch	ров | канавка
塼	せん たん	かわら	Brick	тухла
塿	ろう る	つち つか	Small Mound	малка могила
墀	ち じ	す	Porch | Courtyard | Steps Leading	веранда | двор | стъпала
墁	ばん まん	こて	To Plaster | To Pave	измазвам | настилам
墅	しょ や	しもやしき	Shed | Country House | Countryside	вила | селска къща | провинция
墈	かん こん	さかい	Cliff	скала | урва
墉	よう ゆ	かき かべ	Wall | Fortified Wall | Small Wall	стена | крепостна стена
墊	てん ちょう	おち.いる おぼ.れる なや.む	Advance Money | Pay For Another	аванс | плащам вместо друг
墍	き け かい	ぬ.る かざ.る と.る いこ.う	Paint | Decorate	боядисвам | украсявам
墐	きん ごん	ぬ.る ねばつち	Build With Soil | Plaster Over With Soil	измазвам с пръст
墝	こう きょう ぎょう		Stony	каменист
增	ぞう そう	ます ふえる ふやす	Increase | Add To | Augment	увеличавам | добавям
墟	きょ	あと	Ruins	руини | развалини
墠	せん たん		Smooth | Hard Spot Made Level For Sacrificial Altar	равно място за жертвеник
墦	はん ほん	つか	Tomb	гроб
墩	とん		Heap | Mound | Block Of Stone	купчина | могила | каменен блок
墫	しゅん		Cup	чаша
墮	だ	おち.る くず.す くず.れる	Descend To | Lapse Into | Degenerate	пропадам | изпадам | деградирам
墸	ちょ		Hesitate	колебая се
墹		まま	Steep Slope	стръмен склон
墺	おう いく	きし	Land | Shore | Austria	суша | бряг | Австрия
墻	しょう	かき	Fence | Hedge	ограда | жив плет
壅	よう	ふさ.ぐ	Plug Up | Shut Up	запушвам | затварям
壈	おん らん		Disappointed	разочарован
壍	ざん せん	ほり あな	Moat Around A City | Channel	градски ров | канал
壎	けん くん	つちぶえ はち わん	Instrument	древен глинен духов инструмент (сюн)?
壐	じ		The Imperial Signet | The Great Seal	императорски печат
壑	がく かく	たに	Valley	долина | дере
壒	あい かい	つちけむり	Dust	прах
壓	あつ えん おう	お.す へ.す おさ.える	Pressure	налягане | натиск
壔	とう	とりで つか おか つつ.み	Mound | Tumulus | Cylinder | Fort	могила | крепост
壖	ぜん ねん	あきち	Open Space Along Water	открито място край вода
壗		まま	Steep Slope	стръмен склон
壘	るい らい すい	とりで	Fort | Rampart | Walls | Base(ball)	крепост | бастион | база (бейзбол)
壙	こう	あな	Hole	дупка | яма
壚	ろ りょ	いろり	Black Clods Of Earth | Shop | Hut	черна пръст | магазин | колиба
壜	どん たん	びん	Bottle | Vial | Jar	бутилка | стъкленица
壝	い た	だん らち	Mound | Embankment | The Earthen Altar To The God Of The Soil	могила | насип | земен олтар
壞	かい え	こわ.す こわ.れる やぶ.る	Demolition | Break | Destroy	разрушаване | чупя | унищожавам
壟	ろう りょう	おか うね つか	Mound | Grave | Rice Field Dike	могила | гроб | синор
壠	ろう		Mound | Grave | Ridge In Field	могила | гроб | бразда
壤	じょう	つち	Soil | Loam | Earth | Rich	почва | пръст | плодородна земя
壥	てん		Fine Residence | Shop | Store	хубава къща | магазин
壩	は へ	せき	Embankment | Dam	насип | язовирна стена
壯	そう	さかん	Big | Large | Robust | Name Of Tribe	голям | як | силен
壳	かく こく ばい	から	Casing | Shell | Husk	черупка | обвивка
壹	いち いつ	ひとつ	Number One	едно (официална форма на числото)
壺	こ	つぼ	Jar | Pot	делва | гърне | урна
壻	せい	むこ	Son-in-law	зет
壼	こん		Palace Corridor Or Passageway	дворцов коридор
壽	じゅ す しゅう	ことぶき ことぶ.く ことほ.ぐ	Longevity | Congratulations	дълголетие | поздравления
夂	ち	しゅう	Late | Delayed | Winter Radical (no. 34)	закъснял | зимен радикал (№ 34)
夅	こう ご	お.りる お.ろす ふ.る くだ.る くだ.す	To Descend | To Come Down From Heaven | To Send Down	слизам | спускам се
夆	ほう ふ ば	さか.らう ひ.く あ.う あつ.い	Resist	съпротивлявам се
夊	すい	ゆき	Winter Variant Radical (no. 34)	зимен радикал, вариант (№ 34)
夌	りょう	しの.ぐ すた.れる	To Dawdle | The Name Of The Father Of The Emperor Yao	бавя се | протакам
复			Return | Repeat | Repeatedly	връщам се | повтарям
夐	けい けん	はるか	Far | Distant	далечен
夔	き		One-legged Monster | Walrus	едноного чудовище | морж
夘	ぼう もう	う	Sign Of The Hare Or Rabbit | Fourth Sign Of Chinese Zodiac | 5-7am | East	заек (зодия) | 5-7 ч. сутринта | изток
夙	しゅく	つとに はやい	Bright And Early | Long Ago | Early In Life	рано сутрин | отдавна
夛	た	おお.い まさ.に まさ.る	Much | Many | More Than | Over	много
夣	む ぼう	ゆめ ゆめ.みる くら.い	Dream | To Dream | Visionary | Stupid	сън | мечтая
夤	いん い	つつしみおそ.れる おお.きい の.びる	Distant Place | Remote | Deep	далечно място | отдалечен | дълбок
夥	か わ	おびただ.しい	Immense | Tremendous	огромен | безбройно много
夬	かい けつ けち	わ.ける	Decide | Determine | Archery Glove	решавам | определям
夭	よう おう か	わか.い わかじに わざわい	Early Death | Calamity	преждевременна смърт | гибел
夯	こう	かつ.ぐ にな.う	Heavy Load | Burden | Lift Up	тежък товар | повдигам
夲	ほん	もと	Advance Quickly | To Go Back And Forth | Origin | Source	произход | източник
夸	こ か	ほご.る	Boast	хваля се
夾	きょう こう	はさ.む	Insert Between	вмъквам между
奐	かん	あき.らか	Clear | Bright	ясен | светъл
奓	た しゃ し	は.る おご.る あ.ける	Extravagant	разточителен
奕	えき やく		Large	голям
套	とう	かさ.ねる	Accumulate | Big And Long | Hackneyed	натрупвам | шаблонен | обичаен
奘	じょう そう	さかん	Large | Great	голям | велик
奚	けい	なんぞ	Servant | What | Why	слуга | какво | защо
奛	こう	あき.らか	Opening | Radiant	отвор | лъчезарен
奝	ちょう	おお.きい	Large	голям
奞	しゅん すい よう	は.ばたく	The Stride Made By A Man	крачка на човек
奠	てん でん てい	さだ.める まつ.る	Decision	определям | извършвам жертвоприношение
奡	ごう	あなど.る つよ.い	Arrogant	арогантен
奢	しゃ	おご.る おご.り	Extravagance | Luxury	разкош | лукс
奧	おう おく	おく.まる くま	Heart | Interior	сърцевина | дълбочина | вътрешност
奩	れん	くしげ はこ	Lady's Vanity Case | Trousseau	тоалетна кутия | чеиз
奬	しょう そう	すす.める	Prize | Reward | Give Award To	награда | поощрение | награждавам
奭	せき しゃく かく きゃく	さかん いか.る	Red | Anger | Ire | Surname	червен | гняв | ярост | фамилно име
奵	てい ちょう てん		Used In Women's Names	използва се в женски имена
奶	だい ね ない	ちち はぐく.む	Milk | Woman's Breasts | Nurse	мляко | женска гърда | бавачка
奸	かん	おか.す	Wickedness | Mischief | Rudeness	коварство | пакостливост | грубост
她	ち じ しゃ た い	あざ.る	She | Her	тя | нея
奻	だん なん	いいあらそ.う	Quarrel | Dispute	кавга | спор
奼	た と つ	おとめ ほこ.る	Young Girl | Maiden | Virgin | Beautiful Woman | Charming And Beautiful	младо момиче | девойка | девица | красива жена | очарователна
妁	しゃく	なこうど	Go-between	сватовник | посредник при сватосване
妋	ふ よう う ゆう	むさぼ.る せ せうと なせ みょうと	Ovetous | Lustful | Show An Expression Of Deep Resentment | Term Of Endearment For Boys | Married Couple | Spouses	алчен | похотлив | съпружеска двойка | галено обръщение към момче?
妍	けん	うつく.しい	Beauty | Splendor	красота | блясък
妒	と つ	ねた.む そね.む つも.る ふさ.ぐ	Jealous | Envious	ревнив | завистлив
妓	ぎ き	わざおぎ うたいめ	Stretch | Singing Girl | Geisha | Prostitute	гейша | проститутка | танцьорка-певица
妗	せん けん かん きん ごん	うつく.しい よろこ.ぶ	Wife Of Mother's Brother	съпруга на вуйчо
妛	し	あなど.る おろか みにく.い みだる	Despise | Contempt | Ugly | Same As	презирам | презрение | грозен
妝	そう しょう	よそお.う	Dress Up	гримирам се | разкрасявам се
妟	あん えん	やす.らか やす.める	To Be At Ease | Clear And Balmy	спокоен | ведър
妣	ひ	なきはは	Mother	починала майка
妤	よ		Beautiful | Fair | Handsome	красива | хубава
妮	じ に	はした.め やわらかくまつは.る	Maid | Servant Girl | Cute Girl	прислужница | слугиня | сладко момиче
妯	ちゅう じく ろく とく	あいよ.め うご.く さわ.ぐ いた.む	Wives Of One's Brothers | Sister-in-law	съпруги на братята | снаха
妲	だつ		Female Proper Name	собствено женско име
妳	だい ない でい じ ね に	はは はぐく.む あね	You (f)	ти (обръщение към жена)
妺	ばい ばつ まち まつ	あざな	Wife Of The Last Ruler Of The Xia Dynasty	съпруга на последния владетел на династията Ся?
妼	ひ ひつ びち	こしもと	Exceedingly Feminine | Lady Attendant | Maid	изключително женствена | придворна дама | прислужница
妾	しょう	めかけ そばめ わらわ	Concubine	наложница
姁	く	はは たの.しむ つま うつく.しい	Beauty	красота
姃	せい しょう	あざな	Presentable Woman	представителна жена?
姆	ぼ も	うば	Wet Nurse	кърмачка | бавачка
姈	れい りょう	あざな	Wise Woman | Sage Woman	мъдра жена
姊	し	あね はは	Elder Sister	по-голяма сестра
姍	さん せん はん さつ さち	みめよ.い そし.る みにく.い	Slander | Ridicule | Proceed Slowly	клевета | присмех | бавно вървя
姐	そ しゃ	あね ねえさん	Elder Sister | Maidservant	по-голяма сестра | прислужница
姒	し	あね	Wife Of Elder Brother	съпруга на по-големия брат
姙	にん じん	はら.む みごも.る	Be(come) Pregnant	бременна | забременявам
姝	す しゅ	うつく.しい	Beautiful Girl	красиво момиче
姞	きつ きち	つつし.む	Concubine	наложница
姣	こう きょう	みめよ.い うつく.しい いさぎよ.い	Beautiful | Handsome | Pretty	красив | хубав
姤	こう く	あ.う みめよ.い みにく.い	Mate | Copulate | Good	чифтосвам се | съвкупявам се | добър
姥	ぼ も	うば	Old Woman	старица
姦	かん けん	かん.する かしま.しい みだら	Wicked | Mischief | Seduce | Rape | Noisy	коварен | съблазнявам | изнасилвам | шумен
姧	かん けん	かしま.しい みだら よこしま	Wicked | Mischief | Seduce | Rape | Noisy	коварен | съблазнявам | изнасилвам | шумен
姨	てい い	いもと いもうと おば	Younger Sister	по-малка сестра | леля
姪	てつ ちつ じち いつ いち	めい おい	Niece	племенница
姮	こう じょう		Lady	дама
姱	か け こ く	おご.る みめよ.い うつく.しい	Beautiful | Handsome | Elegant	красив | елегантен
姶	おう あい	あい	Good-looking | Quiet	хубав на вид | тих
姸	けんげん	うつくしい	Beautiful	красив
娀	しゅう しゅ		Name Of A Concubine Of Di Ku | Father Of The Mythical Yao	собствено име на наложница на Ди Ку?
娃	あ あい わ	うつく.しい	Beautiful	красив
娄	る ろう	つな.ぐ ひ.く	Surname | Constellation | To Wear	фамилно име | съзвездие | нося (дреха)?
娉	へい ほう	ほ	Ask After A Woman's Name | Marry A Woman | Good-looking	сватосвам се | женя се за жена | хубав на вид
娌	り	あによめ	Brother's Wife	съпруга на брата
娍	せい じょう	すらりとしてみめよ.い	Slender, Beautiful Body	стройна | красиво тяло
娑	しゃ さ		Old Woman	старица
娒	ぼ も	うば	Matron	матрона | надзирателка
娓	び み き	すなお したが.う うつく.しい	Comply | Complying | Agreeable	отстъпчив | съгласен | приятен
娚	なん のう どう	めおと たわむ.れる	Loud Talking	шумен разговор
娜	だ な		Graceful	грациозен
娟	えん けん		Beauty Of Face	красиво лице
娣	てい だい	いもうと おば	Younger Sister | Sister-in-law	по-малка сестра | зълва
娤	そう しょう	よそお.う	Dress Up	гримирам се | разкрасявам се
娥	が	みめよ.い	Beautiful	красива
娧	たい て えつ えち	みめよ.い よろこ.ぶ いと.しい	Good Looking	хубав на вид
娩	べん		Bear (children)	раждам (дете)
娭	き あい	たわむ.れる はした.め	To Play Around | To Joke Around | Be Delighted | Maid Servant	закачам се | шегувам се | радвам се | прислужница
娵	しゅ しゅう す そう	よめ	Marry | Bride	женя се | булка
娶	しゅ	めと.る めあわ.せる	Marry | Arrange A Marriage	женя се за жена | уреждам брак
婀	あ	あだ あだ.っぽい たおやか	Charm | Flirtation	чар | флирт
婁	る ろう	つな.ぐ ひ.く	Frequently | Tie	често | връзвам
婉	えん	うつく.しい したが.う	Graceful	изящен | грациозен | деликатен (в изказа)
婐	わ か	たおや.か はべ.る	Maid	прислужница
婕	しょう	みめよ.い	Handsome	хубав
婞	けい ぎょう こう	もと.る まっすぐ	Hate	омраза
婢	ひ	はしため	Maidservant	прислужница
婣	いん		Marriage Connections | Bride	роднински връзки чрез брак | булка
婥	どう にょう てき しゃく	みめよ.い	Beautiful	красива
婧	せい しょう じゅう	あてやか しなや.か	Modest | Supple	скромна | гъвкава
婪	らん	むさぼ.る	Covet	алча | ламтя
婬	いん	みだれ- ひた.す ほしいまま みだ.ら みだ.れる	Lewdness | Licentiousness	разврат | похотливост
婭	あ	あいむこ こしもと	Mutual Term Of Address	взаимно обръщение между роднини по сватовство?
婷	てい ちょう	うつく.しい	Pretty | Attractive | Graceful	хубава | привлекателна | грациозна
婺	ぶ む ぼう ぼく もく		Name Of A Star	име на звезда
婾	とう つ ゆ	わるがしこ.い ぬす.む ごまか.す	Handsome	хубав?
媖	えい ゆう		Beauty | Beautiful	красота | красив
媚	び	こ.びる	Flatter | Humor | Flirt	подмазвам се | флиртувам
媜	てい ちょう	あざな	Used In Female Names	използва се в женски имена
媞	し てい たい た	つまび.らか わるがしこ.い はは	At Ease	спокоен
媟	せつ せち	けが.す けが.れる なれ.る あなど.る	Lust After | Act Indecently | Lewd	похотлив | неприличен | развратен
媠	た な ら	みめよ.い おこた.る	Beautiful | Lazy | Languid	красива | мързелива | отпусната
媢	ぼう もう ぼく もく ばい め	ねた.む にら.む	Be Jealous Of | Be Envious	ревнив | завистлив
媧	かい け か		Mythological Snail Goddess	митологична богиня?
媱	よう	みめよ.い たわむ.れる	Good Looking | To Play As One Pleases	хубав на вид | безгрижно си играя
媲	へい ひ	つれあい	Marry Off | Pair | Match | Compare	омъжвам | сдвоявам | сравнявам
媳	せき しゃく	よめ	Daughter-in-law	снаха
媵	よう	おく.る つきそ.い おくりめ おくりびと	Maid Who Accompanies Bride To Her New Home | To Escort A Concubine	придружаваща булката прислужница | съпровождам наложница
媸	し	あなど.る おろ.か みにく.い みだ.る	An Ugly Woman	грозна жена
媺	び み	よい うつく.しい	Beautiful	красива
媻	はん は	おご.る めかけ よろめ.く	To Move	движа се
媼	おう	おうな	Mother | Grandma | Old Woman	майка | баба | старица
媽	ぼ も	はは	Mother | Mare	майка | кобила
媾	こう	よしみ	Association | Intimacy	близост | интимност | съюз
媿	き	はじ.る はじ.らう はずかし.める とが.める	Ashamed | Conscience-stricken	засрамен | гризан от съвестта
嫂	そう	あによめ	Elder Brother's Wife	жена на по-големия брат
嫄	げん がん		An Ancient Emperor's Mother's Name | Qiang Yuan, Consort To Gu	майка на древен китайски император? | Дзян Юен, съпруга на Гу?
嫈	しょう おう ぎょう えい けい	みめよ.い みにく.い	Lady	дама | красавица
嫋	じょう じゃく でき	なよ.やかな しなや.か たお.やか	Supple | Pliant | Delicate | Slender	гъвкав | нежен | строен
嫏	ろう		The Place Where The Supreme Being Stores His Books | Library	библиотека | място, където се пазят книги на върховно божество?
嫐	どう じょう	なぶ.る	Frolic | Play With | Flirt With	закачам се | флиртувам
嫖	ひょう	かる.い	Wanton | Hedonistic	развратен | разгулен
嫗	う おう	あたた.める おうな	Old Woman | Mother	старица | майка
嫚	ばん まん べん めん えん	あなど.る けが.す おこた.る おご.る	Scorn | Despise | Be Rude | Affront	презирам | пренебрегвам | обиждам
嫜	しょう	しうと しうとめ	Father In Law | Older Brother In Law | Jealousy	свекър | по-голям брат на съпруга | ревност
嫠	り	やもめ	Widow	вдовица
嫣	えん		Beauty	красота
嫥	せん たん	もっぱら ととの.える	Wholly | Solely | Entirely | Lovey | Cute | Gather | Collect | Put In Order	изцяло | единствено | сладък | събирам | подреждам
嫦	こう じょう		Proper Name	собствено име (Чан-о)?
嫩	どん のん	わか.い	Young | Weak	млад | нежен | слаб
嫪	ろう	こいした.う なや.む	Hanker	копнея | жадувам
嫮	こ	おとめ みめよ.い ほこ.る	Beautiful Girl	красиво момиче
嫵	ぶ む	こ.びる みめよ.い	Charming | Enchanting	очарователен | чаровен
嫺	かん	なら.う みやびやか	Refined | Elegant | Skilled	изискан | елегантен | умел
嫻	かん	なら.う みやびやか	Elegant | Refined | Skillful	елегантен | изискан | умел
嫽	ろう りょう	たわむ.れる みめよ.い みだ.れる さとい	Play With	закачам се | флиртувам
嬀	き	わるがしこ.い	Name Of A River In Shanxi | Crafty	хитър | име на река в Шанси?
嬈	にょう どう きょう じょう よう	わずら.わしい なや.む	Graceful | Charming | Fascinating	грациозен | чаровен | пленителен
嬋	せん		Beautiful	красив
嬌	きょう	なまめか.しい	Attractive	привлекателен | чаровен
嬖	へい	きにいり	Agreeable Person	приятен човек | любимец
嬗	せん たん	ゆる.い	Succession To The Throne	наследяване на престола
嬙	しょう ぞう しょく しき	そばめ	Lady	дама
嬛	けん けい ぎょう	かた.い	Apt | Clever | Sycophant | Flatterer	способен | умен | ласкател
嬝	じょう じゃく でき	なよ.やかな しなや.か たお.やか	Delicate | Graceful	нежен | грациозен
嬡	あい		(your) Daughter	(вашата) дъщеря
嬥	ちょう じょう たく てき ちゃく	よい あで.やか とりか.える	Slim, Well Proportioned, Beautiful Body | Charming | Captivating | Ancient Chinese Play	строен и красив | чаровен | пленителен
嬪	ひん	ひめ	Bride | Marriage	невеста | брак
嬬	じゅ	よわ.い	Mistress | Weak	любовница | слаб
嬭	だい ない でい じ ね に	はは はぐく.む あね	Milk | Suckle | Breasts	мляко | кърмя | гърди
嬰	えい	ふ.れる みどりご あかご	Sharp (music) | Baby	диез (муз.) | бебе
嬲	どう じょう	なぶ.る	Sport With | Ridicule | Tease	закачам се | подигравам се | дразня
嬴	えい		To Win | To Have Surplus | Surname	печеля | имам излишък | фамилно име
嬶		かか かかあ	Wife (vulg) | (kokuji)	жена (вулг.)
嬸	しん		Wife Of Father's Younger Brother	съпруга на по-малкия брат на бащата
嬾	らん	おこた.る ものうい	Lazy | Languid	мързелив | отпуснат
孀	そう	やもめ	Widow	вдовица
孁	れい りょう	おんなのあざな め	Shrine Maiden	жрица в синтоистко светилище
孃	じょう	むすめ	Girl | Miss | Daughter	момиче | госпожица | дъщеря
孅	せん	かよわ.い	Delicate	нежен
孌	れん らん ばん まん	したう すなお みめよ.い	Lovely | Beautiful | Docile | Obedient	мил | красив | кротък | послушен
孑	けつ	ひとり	Mosquito Wriggler	ларва на комар
孒	けつ かち きょう く くつ	ひだりのうでがない みじか.い	Larvae Of The Mosquito	ларва на комар
孕	よう	はら.む	Become Pregnant	забременявам
孖	し	ふたご	Twins	близнаци
孚	ふ	たまご はぐく.む	Sincere | Nourish | Encase	искрен | хранещ | обгръщам
孛	はい ぶつ ぼつ		Comet | Dark | Obscure	комета | тъмен | неясен
孥	ど ぬ	つまこ	Child | Wife And Children | Servant | Slave	дете | жена и деца | слуга | роб
孩	がい かい	ちのみご	Baby | Infancy	бебе | ранно детство
孰	じゅく	いずれ たれ	Which | How | Who	кой | как
孱	せん さん	よわ.い	Weak | Steep	слаб | стръмен
孳	じ し	う.む しげ.る	Increase | Bear Children	увеличавам се | раждам деца
孵	ふ	かえ.す	Hatch | Incubate	мътя | излюпвам се
學	がく	まな.ぶ	Learning | Knowledge | School	учене | знание | училище
孺	じゅ	おさない ちのみご	Child	дете
孼	げつ げち	わきばら ひこばえ わざわ.い	Misfortune | Sin | Evil	нещастие | грях | зло
孽	げつ げち	わきばら ひこばえ わざわ.い	Evil | Son Of Concubine | Ghost	зло | син на наложница | дух
孾	えい	みどりご	Baby (especially A Girl) | Infant	бебе (особено момиче) | кърмаче
孿	さん せん れん	ふたご	Twins	близнаци
宀	べん めん		Shaped Crown | Katakana U Radical (no. 40)	покрив (радикал)
宁	ちょ	たくわ.える たたず.む	Calm | Peaceful | Serene | Healthy	спокоен | мирен | тих | здрав
它	た	へび	Other	друг
宄	き	みだれ よこしま	Traitor | Villain	предател | злодей
宓	みち ふく ひつ	やす.らか	Quiet | Silent | In Good Health	тих | мълчалив | здрав
宦	かん	つかさ	Official	чиновник
宬	せい じょう	くら	Archives | Surname	архив | фамилно име
宸	しん	のき	Eaves | Palace | Imperial Courtesy	стряха | дворец | императорска учтивост
宼	こう	あだ.する	Tyrannical | Cruel | To Rob | To Plunder | Bandits | Thieves | Highwaymen	тираничен | жесток | ограбвам | разбойник
寀	さい	ちぎょうしょ つかさ	Feudal Estate	феодално владение
寁	さん しょう	すみ.やか	Quick | Fast	бърз
寃	えん		Grievance | Injustice | Wrong	оплакване | несправедливост | грешка
寇	こう	あだ.する	Bandits | Thieves | Enemy | Invade	разбойник | крадец | враг | нахлувам
寉		つる	Crane (bird)	жерав
寍	ねい	むし.ろ	Used As A Term Of Comparison	по-скоро (сравнителна частица)?
寎	へい けい	おびえる おそわれる ねいる	Drowsy	сънлив
寐	び	ね.る	Sleep	сън
寔	しょく	これ じき まことに	Real | Genuine | Actual	истински | действителен
寖	しん	ひた.す そそ.ぐ つ.む つ.もる	Gradually | Step By Step | Little	постепенно | малко по малко
寗	ねい にゅう でい にょう	ねが.い	Surname | Peaceful | Rather	фамилно име | спокоен | по-скоро
寘	し	おく い.れる と.める	Put Aside | Put Down | Discard	отделям настрана | оставям | изхвърлям
寚	ほう	たから	Precious | Rear | Valuable Treasure | Bullion A Jewel	скъпоценен | съкровище | бижу
寞	ばく まく	さび.しい	Lonely | Quiet	самотен | тих
寠	く る ろう	まず.しい やつ.れる ちいさ.い	Poor | Impoverished	беден | обеднял
寢	しん	ね.る ね.かす い.ぬ みたまや や.める	Sleep | Rest | Bed Chamber	сън | почивка | спалня
寤	ご	さ.める	Awake | Understand	събуждам се | разбирам
寥	りょう	さび.しい	Lonely	самотен | пуст
實	じつ しつ	み みの.る まこと.に みの.り みち.る	Truth | Reality	истина | действителност
寨	さい	とりで	Fort	крепост
寫	しゃ	うつ.す うつ.る	Be Photographed | Copy | Describe	снимам се | копирам | описвам
寬	かん	ひろい ゆるやか くつろぐ	Broad | Wide | Spacious | Vast	широк | обширен | просторен
寰	かん		Imperial Domain | World	императорски владения | свят
寳	ほう	たから	Treasure | Jewel | Precious | Rare	съкровище | бижу | ценен | рядък
寵	ちょう	めぐ.み めぐ.む	Affection | Love | Patronage	обич | привързаност | покровителство
寶	ほう	たから	Treasure | Jewel | Precious | Rare	съкровище | бижу | ценен | рядък
寽	りん りち りつ	と.る つま.む	Handful | Pinch	шепа | щипка
尃	ふ ほ	しく あまねし もと はらう	To State To | To Announce	обявявам | съобщавам
尅	こく	かつ	Subdue | Destroy | Overcome	покорявам | унищожавам | побеждавам
將	しょう そう	まさ.に はた ひきい.る もって	Commander | General | Admiral	командир | генерал | адмирал
專	せん	もっぱ.ら	Specialty | Exclusive | Mainly | Solely	специалност | изключителен | главно | единствено
尌	しゅ ちゅ じゅう	た.てる た.つ わらわ しもべ	Standing (something) Up	изправям | поставям изправено
對	たい つい	あいて こた.える そろ.い つれあ.い なら.ぶ むか.う	Correct | Right | Facing | Opposed	правилен | вярен | срещуположен
尒	じ に	しかり わける なんじ ちかい	You | Your	ти | твой
尓	じ に	なんじ しかり その のみ	You | That	ти | онзи
尗	しゅく	まめ	Younger Of Brothers | Father's Younger Brother | Younger Brother Of A Husband	по-малък брат | чичо (по-малкия брат на бащата) | девер
尞	りょう	かがりび	Fuel Used For Sacrifices	гориво за жертвоприношения
尟	せん	すくな.い	Surname | Fresh	фамилно име | свеж
尠	せん せう	すくな.い	At Least | Not A Little	поне | не малко
尢	おう		Crooked-big Radical (no. 43)	радикал "крив-голям"
尣	おう	まげあし	Lame	куц
尤	ゆう	もっと.も とが.める	Reasonable | Just | Natural | Superb | Outstanding | Plausible	разумен | естествен | изключителен | правдоподобен
尨	ぼう	むくいぬ	Shaggy Hair Or Dog	рошав | рошаво куче
尩	おう	あしなえ ま.がる よわ.い	Weak | Rickety Person | Emaciated	слаб | крехък | изтощен
尫	おう	あしなえ ま.がる よわ.い	Lame	куц
尬	かい かつ けち	あしなえ	Limp | Staggering Gait | Embarrass	куцам | залитаща походка | притеснявам
尰	しょう じゅ しゅう		Swell	подувам се
尲	かん けん		Limp | Be Embarrassed	куцам | притеснен
尶	かん けん		Embarrassed | Ill At Ease	притеснен | неловко
尸	し	かたしろ	Corpse | Remains | Flag Radical (no. 44)	труп | останки
屁	ひ	へ おなら	Fart | Passing Gas	пръдня | изпускане на газове
屆	かい	とど.ける とど.く	Reach | Arrive | Report | Notify | Forward	достигам | пристигам | докладвам | уведомявам
屍	し	しかばね	Corpse	труп
屎	し き	くそ	Shit | Excrement	лайно | изпражнение
屐	げき けき	はきもの	Clog	налъм | дървена обувка
屑	せつ	くず いさぎよ.い	Rubbish | Junk | Trash | Waste | Scraps	боклук | отпадъци | остатъци
屓	き		Exerting Strength	напрягам сила
屙	あ		To Ease Nature	облекчавам се | ходя по нужда
屚	ろう ろ	も.る も.れる も.らす	Leak | Escape | Time	тека | изтичам | време
屜	てい たい	くつしき しきわら	Drawer | Tray | Pad | Screen	чекмедже | поднос | подложка
屠	と ちょ	ほふ.る	Slaughter | Butcher | Slay	клане | колач | заколвам
屡	る	しばしば	Often | Frequently	често | нерядко
屢	る	しばしば	Frequently | Often | Again & Again	често | отново и отново
屣	し	ぞうり	Straw Sandals Or Slippers That Have No Heel-backs	сламени сандали без пета
屧	てい たい しょう	しきわら くつしき	Wooden Shoes | Clogs	дървени обувки | налъми
屨	く	くつ	Straw Sandals | Tread On	сламени сандали | стъпвам върху
屩	きゃく かく きく こく きょう	いとぐつ くつしき しきわら	Straw Sandals	сламени сандали
屬	ぞく しょく	さかん つく やから	Genus | Subordinate Official | Belong | Affiliated	род (биол.) | подчинен | принадлежа | свързан
屭	き	さかん きび.しい	Gigantic Strength | Hercules	огромна сила | Херкулес
屮	てつ さ	ひだりて	Left Hand | Old Grass Radical (no. 45)	лява ръка | стар радикал "трева"
屰	げき ぎゃく はく ひゃく	さか.らう	Disobedient	непокорен
屴	りょく りき	そび.える	Lofty	висок | извисен
屶		なた たな	Used In Proper Names | (kokuji)	използва се в собствени имена
屹	きつ	そばだ.つ	Towering Mountains	извисяващи се планини
屺	き		Hill With Trees Or Grass (some Give The Opposite Meaning)	хълм с дървета или трева
屼	ごち ぐつ ぐち こつ		Mountain | Bare Hill	планина | гол хълм
岊	せつ せち ぐ		Foothill	подножие на планина
岌	きゅう	たか.い	High | Dangerous	висок | опасен
岑	しん ぎん	みね	Peak | Mountaintop	връх | планински връх
岔	た		Fork In A Road	разклонение на път
岝	さく しゃく		Name Of Mountain In Shandong	име на планина в Шандун?
岣	こう く	いただ.き	Hill In Hunan	хълм в Хунан?
岧	てう でう		Peak | Cliff | Precipice	връх | скала | пропаст
岨	そ しょ	いしやま そば	A Rocky Mountain	скалиста планина
岫	こう しゅう ゆう	みさき くき みね	Gorge | Ravine | In The Mountains | Cape | Promontory	клисура | дефиле | нос (геогр.)
岭	れい		Mountain Ridge | Mountain Peak	планински хребет | връх
岱	たい		Old Name For A Chinese Mountain | Taishan	старо име на китайска планина (Тайшан)?
岵	こ	やま	Hill	хълм
岶	はく		Dense Mountain Vegetation	гъста планинска растителност
岷	びん みん		Name Of A Chinese River | Name Of A Chinese Mountain	име на китайска река? | име на китайска планина?
岺	れい		Mountain Ridge | Mountain Peak	планински хребет | връх
岻	じ に		Name Of A Mountain	име на планина?
岼		ゆり	Level Spot Part-way Up A Mountain | (kokuji)	равно място по средата на планина
岾		やま はけ	Mountain	планина
峅		くら	Shrine In The Mountains | (kokuji)	светилище в планината
峇	こう		Mountain Cave	планинска пещера
峋	しゅん		Ranges Of Hills Stretching On Beyond Another Irregular Peaks	верига от неравни хълмове
峒	とう ず		Mountain In Gansu Province	планина в Гансу?
峝	とう ず	えびす	Mountain In Gansu Province	планина в Гансу?
峩	が	けわ.しい	Lofty	висок | извисен
峪	よく	たに	Ravine	дере | клисура
峭	しょう	きび.しい けわ.しい	High & Steep	висок и стръмен
峱	どう のう		Name Of A Mountain	име на планина?
峴	けん	けわ.しい	Steep Hill | Mountain In Hubei	стръмен хълм | планина в Хубей?
峺	こ		Obstruct	преча | препятствам
峽	きょう こう	はざま	Gorge | Strait | Ravine | Isthmus	клисура | пролив | провлак
崁	かん	くぼみ	Place In Taiwan	място в Тайван?
崆	こう く		Kongtong Mountain	планината Кунтун?
崋	か く		Name Of Mountain	име на планина?
崍	らい		Mountain In Sichuan Province	планина в Съчуан?
崐	こん		Kunlun Mountains In Jiangsu	планините Кунлун?
崑	こん		Place Name	име на място?
崒	しゅつ しゅち そつ ぞち すい	けわ.しい	Rocky Peaks | Lofty And Dangerous	скалисти върхове | високи и опасни
崕	がい	がけ	Cliff | Bluff | Precipice	скала | стръмен бряг | пропаст
崗	こう	おか	Hill	хълм
崘	ろん		Kunlun Mountains In Jiangsu	планините Кунлун?
崙	ろん		Place Name	име на място?
崛	くつ	そばだ.つ たか.い	High & Lofty (mountains)	висок и извисен (за планини)
崟	ぎん	みね	Peak | Mountaintop | Steep | Lofty	връх | стръмен | извисен
崠	とう つ		Place Name In Guangxi Province	име на място в Гуанси?
崢	そう		High | Steep	висок | стръмен
崤	こ こう ぎょう		Mountain In Henan	планина в Хънан?
崦	えん		Mountain In Kansu, Where There Is A Cave Into Which The Sun Is Said To Sink At Night	планина в Гансу, свързана с легенда за залеза?
崧	しゅう しゅ すう	そばだ.つ	High Mountain | Lofty | Eminent	висока планина | извисен | изтъкнат
崱	しょく じき		Lofty	висок | стръмен
崴	わい え い		High | Lofty | Precipitous	висок | стръмен | отвесен
崽	さい しゃ し	こども	Child | Servant | Diminutive	дете | слуга | умалително
崿	がく ごう	がけ きし	Cliffs	скали | канари
嵂	りつ りち	けわ.しい	Lofty	висок | стръмен
嵆	けい		Mountain In Henan | Surname	планина в Хънан | фамилно име
嵇	けい げい		Mountain In Henan | Surname	планина в Хънан | фамилно име
嵊	しょう		District In Shaohsing | Chekiang	окръг в Шаосин | Джъдзян
嵋	び		Place Name	топоним
嵌	かん	は.める は.まる あな	Go Into | Plunge | Inlay	вграждам | инкрустирам | вмъквам
嵎	ぐう ぐ	くま	Mountain Recesses	планинска клисура | планинска падина
嵒	がん	いわ けわ.しい	Rock	скала
嵙	か	やましな	Place Name	топоним
嵜	き	さき さい みさき	Steep | Promontory	стръмен | нос (географски)
嵠	けい	たに たにがわ	Valley With A Stream In It | Gorge	долина с поток | клисура
嵬	かい ぎ		High And Flat	висок и плосък връх
嵳	さ		High | Towering | Irregular | Rugged	висок | извисяващ се | неравен | грапав
嵶		たお.やか たわ.む	Mountain Pass	планински проход
嵾	しん さん そん		Uneven	неравен
嶁	る ろう	いただ.き	Goulou Mountain Peak In Hunan	връх Гълоу в Хунан
嶂	しょう	みね	Steep | Lofty	стръмен | висок
嶄	ざん さん		Steep Or High Mountain	стръмна или висока планина
嶇	く	けわ.しい	Steep	стръмен
嶐	りゅ	やまのかたち	Shape Of A Mountain	форма на планина
嶒	しょう ぞう		Towering | Lofty | Steep	извисяващ се | висок | стръмен
嶓	は		Boshan | Mountain In Shaanxi	планина Бошан в Шанси
嶔	きん こん けん かん	けわ.しい	Lofty | Towering	висок | извисяващ се
嶗			Laoshan | Mountain In Shandong	планина Лаошан в Шандун
嶙	りん		Precipitous	стръмен | отвесен
嶝	とう	さかみち	Hill | Uphill Path	хълм | път нагоре
嶠	きょう		High Pointed Mountain	висок остър връх
嶢	ぎょう	けわ.しい	High | Towering	висок | извисяващ се
嶧	えき やく せき しゃく	つら.なる	Range Of Peaks | Name Of Mountain	верига от върхове | име на планина
嶬	ぎ		High | Steep	висок | стръмен
嶮	けん	けわ.しい	Inaccessible Place | Impregnable Position | Steep Place | Sharp Eyes	непристъпно място | стръмно място | остър поглед
嶰	かい け	たに	Gorge	клисура
嶲	けい え き すい	めぐり つばめ	Name Of An Old Town In Sichuan | Cuckoo | Revolution Of A Wheel	старо градче в Съчуан | кукувица | оборот на колело
嶴	おう おく	おく.まる くま	Island	остров
嶷	ぎょく ぎ	さと.い	Wise	мъдър
嶸	こう おう えい よう	けわ.しい	High | Steep | Lofty | Towering	висок | стръмен | извисяващ се
嶼	しょ	しま	Island	остров
巃	ろう る	けわ.しい	Lofty	висок
巇	き	けわ.しい	Crack | Hazardous | Steep	пукнатина | опасен | стръмен
巉	ざん さん		Rising Precipitously | Rising Steeply	стръмно издигащ се
巋	き	つら.なる	Grand | Stately | Secure | Lasting	величествен | стабилен | траен
巍	ぎ	たか.い	High	висок
巒	らん	みね	Small Peak	малък връх
巓	てん	いただき	Summit	връх
巖	がん	いわ いわお けわ.しい	Rock | Crag | Boulder	скала | канара | валун
巘	ごん けん	みね	Summit | Peak	връх
巛	せん	かわ	Curving River Radical (no.47)	радикал "виеща се река" (бр. 47)
巠	けい きょう		Streams Running Underground | Flowing Water	подземни поточета | течаща вода
巢			Nest | Living Quarter In Tree	гнездо | жилище на дърво
巤	りょう	たてがみ もと	Mane | Bristles, As On A Hog | Dorsal Fins	грива | четина | гръбна перка
巩	きょう		Bind | Firm | Secure | Strong	свързвам | здрав | сигурен
巫	ふ	みこ かんなぎ	Sorcerer | Medium | Shrine Maiden	магьосник | медиум | храмова прислужница
巵	し	さかずき	Large Winecup | Apt | Fitting	голяма чаша за вино | подходящ
帀	そう	めぐ.る めぐ.らす	To Go Round | To Make A Circuit | To Make A Revolution | To Turn Round	обикалям | правя кръг
帋	し	かみ	Paper | Stationary | Document	хартия | документ
帑	とう ど	かねぐら	Money Repository	хазна | съкровищница
帒	たい	ふくろ	Bag | Sack | Case | Pocket | Pouch	торба | чувал | джоб
帔	ひ	ふくろ	Skirt | Long Robe For Women, Having No Sleeves And Fasten Down The Front	пола | дълга женска роба без ръкави
帕	ばつ めち は へ はく みゃく みゅく	つつ.む	Turban | Kerchief | Veil | Wrap	тюрбан | кърпа | воал
帘	れん しん よう	さけばた	Flag-sign Of A Tavern	табела на кръчма
帙	ちつ	ふまき	Japanese Book Cover	японска подвързия за книга
帚	そう しゅう	ほうき	Broom	метла
帛	はく	きぬ	Cloth	плат | коприна
帟	えき やく	ひらとばり	Tent	шатра
帨	せい さい えつ えち すい	てふき	Handkerchief | Kerchief | Shawl	кърпа | шал
帮	ほう	たす.ける	Help | Assist | Defend | Shoe Upper	помагам | защитавам
帲	へい ひょう	おお.う	Shelter	подслон
帵	わん えん おん		Remnants | Tailor's Cutting	остатъци | шивашки отрязъци
帶	たい	お.びる おび	Belt | Girdle | Band | Strap | Zone	колан | лента | зона
帷	い	とばり	Curtain | Screen	завеса | паравана
幀	てい ちょう とう		Making Books Or Scrolls	подвързване на книги или свитъци
幃	い き	とばり	Bag	торба
幄	あく	とばり	Curtain	завеса
幇	ほう	たす.ける	Help	помагам
幋	はん	あたまのかざり	Belt	колан
幎	べき	とばり	Cloth Covering	покривало от плат
幔	まん ばん	まく	Curtain	завеса
幗	かく		Woman's Head Covering | Veil	женска забрадка | воал
幘	さく しゃく	ずきん	Turban | Conical Cap	тюрбан | конусовидна шапка
幛	しょう	ぬの	Scroll Of Silk | Cloth Presented	копринен свитък | поднесен плат
幞	ほく	ずきん	Turban	тюрбан
幟	し	のぼり	Flag | Banner | Streamer	знаме | флаг
幢	とう	はた	Flag | Banner	знаме | флаг
幤	へい	ぬさ	Shinto Zigzag Paper Offerings | Bad Habit | Humble Prefix | Gift	хартиени приношения в шинтоизма | дар
幨	せん	とばり ほろ たちき.れる	Curtain	завеса
幪	ぼう む もう	ふくさ	Cover | Shelter | Screen | Protect	покривало | подслон | защита
幫	ほう	たす.ける	Help | Assist | Defend | Shoe Upper	помагам | защитавам
幬	ちゅう じゅ とう	とばり	Cover Up | Curtain	покривало | завеса
幭	べつ めち ばつ まち	おおい	Cover	покривало
幮	ちゅ じゅ ちゅう	とばり かや	Curtain	завеса
幰	けん こん	ほろ	Curtain At Front Of Carriage	завеса на предната част на карета
幵	へい		Put Together	съединявам
并	へい ひょう	あわ.せる なら.ぶ	Put Together	съединявам | обединявам
幷	へい ひょう	あわせる ならぶ	Combine	съединявам | обединявам
幺	よう	ちいさい	Short Thread Radical (no. 52)	радикал "къса нишка" (бр. 52)
广	げん		Dotted Cliff Radical (no. 53)	радикал "надвиснала скала" (бр. 53)
庀	ひ へい はい	おさ.める	To Prepare | To Regulate | To Hand Up	подготвям | уреждам
庇	ひ	ひさし おお.う かば.う	Protect | Shield | Defend | Eaves | Canopy | Penthouse | Visor	закрилям | защитавам | стряха | козирка
庋	き	とだな	Cupboard | Pantry | To Store	шкаф | килер | съхранявам
庖	ほう	くりや	Kitchen	кухня
庚	こう	かのえ	7th | 7th Calendar Sign	седми (циклов знак от календара)
庠	しょう	まなびや	School	училище
庤	ち じ	たくわ.える	Prepare	подготвям
庥	きゅう く	かげ	Shade | Shelter | Protection	сянка | подслон | закрила
庬	ぼう も もう	はっきり.しない	Abundant | Mixed	изобилен | смесен
庳	ひ	ひく.い	Low-built House	ниска къща
庹			The Length Of One's Two Outstretched Arms	разтег на двете разперени ръце (мярка за дължина)
庾	ゆ	くら	Granary | Storehouse	хамбар | склад
廁	し しょく	かわや	Toilet | Lavatory | Mingle With	тоалетна | клозет
廂	しょう そう	ひさし	Eaves | Canopy | Vizor | Hallways	стряха | козирка | коридор
廆	かい え け	かき	Room | The Wall Of A House | Man's Name	стая | стена на къща
廈	か さ	いえ	House	къща | сграда
廋	しゅう しゅ そう す	かく.す	Conceal | Hide | Search For | Seek	скривам | търся
廌	ち		Unicorn	еднорог (митично същество)
廎	けい きょう てい	いえのかたわら	Room	стая
廏	きゅう	うまや	Barn | Stable	обор | конюшня
廐	きゅう	うまや	Barn | Stable	обор | конюшня
廑	きん こん		Hut | Careful	колиба | внимателен
廓	かく	くるわ とりで	Enclosure | Quarter | Red-light District	ограда | квартал | квартал с публични домове
廕	いん おん	おお.う かば.う かげ	Shade | Protect | Cover	сянка | закрилям | покривам
廖	りょう		Empty | Name	празен | фамилно име
廚	しゅう ず ちゅ ちゅう	くりや	Kitchen	кухня
廛	てん	みせ やしき たな	Fine Residence | Shop | Store	хубава резиденция | магазин
廝	し	こもの	Servant	слуга
廞	きん こん かん けん	つら.ねる おこ.す けわ.しい	To Prepare Horses And Chariots For Battle	подготвям коне и колесници за бой
廠	しょう		Workshop	работилница | цех
廡	ぶ	しげ.る ひさし	Walking Under The Eaves	ходене под стряха | коридор
廢	はい	すた.れる すた.る	Abrogate | Terminate | Discard	отменям | прекратявам | изхвърлям
廨	かい け	やくしょ	Government Office	държавна служба | учреждение
廩	りん	くら	Rice Storehouse	хамбар за ориз
廬	ろ りょ	いお いおり いえ	Hermitage	отшелническа колиба | скит
廰	ちょう てい	やくしょ	Government Office	учреждение
廱	よう	やわらぐ	Mild | Congenial | Block | Obstruct	мек | приятен | препятствам
廳	ちょう てい	やくしょ	Hall | Central Room	зала | учреждение
廴	いん		Long Stride Or Stretching Radical (no. 54)	радикал "дълга крачка" (бр. 54)
廸	てき	みち みちび.く すす.む いた.る	Path | Way | Guide | Lead | Proceed | Advance | Reach | Arrive	път | водя | напредвам | пристигам
廹			To Persecute | To Oppress In Difficulties | Embarrassed	преследвам | потискам | притеснен
廻	かい え	まわ.る まわ.す もとお.る めぐ.る めぐ.らす	Round | Game | Revolve | Go Around | Circumference	обикалям | въртя се | кръговрат
廼	ない だい の あい	すなわ.ち なんじ	In Other Words | Thou | You | Possessive Particle	тоест | ти (архаично)
廽	かい え	まわす まわる かえる めぐる	Return | Turn Around | A Time	връщам се | обръщам се
廾	きょう く	にじゅう	Twenty | Twenty Or Letter H Radical (no. 55)	двадесет | радикал (бр. 55)
廿	じゅう にゅう	にじゅう	Twenty	двадесет
开			Open | Initiate | Begin | Start	отварям | започвам
异	い	あ.げる	Different | Unusual | Strange	различен | необичаен | странен
弃	き	すて.る	Reject | Abandon | Discard	отхвърлям | изоставям
弇	えん かん こん だん なん	おお.う	Cover Over | Hide | Narrow-necked	покривам | скривам | тесногърл
弈	えき やく		Chinese Chess	китайски шах
弉	じょう そう	さかん	Large | Powerful | Stout | Thick	голям | мощен | як
弋	よく	いぐるみ	Piling | Ceremony Radical (no. 56)	кол | радикал (бр. 56)
弌	いち いつ	ひと- ひと.つ	One	едно (старинна форма)
弍	に じ	ふた- ふた.つ ふたた.び	Two	две (старинна форма)
弎	さん ぞう	み み.つ みっ.つ	Three	три (старинна форма)
弑	し しい	しい.する	Murder One's Lord Or Father	убивам своя господар или баща
弖	て		Phoneme Only | (kokuji)	само звук (японски знак, без значение)
弗	ふつ ほち	どる ず	Dollar	долар
弝	は へ	ゆづか つか	The Part Of A Bow Grasped When Shooting	дръжка на лък
弢	とう	ゆみぶくろ	Bow Case | Scabbard | Sheathe	калъф за лък | ножница
弣	ふ	ゆづか	Middle	средна част (на лък)
弤	てい たい ちゅう		Bow	лък
弨	しょう	そりかえ.る	Bow	лък
弩	ど	おおゆみ いしゆみ	Bow (arrow)	арбалет
弭	び み	や.める や.む ゆはず	Stop | Cease | Notches Where Drawstring Is Attached To The Bow	спирам | прекратявам | накрайник на лък
弮	けん	いしゆみ ま.がる まき	Cross-bow Which Discharged Several Bolts In Succession	многозаряден арбалет
弯	わん	ひ.く	Curve | Stretching A Bow	извивка | изкривявам
弰	そう しょう	ゆはず	Ends Of Bow	краища на лък
弴	とん ちょう		Red Lacquer Bow	лък от червен лак
弸	ほう		Strong Bow | Full	як лък | пълен
弼	ひつ	たす.ける ゆだめ	Help	помагам
弽	しょう よう きょう	ゆがけ	Archer's Glove	ръкавица на стрелец
彀	こう く		Enough | Adequate Fully | Quite	достатъчен | напълно
彁	か せい		(no Known Meaning; S&h Uses Jabberwocky Words)	без установено значение (измислена дума)
彄	こう く	ゆはず ゆがけ	Nock At End Of Bow | Stretch	прорез в края на лък | опъвам
彈	だん たん	ひ.く はず.む たま はじ.く はじ.ける ただ.す	Bullet | Twang | Flip | Snap	куршум | дърпам (тетива) | щраквам
彊	きょう ごう	つよ.い	Strong	силен
彌	み び	いや や あまねし いよいよ とおい ひさし ひさ.しい わた.る	Extensive | Full | Fill | Complete	обширен | пълен | изпълвам
彍	かく	は.る はし.る	To Draw A Bow To The Full	опъвам лък докрай
彎	わん	ひ.く	Curve | Stretching A Bow	извивка | изкривявам
彐	けい		Snout | Pig's Head Radical (no. 58)	зурла | радикал "свинска глава" (бр. 58)
彑	けい		Pig's Head Radical Variant (no. 58)	вариант на радикала "свинска глава" (бр. 58)
彔	ろく	きざ.む	To Carve Wood	дълбая дърво
彖	たん		Divination	гадаене
彘	てい えい え	ぶた	Swine	свиня
彛	い	つね	Yi | Tripod | Wine Vessel | Rule	триножник | съд за вино | правило
彜	い	つね	Moral Principle	морален принцип
彝	い	つね	Moral Principle	морален принцип
彡	さん せん		Three | Hair Ornament | Short Hair Or Fur Radical (no. 59)	украшение за коса | радикал "косъм" (бр. 59)
彤	とう ず	あか.い	Red | Vermilion | Name Of Ancient	червен | аленочервен
彧	いく	あや	Refined | Cultured | Polished	изискан | културен | изтънчен
彲	ち	みずち	Yellow Dragon	жълт дракон
彳	てき	たたず.む	Stop | Linger | Loiter | Going Man Radical (no. 60)	бавя се | скитам | радикал (бр. 60)
彴	はく しゃく ちゃく てき	まるきばし	Bridge	мост от трупи
彷	ほう	さまよ.う	Stray | Wander | Loiter	скитам се | бродя
彸	しょう しゅ		Restless | Agitated	неспокоен | развълнуван
彽	ち じ てい たい で	たちもとほ.る	Low | Humble	нисък | скромен
彿	ふつ		Dimly	смътно | неясно
徂	そ	ゆ.く	Go	отивам
徃	おう	い.く いにしえ さき.に ゆ.く	Journey | Chase Away | Let Go | Going | Travel	пътувам | отивам
徇	じゅん しゅん	あまねし したが.う とな.える	Herald | Announce | Follow | Obey | Seek | Lay Down One's Life	оповестявам | следвам | подчинявам се
很	こん こう ぎん	もと.る	Disobey | Dispute | Very | Go Against | Be Contrary To	противопоставям се | много
徉	よう	さまよ.う	Wonder | Rove | Stray | Hesitating	скитам се | колебая се
徊	かい くわい え	さまよ.う	Wandering	скитане | бродене
徑	けい	みち こみち さしわたし ただちに	Path | Diameter | Method	пътека | диаметър | метод
徙	し	うつ.る うつ.す	Move	премествам се
徜	しょう	さまよ.う	Walking And Fro | Lingering | Wander	скитам се | бавя се
從	じゅう しょう じゅ	したが.う したが.える より	From | By | Since | Whence | Through	следвам | от
徠	らい	きた.す きた.る く.る	Induce | Encourage To Come	привличам | подканвам да дойде
徧	へん	あまね.し あまね.く	Everywhere | All Over | All Around | Revolve	навсякъде | из целия
徨	こう	さまよ.う	Wandering	скитане
徬	ほう	つきそ.う	Wander About | Walk Along Side Of	скитам се | вървя редом
徭	よう えう	えだち ふぞろ.い つかい	Compulsory Service To The State | Corvee	трудова повинност | ангария
徯	けい	こみち も.つ	Wait For | Await | Expect | Hope	чакам | очаквам | надявам се
徵	ちょう ち	しるし めす	Summon | Recruit | Musical Note	призовавам | набирам | музикална нота
德	とく	おしえ	Ethics | Morality | Virtue	добродетел | морал
徼	きょう よう	めぐ.る	Seek | Enquire | Go Around | Border	търся | разпитвам | граница
徽	き	しるし	Good | Beautiful | Badge	знак | значка | отличие
忄	しん	こころ	Heart | Standing Heart Radical Variant (no. 61)	сърце | радикал (бр. 61)
忇	ろく	こうろうがおおきい おも.う	Great Achievement	голямо постижение
忉	とう	うれ.える	Grieved | Distressed In Mind	скърбящ | тревожен
忋	かい	たの.む あお.ぐ	To Rely On | Look Up To	разчитам на | уважавам
忐	くん こう きょう たん	むな.しい	Timorous | Nervous	плах | нервен
忑	とく とう	むな.しい	Fearful | Nervous | Timid	страхлив | нервен
忒	とく	か.わる	Excessive | Too | Very-usually Of Objectionable Things | To Err | To Mistake | Changeable	прекомерен | сгрешавам | променлив
忓	かん	きわ.める おか.す	Concerned About	загрижен за
忔	きつ ぎつ こち こつ き	よろこ.ぶ	To Be Delighted | To Dislike | To Have No Need For	радвам се | не харесвам
忖	そん	はか.る	Conjecture	предполагам | досещам се
忝	てん	かたじけな.い	Grateful | Indebted	благодарен | задължен
忞	びん みん ぶん もん	つと.める	Exert Oneself | Restless | Unaware Of One's Feelings	напрягам се | неспокоен
忡	ちゅう ちゅ しゅう しゅ	うれ.える	Ill At Ease | Distressed	обезпокоен | разтревожен
忢	ご	さと.る	Enlightenment | Perceive | Discern | Realize | Understand	просветление | осъзнавам
忤	ご	さから.う もと.る	Insubordinate | Stubborn | Wrong	непокорен | упорит
忩	そう	にわか あわ.てる	Rush | Hurry | Be Flustered	бързам | суетя се
忪	しょう しゅ	おどろ.く	Quiet | Calm | Tranquil | Peaceful	тих | спокоен
忭	へん	たの.しむ	Delighted | Pleased	радостен | доволен
忮	し き	さか.らう	Stubborn | Perverse | Aggressive	упорит | злонамерен | агресивен
忯	き し	つつし.む	To Be Fond Of | To Love | To Be Respectful Of	обичам | уважавам
忰	すい	せがれ やつ.れる	Suffer | Become Emaciated | Haggard	страдам | изнемощявам
忱	しん	まこと	Sincere	искрен
忲	たい	なら.う	Extravagant	разточителен
忳	とん しゅん	うれ.える	Anguish | Grieve | Ignorant | Foolish	мъка | скръб
忸	じく じゅう	はじ.る	Shame	срам
忻	きん	よろこ.ぶ	Rejoice | Open One's Heart	радвам се | разкривам сърцето си
忼	こう ほう ひょう	なげ.く あなど.る	Weep | Grieve	плача | скърбя
忽	こつ	たちま.ち ゆるが.せ	In A Moment | Instantly | All Of A Sudden | Neglect | Disregard	изведнъж | мигновено | пренебрегвам
忿	ふん	いか.る いかり	Be Angry	гневя се
怊	ちょう しょう	かな.しむ いた.む	Grieve | Sorrowful	скърбя | тъжен
怍	さく さ じゃ	はじ.る	To Be Ashamed	засрамен съм
怎	しん そ	いかで なんぞ	Why | How	защо | как
怏	おう よう	うら.む	Dissatisfaction | Grudge	недоволство | обида
怐	く		Foolish | Fear	глупав | страх
怔	せい しょう	おそれあわ.てる	Disease Resembling Neurosis	болест, подобна на невроза
怕	はく ひゃく は	かしわ おそ.れる	Oak	дъб | страхувам се
怗	ちょう てん せん	おだ.やか したが.う	Observant | Peaceful | Submissive	наблюдателен | спокоен | покорен
怘	こ く	かた.める かたく	Protect | Safeguard	закрилям | пазя
怙	こ	たの.む	Depend | Rely On | Father	разчитам на | баща
怚	しょ そ	おご.る	Dull | Stupid | Suspicious	тъп | глупав | подозрителен
怛	だつ たん たつ	いた.む	Be Sad | Be Dejected | Fear	тъжен | унил | страх
怡	い	よろこ.ぶ	Rejoice | Enjoy	радвам се | наслаждавам се
怤	ふ	おも.う よろこ.ぶ	Think | Look Forward To	мисля | очаквам с нетърпение
怦	ほう ひょう		In A Hurry | Excited | Agitated	развълнуван | притеснен
怩	じ		Shame	срам
怫	ふつ はい ひ		Anger	гняв
怭	ひつ びち	あなど.る	Rude	груб | невъзпитан
怯	きょう こう	ひる.む おびえ.る おじる おび.える おそ.れる	Cowardice | Wince | Flinch | Hesitate | Waver	страхливост | боязлив
怱	そう	にわか あわ.てる	Rush | Hurry | Be Flustered	бързам | суетя се
怳	きょう ちゅつ しゅつ	くる.う	Wild | Mad | Flurried	луд | буен
怵	ちゅつ しゅつ しゅち	おそ.れる	Fear | Be Afraid | Shy | Timid	страх | плах
怺		こら.える	Endure | (kokuji)	търпя | издържам
恁	いん じん にん		Like This | Thus	така | по този начин
恂	じゅん しゅん	まこと	Sincere | Fear | Sudden | Blinking	искрен | внезапен
恃	じ し	たの.む	Depend On	разчитам на
恆	こう	つね.に	Constant | Regular | Persistent	постоянен | устойчив
恇	きょう こう	つね	Fear	страх
恉	し	こころ	Meaning | Purport | Drift	смисъл | значение
恊	きょう	あわ.せる かな.う	Threaten	заплашвам
恌	ちょう よう	うす.い	To Worry | Frivolous	тревожа се | лекомислен
恍	こう	とぼ.ける ほ.れる	Unclear | Senile | Stupid | Joke	унесен | замаян | изкуфял
恑	き	か.わる あや.しむ	To Change | To Alter | To Accommodate Oneself To	променям се | приспособявам се
恔	きょう こう	さとい	Cheerful | Bright | Sagacious	весел | бодър | съобразителен
恙	よう	つつが.ない	Illness	болест | недомогване
恚	い	いか.る	Anger	гняв
恝	かい かつ けち		Carefree | Indifferent Manner	безгрижен | безразличен
恟	きょう	おそ.れる	Fear	страх
恠	かい け	あや.しい あや.しむ	Suspicious | Mystery | Apparition	подозрителен | мистериозен | призрак
恡	りん	ねた.む やぶさか お.しむ	Stingy | Sparing Of | Close-fisted	стиснат | скъперник
恢	かい け	ひろ.い	Wide | Large | Enlarge	широк | обширен | разширявам
恤	じゅつ しゅつ	めぐ.む あわ.れむ うれ.える	Relieve | Have Mercy	облекчавам | съжалявам се над
恧	じく にく じょく にょく	はじ.る	Ashamed | Embarrassed	засрамен | смутен
恪	かく	つつし.む	Carefulness	старателност | съвестност
恫	どう とう	いた.む	Painful | Fearful	болезнен | заплашителен
恬	てん	やすら.く やす.い	Composure	спокойствие | самообладание
恰	こう かっ ちょう きょう	あたか.も	Just As | As Though | Fortunately	точно като | сякаш
恷	きゅう く		Be Contrary To | Good | Nice	противопоставям се | добър
恿	よう ゆ とう つ	いさ.む	Instigate | Incite | To Alarm	подстрекавам | подбуждам
悁	えん けん		Anger | Worry | Impatience	гняв | тревога | нетърпение
悃	こん	まごころ	Sincerity	искреност
悄	しょう	うれ.える	Anxiety	тревога | безпокойство
悆	よ しょ そ	わす.れる	Happy	щастлив | радостен
悉	しつ しち	つ.きる ことごと ことごと.く つ.くす つぶさ.に	All | Entirely | Altogether | Completely | Use Up | Run Out Of | Exhaust | Befriend | Serve	всичко | напълно | изчерпвам
悊	てつ てち	うやま.う	Wise | To Know Intuitively	мъдър | интуитивен
悋	りん	ねた.む やぶさか お.しむ	Stingy	стиснат | скъперник
悍	かん	たけし あらし	Rough | Clumsy | Violent	груб | буен | жесток
悑	ふ ほ	こわ.い こわ.がる お.じる おそ.れる	Dreadful | Be Frightened | Fearful	ужасен | изплашен
悒	ゆう	ふさ.ぐ うれ.える	Be Depressed	потиснат | унил
悕	き け	おも.う かなし.む	Pray In Earnest | Be Sorrowful | Lament	моля се искрено | скърбя
悖	はい ぼつ	もと.る	Be Contrary	противореча | противопоставям се
悗	ばん まん		Be Perplexed	объркан | озадачен
悚	しょう	おそ.れる	Fear	страх
悛	しゅん せん	あらた.める	Amend	поправям се | каявам се
悝	かい り	たわむ.れる	To Laugh At | To Pity | Afflicted | Sad	подигравам се | съжалявам | тъжен
悞	ご	あやま.る	Impede | Neglect | Delay	възпрепятствам | забавям
悤	そう	にわか あわ.てる	Agitated | Restless | Hurried	развълнуван | забързан
悧	り		Clever	умен | съобразителен
您	じ に	なんじ しかり その のみ	Honorific For "you"	Вие (учтива форма)
悰	そう ず	たの.しむ	Enjoy | Amuse | Please | Joy	радост | наслада
悱	ひ	いいなや.む	To Be Desirous Of Speaking	желаещ да говори, но не намиращ думи
悳	とく		Ethics | Morality | Virtue	добродетел | морал
悴	すい	せがれ やつ.れる	Becoming Emaciated | Son	изнемощявам | син (скромно)
悵	ちょう	いた.む うら.む	Be Sad	тъжен | унил
悶	もん	もだ.える もだえ.る	Be In Agony | Worry	измъчвам се | тревожа се
悸	き		Pulsate | Shudder	туптя | разтрепервам се
悻	けい ぎょう こう	もと.る	Anger | Vexation | Angry | Indignant	гневен | възмутен
悽	せい	いたむ	Be Sad | Be Sorrowful	тъжен | скръбен
悾	こう く		Naive | Guileless | Simple-minded	наивен | простодушен
惄	でき	ひもじい	Long For | Hungry	копнея | гладен
惆	ちゅう	うら.む	Grieve Over | Be Disappointed	скърбя | разочарован
惈	か	いさ.ましい	Resolute | Determined	решителен | твърд
惊	りょう	かな.しむ	Frighten | Surprise | Startle	изплашвам | изненадвам
惋	わん	なげ.く	Regret | Be Sorry | Alarmed	съжалявам | разтревожен
惎	き	そこ.なう	Injure | Harm | Murder	нараняваш | вредя | убивам
惏	らん りん	むさぼ.る	Avaricious | Greedy | Cold	алчен | лаком
惓	けん	うむ	Be Respectful | Grow Tired	уважителен | уморен
惔	たん てん ねん えん	うれ.える	Cheerful	весел
惕	てき ちゃく	つつし.む	Be Cautious | Careful | Alert	предпазлив | внимателен | бдителен
惘	ぼう もう	あき.れる	Unclear | Be Astonished	объркан | смаян
惙	てつ てち てい	うれ.える	Sad | Melancholy | Grieving | Mourn	тъжен | меланхоличен
惛	こん びん みん	おろ.か	Confused | Stupid | Dull | Senile	объркан | тъп | изкуфял
惝	しょう とう	うっとり.する	Dejected | Dispirited | Vague | Faint | Grand	унил | отпаднал духом | неясен
惠	けい え	めぐ.む めぐ.み	Blessing | Grace | Favor | Kindness	благословия | благодат | доброта
惡	あく お	わる.い あ.し にく.い ああ いずくに いずくんぞ にく.む	Bad | Evil	лош | зъл
惮			Dread | Shrink From | Shirk | Fear	страхувам се | избягвам
惱	のう	なや.む なや.ます なや.ましい なやみ	Angered | Filled With Hate	ядосан | изпълнен с омраза
惲	うん きん	あつ.い	Devise | Plan | Deliberate | Consul	замислям | планирам
惴	ずい すい	おそ.れる	Fear | Be Afraid	страх | боязън
惵	ちょう じょう きょう	やす.らか	Fear | Worry Over | Fill | Satisfy | Calm | At Ease | Tranquil	страх | тревога | спокоен?
惶	こう	おそ.れる	Fear	страх
惷	しゅん		Confusion | Foolish	объркване | глупост
惸	けい ぎょう	うれ.える	Troubled | Worried | Distressed	разтревожен | обезпокоен
惹	じゃく じゃ	ひ.く	Attract | Captivate	привличам | запленявам
惺	せい	さと.る	Realize	осъзнавам
惻	そく しょく	いた.む	Be Sad	тъжен | състрадателен
惼	へん	せま.い	Narrow-minded	тесногръд | ограничен
惽	こん びん		Confused	объркан
愀	しゅう しょう		Respect	уважавам
愃	けん かん		Abundant | Generous	изобилен | щедър
愆	けん	あや.まる	Mistake | Fault | Offence	грешка | вина | провинение
愈	ゆ	いよいよ まさ.る	Be Superior | Heal | More And More | Increasingly | Finally | Beyond Doubt	превъзхождам | лекувам | все повече
愊	ひょく ひき ふく	まこと	Sincere | Honest | Depressed	искрен | честен
愍	びん みん	あわ.れむ	Pity | Mercy | Compassion	съжаление | милост | състрадание
愎	ふく ひょく	もと.る	Go Against | Disobey	противопоставям се | не се подчинявам
愐	べん めん	つと.める	Bashful | To Consider	срамежлив | обмислям
愒	けい けつ けち かい	いこ.う	Rest | Stop | Cover	почивам | спирам
愓	とう しょう よう	ほしいまま	Profligate	разпуснат | разточителен
愔	いん あん おん	やわ.らぐ	Comfortable | Contented | Peaceful	удобен | доволен | спокоен
愕	がく	おどろ.く	Surprised | Frightened	смаян | шокиран
愜	きょう	こころよ.い	Be Satisfied | Be Comfortable	удовлетворен | удобен
愞	ぜん ねん た な	よわ.い おそ.れる	Timid | Apprehensive	плах | боязлив
愡	そう		Meaningless | Foot Race	безсмислен | надбягване
愧	き	はじ.る はじ.らう はずかし.める とが.める	Feel Ashamed | Shy	срамувам се
愨	かく	つつし.む まこと	Respectful | Sincerely	почтителен | искрен
愪	うん いん	うれ.える うご.く	To Be Grieved | Sad	скърбящ | тъжен
愫	そ	まこと	Guileless | Sincere | Honest	простодушен | искрен | честен
愬	そ さく	うった.える	Complain Of	оплаквам се от
愰	おう こう	さとい	Clearness Of Mind | Doubtful | Uncertain	яснота на ума | несигурен
愴	そう	いたま.しい いた.む	Sad | Pathetic	тъжен | покъртителен
愷	かい	たの.しむ	Enjoy | Be Contented | Joyful	радвам се | доволен
愼	しん	つつし.む つつし.み	Care | Chastity	внимателен | предпазлив
愽	たん		Grieving	скърбящ
愾	がい き け きつ	ためいき	Anger | Breathlessness	гняв | задъхване
愿	げん	つつし.む	Respectful | Honest	почтителен | честен
慁	こん	うれ.える	Dishonor | Disobey | Insult	опозорявам | обиждам
慂	よう	すす.む すす.める	Direct | Advise	насочвам | съветвам
慅	そう しょう	うご.く	Agitated	развълнуван | неспокоен
慆	たく とう	よろこ.ぶ	Excessive | Dissolute | Delighted	прекомерен | разпуснат
慇	いん		Courtesy	учтивост
慉	きく きん きょう	おこ.す	To Bring Up | To Raise	отглеждам | възпитавам
慊	けん きょう	あきたりる うら.む	Satisfaction	удовлетворение
慍	うん おん	いか.る いか.り うら.む	Be Angry (excited)	гневя се | ядосан
慓	ひょう		Fast | Quick	бърз
慘	さん	みじ.め いた.む むご.い	Sad | Pitiful | Wretched | Cruel	тъжен | окаян | жесток
慙	ざん	はじ はじ.る	Ashamed | Humiliated | Shameful	засрамен | унизен
慚	ざん	はじ はじ.る	Feel Ashamed	засрамен | унизен
慝	とく	わる.い	Bad | Evil | Disaster	лош | зъл | бедствие
慟	どう とう	なげ.く	Be Sad | Grieve	скърбя дълбоко
慥	ぞう	たし.かに	Certainly | Doubtless	несъмнено | сигурно
慫	しょう	すす.める	Advise | Persuade	съветвам | убеждавам
慬	きん こん	かな.しむ	Brave | Cautious | Sad	смел | предпазлив | тъжен
慯	しょう		Be Sad | Grieve	тъжа | скърбя
慱	たん		Grieving	скърбя
慳	けん かん	おし.む	Regret | Stinginess	съжаление | скъперничество
慴	しゅう しょう	おそ.れる	Fear | Threaten	страх | заплашвам
慵	よう しょう	ものうい	Languid	отпуснат | ленив
慷	こう	なげ.く	Weep | Grieve	плача | скърбя
慼	せき しゃく しゅく	うれ.える	Sorrowful | Mournful | Sorrow | Grieve	тъжен | скръбен | скръб | скърбя
慾	よく		Covetousness | Greed | Passion | Desire | Craving	алчност | лакомия | страст | желание | копнеж
憀	りょう りゅう る		To Rely On	разчитам на | осланям се на
憁	そう		Ignorant And Foolish | Run Around Aimlessly | Unable To Fulfill One's Will	невеж и глупав | тичам безцелно | неспособен да постигна целта си
憃	とう しょう しゅ ちょう ちゅ	おろ.か	Foolish | Stupid | Dull | Silly	глупав | тъп | скучен | наивен
憇	けい	いこ.い いこ.う	Rest | Take Rest	почивка | почивам си
憊	はい へい	つか.れる	Fatigue	умора
憋	へつ へち	せっかち	To Suppress Inner Feeling | Hasty	потискам чувствата си | припрян
憍	きょう	ほしいまま	Be Haughty | Proud | Arrogant	надменен | горд | арогантен
憐	れん	あわ.れむ あわ.れ	Pity | Have Mercy | Sympathise | Compassion	съжаление | милост | съчувствие | състрадание
憑	ひょう	つ.く つか.れる よ.る たの.む	Depend | Rely | Evidence | Proof | According To | Possess | Haunt	завися, разчитам на | доказателство | според | обсебвам (за дух) | преследвам (за призрак)
憒	かい	みだ.れる	Confused | Troubled | Muddle-headed	объркан | разтревожен | объркана глава
憓	けい え	いつく.しむ	Follow Obediently | Blessing | Favour	следвам покорно | благословия | благоволение
憔	しょう せう そう	やつ.れる やせ.る	Get Thin	отслабвам | измършавявам
憖	ぎん きん	なまじ.い	Thoughtlessly	необмислено | необмислен
憘	き	よろこ.ぶ ああ この.む	Like | Love | Enjoy | Joyful Thing	харесвам | обичам | наслаждавам се | радост
憙	き	よろこ.ぶ ああ この.む	Rejoice | Like | Prefer | Exclamation	радвам се | харесвам | предпочитам | възклицание
憚	たん た	はばか.る	Hesitate | Shrink | Awe	колебая се | свивам се (от страх) | боязън
憜	た だ	つつしまない	Lazy | Lazines	мързелив | мързел
憝	たい ずい	うら.む	To Dislike | To Abhor | To Hate	не харесвам | ненавиждам | мразя
憨	かん	おろ.か	Foolish | Silly | Coquettish	глупав | наивен | кокетен
憪	かん げん	たの.しむ	Composed | Contented	спокоен | доволен
憫	びん みん	あわれ.む うれ.える	Anxiety | Mercy	тревога | милост
憭	りょう	さとい	Clear | Intelligible | Severe | Cold	ясен | разбираем | суров | студен
憮	ぶ こ	いつくし.む	Disappointment	разочарование
憸	せん けん	かたよ.る	Flatter | Crafty | Having Specious	лаская | хитър | лицемерен
憹	どう ぬ にょう のう	こころみだ.れる なや.む	Worried | Anxious | Shaken	притеснен | тревожен | разтърсен
憺	たん		Calm | Quiet | Move	спокоен | тих | развълнуван
懂	とう つ	みだ.れる	Understand | Comprehend	разбирам | схващам
懃	きん ごん	ねんごろ	Courtesy	учтивост
懆	そう		Unease	безпокойство
懈	け かい	たわ.い おこた.る	Laziness	мързел | леност
應	おう よう	あた.る まさに こた.える	Answer | Yes | Ok | Reply | Accept	отговарям | да | добре | отвръщам | приемам
懊	おう	じれった.い なや.む	In Distress | Provoking | Irritating | Impatient | Vexed	измъчен | дразнещ | нетърпелив | раздразнен
懋	ぼう	し.げる つと.める	Strive | Flourish	старая се | процъфтявам
懌	えき	よろこ.ぶ	Rejoice	радвам се
懍	りん らん		Fear | Tremble	страх | треперя
懕	えん よう	やす.らか た.りる ゆる.す	Satiated | Contented	сит | доволен
懜	ぼう もう む	くら.い	Dull | Stupid | Doltish	тъп | глупав | простоват
懝	がい ぎ ぎょく ごき	おろ.か おそ.れる はか.る	Ignorant Of | Misgivings | Interrupt | Stop	невеж за | съмнения | прекъсвам | спирам
懟	つい ずい たい	うら.む	Hate | Abhor | Hatred | Resentment	мразя | ненавиждам | омраза | негодувание
懣	まん もん	もだ.える	Worry | Agony | Anger	тревога | мъка | гняв
懥	ち		Angry | Enraged | Resentful | Hate	гневен | разярен | негодуващ | мразя
懦	だ じゅ ぜん	よわ.い	Weakness | Cowardice	слабост | малодушие
懴	ざん さん	くい.る	Remorse	разкаяние
懵			Stupid | Ignorant | Dull	глупав | невеж | тъп
懶	らん らい	ものうい おこたる	Languid | Be Lazy | Be Negligent	отпуснат | мързелив | небрежен
懷	かい え	ふところ なつ.かしい なつ.かしむ なつ.く なつ.ける いだ.く おも.う	Pocket | Feelings | Heart | Yearn | Miss Someone | Become Attached To | Bosom | Breast	пазва | чувства | копнеж | привързвам се | гърди
懺	ざん さん	くい.る	Regret | Repent | Confess Sins	съжаление | разкайвам се | изповядвам грехове
懼	く	おそ.れる	Fear | Overawed	страх | страхопочитание
懽	かん	よろこ.ぶ	Rejoice	радвам се
懾	しょう	おそ.れる	Fear	страх
懿	い	よい	Beautiful | Splendid	красив | великолепен
戀	れん	こ.う こい こい.しい	In Love | Yearn For | Miss | Darling	влюбен | копнея за | липсва ми | любим
戁	だん ねん ぜん	つつし.む	Fear	страх
戄	きゃく しょう	おどろ.く	To Be In Awe Of | To Fear	изпитвам страхопочитание | страхувам се
戇	とう ちゅう しゅ こう く	おろ.か	Stupid | Simple | Simple-minded	глупав | прост | наивен
戈	か	ほこ ほこづくり	Halberd | Arms | Festival Car | Float | Tasselled Spear Radical (no. 62)	копие | алебарда | оръжие | празнична платформа
戉	じゅう えつ	えびす まさかり	Warrior | Arms | Savage | Ainu	воин | оръжие | диваци | айну
戊	ぼ ぼう	つちのえ	5th Calendar Sign	пети небесен знак (календарен)
戌	じゅつ	いぬ	Sign Of The Dog | 7-9pm | Eleventh Sign Of Chinese Zodiac	знакът на кучето | 19-21 ч. | единайсети зодиакален знак
戍	じゅ しゅ	まもり まも.る	Protection	защита | охрана
戎	じゅう	えびす つわもの	Warrior | Arms | Barbarian | Ainu	воин | оръжие | варварин | айну
戔	せん さん		Damage | Remain | Slight	увреждам | оставам | незначителен
戕	しょう さん そう	ころ.す	Kill | Slay | Wound | Injure | Hurt	убивам | нараняваме
戛	かつ	ほこ	Halberd	алебарда
戜	てつ でち	するど.い き.る	To Scrape | Advantageous	стържа | изгоден
戝	ざい さい ぞく		Pirate | Thief	пират | крадец
戞	かつ	ほこ	Lance | Tap Or Strike Lightly	копие | почуквам леко
戟	げき	ほこ	Halbert | Arms	алебарда | оръжие
戠	しょく しき し		Sword | Potter's Clay | To Gather	меч | глина на грънчар | събирам
戡	かん ちん	かつ さす	Victory	победа
戢	しゅう	おさ.める	To Put Away | To Cease | Store Up	прибирам | прекратявам | съхранявам
戣	き	ほこ	Lance	копие
戧	そう しょう	つく.る はじ.める きず.つける	Support	подкрепям
戩	せん	ほろ.ぼす	Exterminate | Destroy | Blessing	изтребвам | унищожавам | благословия
截	せつ さい	き.る た.つ	Cut Off | Sever	отрязвам | прекъсвам
戮	りく りゅう ろく きょう く	ころ.す けず.る	Kill	убивам
戰	せん	いくさ たたか.う おのの.く そよぐ	War | Fighting | Battle	война | битка | сражение
戲	ぎ げ	たわむ.れる たわむ.れ	Play | Frolic | Sport	игра | лудувам | забавление
戳	たく		Poke | Prod	бода | мушкам
戹	あく せく	せま.い	Drag Along	влача
戽	こ く	く.む あかくみ	To Bale Out Water	изгребвам вода
戾	れい らい	もどす もとる いたる	Perverse | Recalcitrant | Rebellious	извратен | непокорен | бунтовен
扁	へん	ひらたい	Level | Small	плосък | малък
扂	てん	かんぬき とざし	Lock | Latch | Bar | Bolt	ключалка | резе | лост
扃	けい きょう へん	かんぬき とびら	Door Bar Placed Outside A Door	резе на врата
扄	しょう		Large Ring On A Front Door Used As A Knocker	голямо чукало на врата
扆	い え	ついたて	Screen	параван
扈	こ	したが.う	Follow	следвам
扌	しゅ		Hand | Hand Radical (no. 64)	ръка (радикал "ръка")
扎	さつ あつ		Pull | Tie Up | Prick | Stab	дърпам | връзвам | бода | мушкам
扐	ろく りょく りき		Divine	гадая
扑	ぼく はく ほう ふ	かるくう.つ むちう.つ	Pound | Beat | Strike | Attack	удрям | бия | нападам
扒	はい はつ はち	ぬ.く さば.く	Scratch | Dig Up | Crawl | Crouch	драскам | изравям | пълзя | клякам
扔	じょう にょう	よ.る ふ.れる す.てる	Throw | Hurl | Throw Away | Cast	хвърлям | мятам | изхвърлям
托	たく	たく.する たの.む	Requesting | Entrusting With | Pretend | Hint	моля | поверявам | преструвам се | намек
扛	こう	あ.げる	Raise	вдигам
扞	かん	ふせ.ぐ	Restrain	възпирам
扠	さ	さて さ.す	Well | Now	е | добре тогава
扡			Drag Along	влача
扣	こう	たた.く ひか.える	Knock | Strike | Rap | Tap | Button	чукам | удрям | потропвам | копче
扤	ごつ ごち げつ がち	うご.く	Move	движа (се)
扨	さ	さて さ.す	Well | Now | (kokuji)	е | добре тогава
扭	じゅう にゅ ちゅう ちゅ	ねじまわ.す	Turn | Twist | Wrench | Seize | Grasp	завъртам | извивам | изтръгвам | хващам
扮	ふん はん へん	ふん.する やつ.す よそお.う	Impersonate | Dress Up | Disguise | Thin Shingles	преструвам се на | обличам се | дегизирам се
扯	た しゃ	ひ.く	Rip Up | Tear Down | Raise | Haul	раздирам | събарям | вдигам | тегля
扳	はん	ひ.く さ.く ひきとめる	Pull | Drag | Right Itself	дърпам | влача | изправям се
扻			To Strike | To Run Against To Throw | As A Stone	удрям | засягам | хвърлям (камък)?
扼	やく あく	おさ.える	Command | Dominate | Prevent | Obstruct	командвам | доминирам | възпрепятствам
扽	とん	ひ.く	To Move | To Shake	движа | разтърсвам
找	そう		Look For | Seek | Make Change	търся | връщам ресто
抂	きょう ごう		Disorder	безредие
抃	べん	う.つ	Strike With Hand	удрям с ръка | пляскам
抅			To Collect | To Join Together	събирам | съединявам
抉	けつ	えぐ.る こじ.る くじ.る	Gouge | Hollow Out | Bore | Pry	изкормвам | издълбавам | пробивам | лоствам
抓	そう	つ.ねる つ.める つね.る つま.む	Pick | Pinch | Summarize	щипя | хващам | обобщавам
抔	ほう はい	など すく.う	And So Forth	и така нататък
抖	と とう		Shake | Jiggle	разтърсвам | треса
抛	ほう	なげう.つ	Hurl	запращам | хвърлям
抨	ほう ひょう	はじ.く	Impeach | Censure | Attack	обвинявам | порицавам | нападам
抬	たい	もた.げる	Lift | Carry	вдигам | нося
抶	ちつ ちち	むちう.つ	Beat	бия
抻	しん ちん		Stretch | Extend	разтягам | удължавам
抿	びん みん	な.でる	Pucker Up Lips In Smile | Press	присвивам устни | притискам
拂	ひつ ふつ ほつ	はら.う	Clear Out | Sweep Away	изчиствам | помитам
拄	ちゅ	あ.げる	Lean On | Post | Prod | Ridicule	подпирам се на | бода | подигравам
拆	たく せき	さく ひらく	To Split Apart | To Break Up | To Open	разделям | разглобявам | отварям
拇	ぼ	おやゆび	Thumb	палец
拈	ねん せん でん	ひね.る	Twirl | Twist | Twiddle | Wring	въртя | извивам | кърша
拊	ふ	は.る うつ な.でる	Slap | Strike	плесница | удрям
拌	はん		Stir And Mix	разбърквам | смесвам
拎	れい りょう	か.ける	To Haul | To Lift | To Take	тегля | вдигам | нося
拏	だ な	つか.む ひ.く	Catch | Arrest	хващам | арестувам
拑	かん けん	つぐ.む	Shut One's Mouth	затварям уста | замълчавам
拔	ばつ はい	ぬ.く ぬ.ける ぬ.かす ぬ.かる	Extract | Pull Out | Pilfer | Quote | Remove | Omit	изваждам | издърпвам | крада | цитирам | премахвам
拕	た い	ひ.く	To Drag After | To Drag Out | To Involve | To Delay | To Implicate	влача | забавям | замесвам
拖	た い	ひ.く	Drag | Tow | Haul | Delay | Prolong	влача | тегля | бавя | удължавам
拗	おう よう いく ゆう	ねじ.れる こじ.れる す.ねる ねじ.ける	Crooked | Twisted | Distorted | Perverted | Cross	изкривен | извит | изопачен | инат
拚	へん ふん	てをう.つ	Risk | Disregard | Go All Out For	рискувам | пренебрегвам | давам всичко за
拜	はい	おが.む おろが.む	Worship | Adore | Pray To	покланям се | обожавам | моля се на
拮	かつ けつ きつ	はたら.く	Be Imminent	полагам усилия | предстоящ
拯	しょう じょう	すく.う	Help	помагам | спасявам
拱	きょう こう	こまぬ.く こまね.く	Arch | Fold Arms	арка | кръстосвам ръце
拴	せん	えら.ぶ	Bind With Rope | Fasten	връзвам с въже | закрепвам
拵	そん	こしら.える	Make | Prepare | Arrange	правя | приготвям | подреждам
拼	ほう へい ひょう	したが.う	Join Together | Link | Incorporate	съединявам | свързвам | включвам
拽	えい えつ えち せい	ひ.く	Drag | Tow | Throw | Twist	влача | тегля | хвърлям | извивам
拿	だ な	つか.む ひ.く	Catch | Arrest	хващам | арестувам
挂	けい かい け	か.ける	Hang	закачам
挈	けい けつ	ひっさ.げる	Carry By Hand	нося в ръка
按	あん	おさ.える しら.べる	Hold | Consider | Investigate	държа | обмислям | разследвам
挌	かく	う.つ	Strike | Hit | Fight	удрям | бия се
挍	こう きょう	はか.る	Collate	сверявам
挐	だ じょ	ひ.く	Drag	влача
挓	た	ひら.く	To Open Out | To Expand	отварям | разширявам
挖	あつ あち	あば.く	Dig | Dig Out | Gouge Out | Scoop	копая | изравям | издълбавам
挘		むし.る むしりと.る	Pluck | Pick | Tear | (kokuji)	скубя | откъсвам | разкъсвам
挧	う	とち	Japanese Horse Chestnut	японски конски кестен
挪	だ な	も.む	Move | Shift On One Side	премествам | измествам настрани
挭	こう きょう	みだ.す	Fish Bones | Things That Stick In The Throat | Unyielding | Blunt Of Speech	рибена кост | нещо заседнало в гърлото | непреклонен | рязък в говора
挲			To Feel Or Fondle With The Fingers	галя с пръсти
挵	ろう る	いじく.る いじ.る ひねく.る たわむ.れる もてあそ.ぶ せせ.る	Play With | Handle Things	играя си с | боравя с
挶	きょく こく	ささ.える も.つ	Hold In Hands	държа в ръце
挹	ゆう おう	く.む	To Bale Out | To Decant Liquids	изгребвам | преливам течности
挼	だ な だい ない	お.とす	Rub | Stroke With Hands | Crumple	търкам | галя | мачкам
挽	ばん	ひ.く	Saw | Turn (lathe) | Grind	режа | меля | точа (на струг)
挾	きょう しょう	はさ.む はさ.まる わきばさ.む さしはさ.む	Put Between | Insert | Jam | Get Caught | Sandwich	поставям между | вмъквам | заклещвам се | притискам
捂	ご	ふ.れる	Resist	съпротивлявам се
捄	く きゅう	も.る	Long	дълъг
捆	こん	ととの.える	Tie Up | Bind | Truss Up | Bundle	връзвам | вързвам на вързоп
捋	らつ らち れつ れち	と.る	To Pluck | To Gather In The Fingers | To Rub | To Scrape Off | Horse Exercise Area	скубя | събирам с пръсти | търкам | остъргвам
捌	はつ はち べつ	さば.く さば.ける は.け	Handle | Deal With | Dispose Of | Sell | Be In Demand | Be Worldly | Be Frank | Be Sensible | Be Sociable | Drainage | Sale | Demand For | Eight	справям се с | продавам | отводнявам | осем (официален запис на числото)
捍	かん	ふせ.ぐ	Defend | Protect	защитавам
捎	そう しょう	と.る	To Select | To Take | To Carry	избирам | вземам | нося
捏	ねつ てつ ねち	こ.ねる ね.る つく.ねる	Knead | Mix	меся, омесвам | фабрикувам (лъжа, доказателства)
捐	えん	す.てる	Throw Away	изхвърлям | дарявам
捓	よ や	もてあそ.ぶ	Strive | Endeavor	старая се | полагам усилия
捘	そん しゅん	お.す	Push	бутам
捥	わん うつ うち	うで も.ぐ もぎ.る	To Bend The Wrist | Come Off | Be Broken	извивам китка | откъсвам се | чупя се
捦	きん ごん	かたくと.る	To Seize | To Clutch | To Arrest | To Capture	сграбчвам | залавям
捩	れい れつ	よじ.る ね.じる ねじ.れる もじ.る	Screw | Twist | Wrench | Distort	завъртам | извивам | изкривявам
捫	もん	な.でる	To Stroke	галя
捬	ふ ほう	な.でる	Press Down Heavily With Hands	притискам силно с ръце
捭	はい は へい		To Open | To Spread Out	отварям | разстилам
捱	がい げ	ふせ.ぐ	Put Off | Procrastinate | Endure	отлагам | протакам | издържам
捲	けん	ま.く ま.くる まく.る めく.る まく.れる	Roll | Wind | Coil | Turn Pages | Roll Up Sleeves | Strip Off | Be Turned | Be Rolled Up	навивам | обръщам страници | навивам ръкави
捶	すい	むちう.つ	Strike | Whip | Slap	удрям | бия | шибам
捼	だ な だい ない	お.す	To Rub | To Crumple	търкам | мачкам
捽	そつ そち ちゅつ じゅち さい すい	つか.む	Clutch | Grasp | Pull Up | Contradict	сграбчвам | дърпам нагоре | противореча
捿	せい	す.む	Perch | Roost | Stay	кацвам | отсядам
掀	きん けん		Raise | Hoist	вдигам | повдигам
掂	てん	はか.る	To Heft | To Hold Or Weigh In The Palm	претеглям на ръка
掄	ろん りん	えら.ぶ	Swing | Brandish | Flourish	размахвам | въртя
掇	たつ たち てつ てち せつ せち	ひろ.う	Collect | Gather Up | Pick Up	събирам | вдигам
掉	とう ちょう	ふる.う	Shake & Move	клатя | размахвам
掊	ほう ぶ ふう	か.く	To Extract | Injure	извличам | нараняваме
掎	き	ひ.く	Pull | Hold Back	дърпам | задържам
掏	とう	す.る えら.ぶ	Pickpocket	джебчийствам
掐	こう きょう	つま.む	Hold | Gather With Hand | Choke	държа | стискам | душа
掔	かん けん	かた.い	Sturdy	здрав | як
掖	えき	たす.ける わきばさ.む	Side (of Body) | Carry Under Arm	страна (на тялото) | нося под мишница
掙	そう しょう	さ.す	Strive | Endeavor | Struggle	старая се | боря се
掞	えん せん	の.べる	Easy | Smooth | Quiet | Suave	лек | гладък | тих | изискан
掟	とう ちょう じょう てい	おきて	Law | Commandments | Regulations	закон | наредба | правило
掠	りゃく りょう	かす.める かす.る かす.れる	Pillage | Rob | Graze | Skim | Sweep Over | Cheat | Hint	плячкосвам | ограбвам | докосвам леко | мамя
掣	せい せつ	ひ.く	Pull Back | Restrain	дърпам назад | възпирам
掤	ひょう	ふた	Quiver	колчан
掩	えん	おお.う	Cover | Conceal	покривам | прикривам
掫	そう しゅう	まも.る たきぎ う.つ	Night Watch | Rake	нощен пазач | гребло
掬	きく こく	きく.す むす.ぶ すく.う たなごころ	Scoop Up Water With The Hand	загребвам вода с ръка
掭	てん		To Manipulate | Pricker For A Lamp Wick	манипулирам | игла за фитил на лампа
掮	けん	かつ.ぐ	To Bear On The Shoulders	нося на рамене
掯	こう	とどこお.る	Oppress | Extort | Take By Force	потискам | изнудвам | отнемам насила
掴	かく	つか.む つか.まえる つか.まる	Catch | Seize | Grasp | Hold | Arrest | Capture	хващам | сграбчвам | задържам | залавям
掵	はば		Alluvial Terraced Land	наносна тераса (земя)
掻	そう	か.く	Scratch | Rake | Comb | Paddle | Behead	драскам | гребловам | реша | гребя | обезглавявам
掽	ほう ひょう	つ.く はえずみ	Collide | Meet Unexpectedly	сблъсквам се | срещам неочаквано
掾	えん てん	じょう	Help | Subordinate Official | Obsolete Government Service Rank	помощник | подчинен служител | стар държавен чин
揀	かん けん	えら.ぶ	Select	избирам
揁	てい ちょう こう きょう	ひ.く	Sound Of Setting Up A Koto	звук от нагласяне на кото
揄	よう ゆう ゆ		Pull | Tease | Play With	дърпам | закачам | дразня
揅	けん	みが.く	Grind | Rub | Study | Research	смилам | търкам | изучавам | изследвам
揆	き	はかりごと はか.る	Category | Plan | Drumstick	категория | план | въстание
揉	じゅう	も.む も.める	Rub | Massage | Shampoo | Debate Vigorously | Train | Coach | Worry | Get In Trouble	търкам | масажирам | обучавам | тревожа се | спорим разгорещено
揎	せん	かか.げる	To Pull Up The Sleeves And Stretch Out The Arms | To Strike With Bare Fists	навивам ръкави | удрям с голи юмруци
揑	げつ げち ねつ	こねあ.わせる	To Fabricate | To Trump Up	фабрикувам | скалъпвам
插	そう	さ.す はさ.む	Insert | Stick Into | Plant	вмъквам | забождам | засаждам
揕	ちん	う.つ さ.す	Roll Up Sleeves | Fight Bare Fist	навивам ръкави | бия се с голи ръце
揖	いつ ゆ しゅう ゆう		Bow With Arms Folded | Come Together | Assemble	покланям се с кръстосани ръце | събирам се
揜	えん あん おん	と.る	Cover Up | Take By Force | Shut	прикривам | отнемам насила | затварям
揠	さつ あつ	ぬ.く ふだ	To Pull Up | To Eradicate	изкоренявам | издърпвам
揣	し すい たん	はか.る	Conjecture	предполагам | гадая
揥	てい たい てき ちゃく	こうがい	Scratcher	чесало
揩	かい かつ	ぬぐ.う	Wipe	бърша
揪	しゅう しゅ	あつ.める	Grasp With Hand | Pinch	сграбчвам | щипя
揫			Grasp With Hand | Pinch	сграбчвам | щипя
揭	けい けつ	かかげる	Raise | Lift Up | Surname	вдигам | повдигам | (фамилно име)
揲	せつ ぜち ちょう じょう	かぞ.える	To Sort Out The Stalks Used In Divination | To Fold	подреждам стъбла за гадаене | сгъвам
揵	けん ごん	あ.げる	Carry	нося
揶	や	からか.う	Tease | Play With	закачам | подигравам
揷	そう	さす にない とる	Insert	вмъквам
揸	さ	つま.む	Handful | Pick Up With Fingers	шепа | вземам с пръсти
揹	はい	せお.う	Carry Things On One's Back	нося на гръб
搆	こう		Pull | Cause	дърпам | причинявам
搉	かく	う.つ	Knock | Pick Out | Ridicule	чукам | избирам | подигравам
搊	しゅう しゅ す		Pluck	скубя
搏	はく	う.つ と.る	Seize | Spring Upon | Strike	сграбчвам | нахвърлям се | удрям
搐	ちく	いた.む	Cramp | Spasm | Convulsion | Twitch	спазъм | гърч | потрепване
搒	ほう ひょう	おお.う	Pole | Beat	прът | бия
搓	さ さい	よ.る	Braid | Cut	плета | режа
搔	そう	か.く	To Scratch	драскам
搖	よう	ゆ.れる ゆ.らぐ ゆ.るぐ ゆ.する ゆ.さぶる ゆ.すぶる うご.く	Wag | Swing | Wave | Shake | Scull	клатя | размахвам | разтърсвам
搗	とう	つ.く か.つ	Pound | Husk	чукам (в хаван) | беля
搘	し	ささ.える	Prop	подпирам
搞	こう きょう	たた.く	To Clear | Clarify	изяснявам
搠	さく	ぬ.る	To Daub | To Thrust	намазвам | мушкам
搢	しん せん せい さい	はさ.む	To Stick Into | To Shake | Put Between | Insert	забождам | разклащам | вмъквам
搤	あく せく えつ えち	とら.える	Seize	сграбчвам
搥	たい つい ずい	なげう.つ	Beat | Pound | Strike | Tap Out Message	удрям | чукам
搦	じゃく じょく だく にゃく	から.める -がら.み	Bind | Tie | Approx.	връзвам
搨	とう	う.つ す.る	Trace | Rub A Copy Of A Stone Inscription	откопирвам чрез търкане (каменен надпис)
搪	とう	は.る	Ward Off | Evade | Parry | Block	отбивам | избягвам | парирам
搯	とう	とりだ.す	Take Out | Pull Out	изваждам
搰	こつ	ほ.る	Dig | Turbid | Exert	копая | мътен | полагам усилие
搴	けん	と.る ぬ.く	Take | Hoist | Pull Out | Shrink	вземам | вдигам | изтеглям | свивам се
搵	おん	しず.む おさ.える	Wipe Off | Press Down With Knuckle | To Immerse	бърша | притискам със става | потапям
搶	そう しょう	つ.く	Thrust | Poke | Come Together | Assemble	мушкам | бода | събирам се
搽	た		Smear | Rub | Wipe | Anoint	намазвам | търкам | бърша | помазвам
摎	く きゅう		Tie Into A Bundle | Coil Around	връзвам на вързоп | увивам около
摏	しょう しゅ	つ.く	Pound | Strike Against | Ram	чукам | удрям | таранирам
摑	かく	つか.む つか.まえる つか.まる	Box One's Ears | Slap	зашлевявам
摒	へい ひょう	はら.う	Expel | Cast Off | Arrange	изгонвам | отхвърлям | подреждам
摔	しゅつ しゅち		Fall Ground | Stumble | Trip	падам | спъвам се
摛	ち り	しく の.べる	To Spread (name | News) | To Be Knowing	разпространявам (новина) | знаещ
摜	かん	なら.う	Throw Ground | Know | Be Familiar	хвърлям | познавам добре
摟	ろう る	ひ.く	Hug | Embrace | Drag | Pull	прегръщам | влача | дърпам
摠	そう	す.べる ふさ	General	общ
摡	かい き け	あら.う	To Irrigate | To Flood Water Flowing | To Scour	напоявам | наводнявам | изтърквам
摣	さ しゃ だ な さい せ	と.る つか.む	Handful | To Pick Up With The Fingers | To Seize	шепа | вземам с пръсти | сграбчвам
摧	さい さ	くだ.く	Break | Smash | Crush | Familiar | Popular	чупя | трошя | смазвам
摭	せき しゃく	ひろ.う	Pick Up | Gather	вдигам | събирам
摳	こう く おう う	ひろ.う	Raise | Lift Up | Tight-fisted	вдигам | стиснат (скъперник)
摴	ちょ ち	の.べる	Comfortable | Easy	удобен | лесен
摶	たん せん	まる.い	Roll Into A Ball | Slap	навивам на топка | зашлевявам
摸	も もう ばく ぼ まく		Search | Imitate | Copy	търся | имитирам | копирам
摹			Trace | Copy | Duplicate | Pattern	копирам | дублирам | модел
摺	しょう しゅう ろう	す.る ひだ	Rub | Fold | Print (on Cloth)	търкам | сгъвам | печатам (на плат)
摻	さん せん しん	と.る	Delicate Hand | Mix | Blend | Adulterate	нежна ръка | смесвам | фалшифицирам
摽	ひょう ほう	う.つ	Throw Out | Push Out | Strike	изхвърлям | изблъсквам | удрям
撅	けつ かち けい け	あつ.める	Protrude | Snap | Break | Dig	стърча | чупя | копая
撇	へつ へち へい	ぬぐ.う	Discard | Abandon | Throw Away	изхвърлям | изоставям
撈	ろう りょう		Catch Fish	ловя риба
撏	さん しん	と.る	Pull Out | Pluck | Take Hold Of	изтръгвам | скубя | хващам
撐	ちょう とう	ささ.える あ.く	Prop Up | Support | Brace	подпирам | поддържам
撑	ちょう とう	ささ.える あ.く	Prop Up | Support | Brace	подпирам | поддържам
撒	さん さつ	ま.く	Scatter | Sprinkle | Give Them The Slip	разпръсквам | посипвам | изплъзвам се
撓	とう きょう こう じょう	たわ.む しな.う しお.る たわ.める みだ.す みだ.れる	Bend | Train | Lithe	огъвам | обучавам | гъвкав
撕	せい し		Warn Against | Break | Rend | Tear	предупреждавам | чупя | разкъсвам
撙	そん	おさ.える	Economize | Abide By | Comply With	пестя | спазвам
撝	き い	はな.す	Wave | Brandish | Modest | Humble	размахвам | скромен
撞	どう とう しゅ	つ.く	Thrust | Pierce | Stab | Prick	блъскам | пронизвам | бода
撟	きょう こう		Correct	поправям
撣	たん せん	も.つ	To Dust | Duster	избърсвам прах | прашка (за прах)
撥	はつ ばち	は.ねる おさ.める	Brush Up | Reject | Exclude | Eliminate | Bone Plectrum	отхвърлям | изключвам | плектър
撦	しゃ	さ.く	Rip Up | Tear Down | Raise | Haul	раздирам | събарям | вдигам
撩	りょう ろう		Disorder	безредие
撬	きょう	あ.げる	Lift | Raise | Open	вдигам | отварям (с лост)
撰	さん せん	せん.する えら.む えら.ぶ	Composing | Editing | Compiling | Selecting	съставям | редактирам | подбирам
撳	きん	おさ.える	Press | Push	натискам | бутам
撹	かく こう	みだ.す	Disturb | Throw Into Confusion	размътвам | разбърквам
撻	たつ	むちうつ	Whip | Flog | Strike	бия с камшик | наказвам
撼	かん	うごか.す	Move	разтърсвам
撾	た て か	う.つ	To Beat | To Strike	бия | удрям
撿	れん けん	こまね.く	To Pick Up | Inspect | Check | Consider	вдигам | проверявам | обмислям
擂	らい	す.る	Grind | Mash | Grate	смилам | стривам | настъргвам
擄	りょ ろ	とりこ	Capture | Seize	залавям | сграбчвам
擅	せん	ほしいまま	Self-indulgent	своеволен | самонадеян
擇	たく	えら.ぶ	Select | Choose | Pick Out	избирам
擉	さく たく しょく ぞく	さ.す	To Pierce | To Break Through	пронизвам | пробивам
擊	げき	う.つ	Strike | Hit | Beat | Attack | Fight	удрям | нападам | бия се
擋	とう	さ.ける	Obstruct | Impede | Stop | Resist	преча | спирам | съпротивлявам се
擎	けい ぎょう	ささ.げる	Lift Up | Hold Up | Support	вдигам | поддържам
擐	かん けん せん	つらぬ.く	To Put On	обличам
擒	きん	とら.える とりこ	Capture | A Captive	залавям | пленник
擔	たん	かつ.ぐ にな.う	Carry | Bear | Undertake	нося | поемам (отговорност)
擗	へき ひゃく はく	むねをう.つ	To Beat The Breast	удрям се в гърдите
擘	はく ひゃく へき	さ.く	Tear Up	разкъсвам
據	きょ こ	よ.る	To Occupy | Take Possession Of | A Base	заемам | овладявам | база
擠	せい さい	お.す	Push Aside	избутвам настрани
擡	たい	もた.げる	Lift | Raise	вдигам
擢	てき たく	ぬ.く ぬき.んでる	Excel In | Surpass | Pull Out | Select	превъзхождам | издигам | избирам
擣	とう	う.つ つ.く	Pound	чукам
擤	こう きょう	か.む	To Blow The Nose With Fingers	изсеквам се с пръсти
擥	らん	と.る	Drive Away | Expel | Oust	прогонвам | изгонвам
擧	きょ	あ.げる あ.がる こぞ.る	Raise | Plan | Project | Behavior | Actions	вдигам | планирам | поведение
擩	じゅ にゅ ずい に	ひた.す	To Stain | To Dye	изцапвам | боядисвам
擪	よう ちょう じょう にょう おう えん	おさ.える も.つ	To Tuck In | To Put The Finger Into | To Put In | To Stow Away	завирам | пъхам | прибирам
擭	きょ わく	あ.げる あ.がる	Trap Catch Animals | Snare | Seize	капан за животни | примка | залавям
擯	ひん	しりぞ.ける	Push (people) Back | Reject	отблъсквам | отхвърлям
擰	どう にょう	みだ.れる	Pinch | Twist | Wring | Determined	щипя | извивам | изстисквам | решителен
擱	かく	お.く	Lay Down | Put Down	оставям | слагам долу
擲	てき ちゃく じゃく	なぐ.る なげう.つ	Hit | Resign	удрям | хвърлям (напускам)
擴	かく こう	ひろ.がる ひろ.げる ひろ.める	Broaden | Extend | Expand | Enlarge	разширявам | увеличавам
擶	せん	ただす	Straighten (an Arrow)	изправям (стрела)
擷	けつ	つまばさ.む はさ.む	Pick Up | Gather Up | Hold In Lap	вдигам | събирам | държа в скута
擺	はい	ひら.く	Push Open	отварям с бутане
擻	そう す	あ.げる す.てる	Shake | Tremble | Quake | Flutter	разтърсвам | треперя | потрепервам
擽	りゃく らく れき ふき	くすぐ.る う.つ	Tickle | Funny	гъделичкам | смешен
擾	じょう	みだ.れる みだ.す わずら.わしい	Disturb | Throw Into Confusion	размътвам | разбунвам
擿	てき じゃく ちゃく	か.く	To Select | To Pick Out From | To Discard | To Expose | To Reveal	избирам | изхвърлям | разкривам
攀	はん	よ.じる	Climb | Scale	катеря се
攄	ちょ	の.べる	Spread | Disperse | Vent | Set Forth	разпръсквам | изразявам (чувства)
攅	さん	あつ.まる	Gather | Come Together	събирам се
攉	かく		To Beckon | To Urge	подканям | подтиквам
攏	ろう る	と.る	Collect | Bring Together	събирам
攔	らん	さえぎ.る	Obstruct | Impede | Bar | Hinder	преграждам | преча
攖	えい よう	せむ.る	Oppose | Offend | Run Counter To	противопоставям се | засягам
攘	じょう	ぬす.む はら.う	Chase Away | Steal	прогонвам | крада
攙	せん しん さん	さ.す	Give Helping Hand	подавам помощна ръка
攛	さん	なげう.つ	Hurry | To Throw | To Urge	бързам | хвърлям | подтиквам
攜	けい	たずさ.える たずさ.わる	Carry (in Hand) | Armed With | Bring Along	нося (в ръка) | водя със себе си
攝	せつ しょう	おさ.める かね.る と.る	Surrogate | Act In Addition To	заместник | изпълнявам допълнително
攞	ら	えら.ぶ さ.く	To Split | To Rend | To Choose | To Rub | To Wipe	разцепвам | избирам | търкам | бърша
攢	さん	あつ.まる	Save | Hoard	спестявам | трупам
攣	れん	つ.る ひ.く	Crooked | Bent	извит | гърч
攤	たん	ひら.く	Open | Broaden | Apportion	отварям | разширявам | разпределям
攩	とう こう おう	たも とも たた.く	Obstruct | Impede | Stop | Resist	преча | спирам
攪	かく こう	みだ.す	Disturb | Throw Into Confusion	размътвам | разбърквам
攫	かく	さら.う つか.む	Abduct	отвличам
攬	らん	と.る	Hold (in Hand)	държа в ръка
攮	どう ぬ	お.す	To Fend Off | To Stab	отбивам | пробождам
攲	き	かたむ.く そばだ.てる そばだ.つ	Up | Uneven	накланям се | неравен
攴	ほく		Strike | Hit | Folding Chair Radical (no. 66)	удрям (радикал "удар")
攵	ほく		Strike | Hit | Folding Chair Radical Variant (no. 66)	удрям (радикал "удар", вариант)
收	しゅう	おさ.める おさ.まる	Income	приход
攷	こう	かんが.える	Examine | Test | Investigate	изследвам | проверявам
攸	ゆう	ところ	Relaxed | At Ease | Place	спокоен | място
敃	びん みん ふん	つと.める	Strong | Robust | Vigorous	силен | як | енергичен
敄			To Put Forth Effort	полагам усилие
效	こう	き.く ききめ なら.う	Result | Effect | Effectiveness	резултат | ефект | ефективност
敉	み ひ	な.でる	Pacify | Soothe | Stabilize	успокоявам | стабилизирам
敍	じょ	つい.ず ついで	Express | State | Relate | Narrate	изразявам | разказвам
敔	ぎょ ご	さしと.める	Gavel	чукче (на съдия)
敕	ちょく	いまし.める みことのり	An Imperial Order Or Decree	императорска заповед
敖	ごう	あそ.ぶ おご.る	Play | Be Proud	играя | горделив
敘	じょ	つい.ず ついで	Express | State | Relate | Narrate	изразявам | разказвам
敝	へい	やぶ.れる	Be Worn-out | Be Dilapidated | Be Defeated	износен | порутен | победен
敞	しょう	たか.い ほが.らか ひろ.い	High And Flat | Broad | Spacious	висок и равен | широк | просторен
敠	たつ たち せつ せち	はか.る	To Weigh | Cut | Come Without Being Invited	претеглям | режа | идвам без покана
敧	き	はさ.む	To Pick Up A Thing With Chop-sticks Or Pincers	вземам с пръчици или клещи
敫	せく きょう けき きゃく やく	うつ.る	Ancient Musical Instrument	древен музикален инструмент
敲	こう	たた.く	Strike | Beat | Hit	удрям | чукам
數	すう す さく そく しゅ	かず かぞ.える しばしば せ.める わずらわ.しい	Number | Strength | Fate | Law | Figures	число | брой | съдба | закономерност
敺	く	か.ける か.る	Expel | Drive Away | Beat | Assault	прогонвам | гоня | бия | нападам
敽	きょう	つな.ぐ	Bind	връзвам
斁	えき せく と ず	いや.になる	Dislike | Be Weary Of | Explain	не харесвам | отегчен съм от | обяснявам
斂	れん	おさ.める	Tighten | Stiffen	стягам | втвърдявам
斃	へい	たお.れる たお.す	Kill | Die Violent Death	убивам | умирам от насилствена смърт
斅	がく	まな.ぶ	Teach | Instruct | Be Aroused | Awake | Intelligent	уча | наставлявам | събуждам се | умен
斈	がく	まな.ぶ	Learning | Knowledge | School	учение | знание | училище
斌	ひん ふん	うるわ.しい あき.らか	Beautiful | Harmony Of Appearance	красив | хармоничен на вид
斒	はん へん	まだら	Variegated | Striped | Marbled	шарен | на ивици | на жилки
斕	らん れん	あや	Multicolored	многоцветен
斛	こく	と	Measure | Ten To | Unit Of Volume, About 180 Liters	мярка за обем (около 180 литра)
斝	か け	うつわ	Small Jade Wine Cup	малка нефритена чаша за вино
斟	しん	く.む	Dip Water | Estimate	загребвам вода | преценявам
斠	かく こう きょう	はか.る	Measure	измервам
斡	あつ かん わつ	めぐ.る めぐ.らす	Go Around | Rule | Administer	обикалям | управлявам | администрирам
斧	ふ	おの	Ax | Hatchet	брадва | брадвичка
斫	しゃく	き.る	Cut With A Sword	режа с меч
斮	さく しゃく	き.る	Cut Off	отрязвам
斯	し	か こう か.く この これ ここに	This | Thus | Such | Verbal Pause	това | така | такъв
斲	きゅう たく	き.る	Cut | Chop | Hack	режа | сека
斴	りん		The Sound Of Water Flowing Among Rocks	звук на вода, течаща между скали
斵			To Cut To Pieces | To Hack | To Chop Or Hew | To Carve For Ornaments	нарязвам на парчета | сека | дялам за украса
斷	だん	た.つ ことわ.る さだ.める	Sever | Cut Off | Interrupt	прерязвам | прекъсвам
斸			Cut	режа
斿	よう よ りゅう る ゆう	はたあし	To Swim | To Move Freely | To Rove	плувам | движа се свободно | скитам
旁	ぼう ほう	つくり かたがた かたわら	Rhs Of Character | At Same Time	дясна част на йероглиф | същевременно
旂	き げ	はた	Flag	знаме
旃	せん	はた	Woollen Cloth	вълнен плат
旄	ぼう もう		Tassel On A Flag | Long Haired Cow | Old Man	пискюл на знаме | дългокосместа крава | старец
旆	はい	はた	Flag	знаме
旈	りゅう	はたあし	Fringes Of Pearls On Crowns | Pennant	висулки от бисери на корона | флагче
旉	ふ	し.く	To State To | To Announce	заявявам | оповестявам
旌	せい しょう	あら.わす はた	Flag | Praise	знаме | хваля
旎	じ に だ	たなび.く	Fluttering Of Flag | Romantic	развяване на знаме | романтичен
旐	ちょう じょう		An Embroidered Pennant	бродирано флагче
旒	りゅう	はたあし	Counter For Flags	брояч за знамена
旖	い	なび.く	Romantic | Tender | Charming	романтичен | нежен | чаровен
旘	し	のぼり	Pennon | Flag | To Fasten	флагче | закрепвам
旙	へん はん	はた	A Pennant | A Banner	флагче | знаме
旟	よ	はた あ.がる	Military Flag | Standard	военно знаме | флаг
无	ぶ む	なし ない	Nothing | Not Exist | Crooked Heaven Radical (no.71)	нищо | не съществувам (радикал "не")
旡	き け	む なし	Sob | Choke | Crooked Heaven Radical Variant (no.71)	хълцам | задавям се (вариант на радикала)
旰	かん	く.れる	Sunset | Dusk | Evening	залез | здрач | вечер
旱	かん	ひでり	Drought | Dry Weather	суша | засушаване
旴	く	あさ	Dawn	зора
旹	じ	とき	Time | Season | Era | Age | Period	време | сезон | епоха | период
旻	びん みん	あきぞら	The Autumn Sky	есенно небе
旼			Gentle And Affable	кротък и приветлив
昀	いん		Sunlight | Used In Personal Name	слънчева светлина (в лични имена)
昃	しょく そく	かたむ.く	Decline | Go Down | Sunset	залязвам | клоня към залез
昄	はん へん	おお.きい	Big	голям
昉	ほう	あき.らか	Bright Dawn | Daybreak | Appear	ясна зора | разсъмване | появявам се
昊	こう	そら	Sky | Big	небе | голям
昏	こん	くら.い くれ	Dark | Evening | Dusk	тъмен | вечер | здрач
昑	きん	あき.らか	Bright	светъл
昕	きん こん き	あさ	Dawn | Early Morning | Day	зора | ранна сутрин | ден
昜	よう		Open | Sun	открит | слънце
昝	さん		Dual Pronoun | I | You And Me | We Two	местоимение за "ние двамата"
昞	へい ひょう ほう	あき.らか	Bright | Luminous | Glorious | Clear	светъл | лъчезарен | славен | ясен
昡	けん		Long Day | Extended | Relaxed	дълъг ден | продължителен | спокоен
昤	れい りょう		Sunshine	слънчева светлина
昪	へん	たの.しむ あき.らか	Delighted | Pleased	радостен | доволен
昫	く きょう	あたた.か	Warm	топъл
昬	こん	くら.い く.れる	Dusk | Dark Confused | Stupid	здрач | объркан | глупав
昰	ぜ し	これ	Var Of "to Be" | "summer" | Name	вариант на "съм" | "лято" (лично име)
昱	いく	あき.らか	Bright Light | Sunlight | Dazzling	ярка светлина | слънчева светлина | заслепяващ
昳	てつ でち いつ	かたむ.く	The Declining Sun In The West	залязващото на запад слънце
昵	じつ しょく	ちかづ.く	Reconcile | Become Intimate	сдобрявам се | сближавам се
昶	ちょう		Long Day | Clear	дълъг ден | ясен
昷	おん	めぐ.む	To Feed A Prisoner	храня затворник
昺			Bright | Glorious | Brilliant	светъл | славен | блестящ
昿	こう	あきらか むな.しい	Extensive | Wide | Broad | Empty	обширен | широк | празен
晁	ちょう	あさ	Proper Name	лично име
晄	こう	あきらか	Clear	ясен
晅	けん かん	あき.らか	Light Of The Sun | To Dry In The Sun	слънчева светлина | суша на слънце
晉	しん	すす.む	Advance	напредвам
晌	しょう	まひる	Noon | Midday | Moment | Land Measure	обед | пладне | момент | поземлена мярка
晒	さい し	さら.す さらし	Bleach | Refine | Expose | Air	избелвам | пречиствам | излагам (на слънце) | проветрявам
晗	かん ごん		Pre-dawn	преди зазоряване
晚	ばん	くれ おそい	Night | Evening | Late	нощ | вечер | късен
晛	けん でん ねん	ひがあらわ.れる ひざ	Sunlight	слънчева светлина
晜	こん	あに	Insect	насекомо
晝	ちゅう	ひる	Daytime | Daylight	ден (светла част на денонощието) | дневна светлина
晞	き	かわ.く	Dry Out | Expose To The Sun	изсъхвам | излагам на слънце
晡	ほ ふ	ゆうがた	Late Afternoon	късен следобед
晢	せい せつ	あきらか	Light Of Stars | Shine	светлина на звезди | блясък
晤	ご	あきらか	Clear	ясен
晥			Anhui Province	провинция Анхуей
晦	かい	つごもり くら.い みそか くら.む	Dark | Disappear	тъмен | последен ден от лунния месец
晧	こう		Bright | Pure	светъл | чист
晬	さい すい	ひとまわり	First Birthday Of A Child	първи рожден ден на дете
晰	しゃく せき	あきらか	Clear	ясен
晳	せき しゃく	あき.らか	Fair | White | Clear | Discriminate	светъл (цвят на кожа) | бял | ясен | разграничавам
晷	き	かげ	Shadows Of Sun | Time | Sundial	слънчева сянка | време | слънчев часовник
晾	りょう	さらす	Air Dry | Sun Dry	суша на въздух | суша на слънце
暃	ひ		Be Separated	отделен съм
暄	けん	あたたか.い	Warm Weather	топло време
暈	うん	ぼか.す ぼか.る かさ くま ぼかし めまい	Halo | Corona | Fade	ореол | избледнявам | световъртеж
暋	びん こん	つと.める	Strong | Robust | Tough	силен | як | издръжлив
暌	けい け	く.れる	In Opposition | Distant From | Separated	противоположен | отдалечен | разделен
暍	えつ おち あつ あち	あつさあたり	Sun-stroke	слънчев удар
暎	えい よう	うつ.す うつ.る は.える	Sun Beginning Decline | Reflect	залязващо слънце | отразявам
暐	い	ひざし	The Bright Shining Of The Sun	ярко сияние на слънцето
暘	よう		Sunrise	изгрев
暝	めい みょう	くら.い	Dark	тъмен
暠	こう		Daybreak | Bright And Brilliant	зазоряване | светъл и блестящ
暱	じつ にち	ちかづ.く	Intimate | Close | Approach	интимен | близък | приближавам се
暵	かん	かわ.かす	Dry By Exposing Sun	изсушавам на слънце
暸	りょう	あきらか	Clear	ясен
暹	せん		Sunrise	изгрев
暻	けい きょう	あき.らか	Bright	светъл
暼	へつ へち		Setting Sun	залязващо слънце
暾	とん	あさひ	Sunrise | Sun's Rays	изгрев | слънчеви лъчи
曀	えい い	くも.る	Stormy | Cloudy | Misty | Dim	бурен | облачен | мъглив | тъмен
曁	き	およ.ぶ	And | Along With | Reach | Extend To	и | заедно с | достигам до
曄	よう	かが.やく	Shine | Flourishing	сияя | процъфтявам
曆	れき	こよみ	Calendar | Era	календар | епоха
曈	とう つ	ほのぐら.い	Twilight Just Before Sunrise	здрач преди изгрев
曉	きょう ぎょう	あかつき さと.る	Dawn | Daybreak | Clear | Explicit	зора | разсъмване | ясен | изричен
曏	きょう こう しょう	さきに	Once Upon Time | Period Of Time	някога | период от време
曚	もう ぼう	くら.い	Darkness	тъмнина
曛	くん	たそがれ	Twilight | Sunset	здрач | залез
曝	ばく ほく ぼく	さら.す	Bleach | Refine | Expose | Air	избелвам | пречиствам | излагам на слънце
曠	こう	あきらか むな.しい	Wide | Worthless	широк | безполезен
曦	ぎ き		The Sun	слънцето
曨	ろう る	おぼろ	Vague | Dim | Twilight	смътен | тъмен | здрач
曩	のう どう	さき.に	Before | Preceding | Earlier | Former | Past | Previously	преди | предишен | отпреди
曬	さい し	さら さらし さら.す	Dry In Sun | Expose To Sun	суша на слънце | излагам на слънце
曰	えつ	いわ.く のたま.う のたま.わく ここに	Say | Reason | Pretext | History | Past | Flat Sun Radical (no. 73)	казвам | причина | претекст (радикал "казвам")
曳	えい	ひ.く	Pull | Tug | Jerk | Admit | Install | Quote | Refer To	дърпам | тегля | влача
曵	えい	ひ.く	Trail | Tow | Drag | Pull	влача | тегля | дърпам
曷	かつ	なんぞ いつ いずくんぞ なに	Why | How | When	защо | как | кога
曾	そう そ ぞう	かつ.て か.って すなわち	Once | Before | Formerly | Ever | Never | Ex-	някога | преди | бивш
朁			If | Supposing | Nevertheless	ако | да предположим | все пак
會	かい え	あ.う あ.わせる あつ.まる	Meet | Party | Association | Interview | Join	срещам се | събрание | сдружение | присъединявам се
朅	けつ けち こち	さる	Brave	храбър
朏	ひ はい		New Moon | Crescent Moon	новолуние | полумесец
朓	ちょう		Sacrifice	жертвоприношение
朖	ろう	ほが.らか あき.らか	Clear | Bright | Distinct	ясен | светъл | отчетлив
朙	めい みょう みん	あ.かり あか.るい あか.るむ あか.らむ あき.らか あ.ける あ.くる あ.かす	Bright | Clear | Intelligent | Light | Brilliant | To Understand | To Illustrate	светъл | ясен | умен | разбирам
朞	き ご		One Period	един период (от време)
朠	えい よう		Color Of The Moon	цветът на луната
朢	ぼう もう	もちづき	Look At | Gaze At | Hope | Expect	гледам | надявам се | очаквам
朦	もう ぼう	おぼろ	Dim | Obscure	смътен | неясен
朧	ろう	おぼろ	Haziness | Dreaminess | Gloom	мъгливост | унесеност | здрач
朮	じゅつ しゅつ ちゅつ	もちあわ おけら	A Type Of Millet | A Type Of Herb	вид просо | лечебна билка
朳	はつ はち	えぶり	Tree	дърво
朶	だ た	えだ	Branch	клон
朷	とう		Type Of Tree	вид дърво
朸	りょく	おおご おうご	Carrying Pole	носилен прът
朾	とう じょう てい ちょう	つ.く	To Bump	удрям се в
朿	し	とげ	Thorn	трън
杁		いり	Sluice | Spout | Floodgate | Penstock | (kokuji)	шлюз | водосток | шлюзова врата
杅	う	ゆのみ	Tub	вана | съд
杆	かん	てこ	Shield | Pole	прът | лост
杇	お う こ	こて ぬ.る	Loquat	мушмула (японска)
杈	さ しゃ さい	えだ	Fork Of A Tree | Pitchfork	разклонение на дърво | вила
杌	ごつ ごち ぐつ ぐち	きりかぶ	Stubble | Stump Of A Tree (hence: Sterility) | Square Stool	пън | четвъртито столче
杓	しゃく ちょう てき ひょう	ひしゃく	Ladle | Scoop	черпак | лъжица за загребване
杕	てい だい た		Alone	сам
杙	よく	くい	Stake | Post | Picket | Piling	кол | стълб
杝	ち し い	まがき	Tree	дърво
杠	こう	ちぎり てこ	Lever | Pole | Crowbar | Carry On The Shoulder	лост | прът | лом
杢		もく	Woodworker | (kokuji)	дърводелец
杣		そま	Timber | Lumber | Woodcutter | (kokuji)	дървен материал | дървосекач
杤		とち	Type Of Oak | Stable | (kokuji)	вид дъб
杪	びょう しょう	こずえ	Twig | Treetop	клонче | връх на дърво
杮	はい	こけら	Wood Shavings	дървени стърготини
杰	けつ げち	すぐ.れる	Hero | Heroic | Outstanding	герой | героичен | изключителен
杲	こう	あきらか たか.い	Clear | High	ясен | висок
杳	よう	くら.い はるか	Darkness | Dimly	тъмнина | смътно
杴	けん こん	すき	Shovel | Trough Used To Carry Water	лопата | корито за пренасяне на вода
杶	ちゅん		Varnish	лак
杷	は	つか	Kind Of Rake | Loquat	гребло | мушмула
杻	ちゅう ちゅ しゅう にゅ	てかせ	Ligustrum Sinenese | Tree	вид дърво (лигуструм)
杼	ちょ しょ	ひ どんぐり	Shuttle	совалка
极	きょう ごう	にぐら	Extreme | Utmost | Furthest | Final	краен | последен | най-далечен
构	こう	かま.える かま.う	Frame | Building | Structure	рамка | сграда | конструкция
枅	けい	ひじき	Rafter | Place Name	дървена греда | топоним
枇	び ひ		Loquat | Spoon	мушмула | лъжица
枉	おう	ま.げる ま.がる ま.げて	Bend | Curve | Crooked | Perverse | Lean | Forcibly | Against One's Will	огъвам | крив | извратен | насила
枋	ほう へい	ほ	Raft | Boat	сал | лодка
枌	しょう ふん	まつ そぎ	Pine Tree	бор
枏	なん だん ぜん ねん	くす くすのき	Variety Of Evergreen Tree | Cedar	вечнозелено дърво | кедър
枒			The Coconut Tree | Rim	кокосова палма | ръб
枓	しゅ とう つ	ひしゃく	Capital	капител (архитектурен)
枘	ぜい ねい どん のん	せん ほぞ	The Handle Of Tools | Tenon | Cog	дръжка на инструмент | чеп | зъбец
枡		ます	Measuring Box | (kokuji)	мерителна кутия
枦	ろ	はぜ	Wax Tree | Sumac	восъчно дърво | сумак
枩	しょう	まつ	Pine Tree | Fir Tree	бор | ела
枰	へい びょう	すごろくばん	Smooth Board | Chess-board | Chess	гладка дъска | шахматна дъска | шах
枲	し	からむし	Male Nettle-hemp	мъжка коприва-коноп
枳	き し	からたち	Trifoliate Orange Tree | Thorny Tree Used For Hedges	трилистен портокал | трънест жив плет
枴	かい	つえ	Cane | Walking Stick	бастун
枵	きょう	うつろ	Hollow Stump Of A Tree | Empty | Thin	кух пън | празен | тънък
枷	か	かせ からざお	Shackles | Irons | Handcuffs | Bonds	окови | белезници | вериги
枸	く こう		Quince Tree	дюля
枹	ふ ほう	ほ ばち もみじ ならのき	Gong Stick | Drum Stick | Type Of Tree	палка за гонг | палка за барабан
枻	えい せつ せち	かい	Long Oar | Sweep	дълго весло
枼	よう	うすいきふだ まど	Table | Flat Pieces Of Wood | Slip | Leaf	маса | плоски парчета дърво | лист
柁	だ た	かじ	Rudder | Helm | Wheel	кормило (на кораб) | щурвал
柂	い り た	かじ	Helm	кормило
柅	じ に		Flourish	процъфтявам
柆	ろう		Bent Tree | Broken Tree	изкривено дърво | счупено дърво
柈	はん	はち	Container	съд
柎	ふ	うてな	Raft | Calyx	сал | чашка на цвете
柑	こん かん		Citrus | Orange	цитрус | портокал
柒	しつ しち	うるし	Number Seven	седем (официален запис на числото)
柘	しゃ じゃく	そ つげ やまぐわ	Wild Mulberry	дива черница
柙	こう おう よう	おり	Cage | Pen For Wild Animals	клетка | кошара за диви животни
柜	きょ こ く	あまだれ	Cabinet | Cupboard | Shop Counter	шкаф | гардероб | тезгях
柝	たく	ひょうしぎ	Sounding Sticks	дървени палки (звучащи)
柞	さく	ははそ	Type Of Oak	вид дъб
柢	てい	ね	Root | Founded On	корен | основан на
柤	さ	そ	Railing	перила
柧	こ か	く	Corner | Spire | Goblet | Winecup	ъгъл | кула | бокал | чаша за вино
柩	きゅう ぐ	ひちぎ ひつぎ	Bier | Coffin	ковчег
柬	かん けん	えら.ぶ	Select | Pick Out	избирам
柮	とつ		To Cut | A Stump	режа | пън
柯	か	え ふる	Handle	дръжка
柰	な ない だい	いかん からなし	Crab-apple Tree | Endure | Bear	диво ябълково дърво | издържам | търпя
柲	ひ ひつ びち	にぎり ふる	Handle	дръжка
柶	し	さじ	Ladle	черпак
柷	しゅく		Instrument	(музикален) инструмент
柹	し	かき こけら	Persimmon	райска ябълка (каки)
栂		つが とが	Hemlock | (kokuji)	тсуга (иглолистно дърво)
栔	けい けつ けち	きざ.む	Carve | Engrave	дълбая | гравирам
栖	せい	す.む	Nest | Rookery | Hive | Cobweb | Den	гнездо | колония | кошер | бърлога
栘			Fruit Tree	плодно дърво
栝	てん かつ かち	たきぎ	Builder's Frame For Measuring	строителна рамка за измерване
栟	へい ひゅう ひん		Hemp Palm	конопена палма
栢	はく ひゃく	かしわ	Oak	дъб
栩	く	くぬぎ	Type Of Oak	вид дъб
栫	せん そん		Weir	бент
栭	じ に	ますがた	King-post	централна колона (в покрив)
栰	はつ ぼち	いかだ	Bamboo Raft	бамбуков сал
栱	きょう く	くい	Large Peg | Stake | Post | Pillar	голям кол | стълб | колона
栲	こう	かえ たえ	Sumac | Cloth Woven From Tree Fibres	сумак | тъкан от дървесни влакна
栳	こう ろう		Basket	кошница
栴	せい せん	もみじ	Maple Tree | Colorful Autumn Foliage	клен | шарена есенна шума
栻	ちょく ちき しょく しき		Tree	дърво
栾			Name Of Tree | A Part Of Cornice	вид дърво | част от корниз
桀	けつ	ます はりつけ	Measuring Box	мерителна кутия
桄	こう	よこぎ	Coir-palm	кокосова палма (влакнеста)
桅	がい き	くちなし	Mast Of Ship	мачта на кораб
框	きょう	かまち	Framework	рамка
桌	たく		Table | Desk | Stand	маса | бюро | стойка
桍	こ		Type Of Tree | Empty	вид дърво | празен
桎	しつ	あしかせ	Fetters	окови
桓	かん		Marking Post	ограничителен стълб
桔	きつ けつ		Used In Plant Names	използва се в имена на растения
桕	きゅう	ぶな	Tallow Tree	лоено дърво
桙	う	ほこ	Halberd	алебарда
桛	かせ	かせ	Reel | Hank | Skein | (kokuji)	макара | кълбо прежда
档	とう		Bookshelf | Archives	библиотечен рафт | архив
桫	さ	へご	Horse Chestnut	конски кестен
桮	はい	さかずき	Cup | Glass | Tumbler	чаша
桯	てい ちょう けい ぎょう	つくえ	Table	маса
桴	ふ	ばち いかだ	Drumstick | Raft	палка за барабан | сал
桷	かく	たるき	Rafter	дървена греда (на покрив)
桹	ろう		Palm	палма
桾	くん		Type Of Fruit Tree	вид плодно дърво
桿	かん	てこ	Shield | Pole	прът | лост
梃	ちょう てい	てこ つえ	Lever	лост
梄	よう ゆ	や.く	Soft Wood | To Lay In Stores Of Firewood	мек дървен материал | трупам дърва за огрев
梆	ほう		Watchman's Rattle	дървена дрънкалка на пазач
梍	ゆう		Sickle Handle | Type Of Tree	дръжка на сърп | вид дърво
梏	こく かく	てかせ	Manacles	окови (за ръце)
梐			Fence	ограда
梔	し	くちなし	Gardenia	гардения
梖	はい ばい		Palm-tree	палма
梘	けん かん	せん	Bamboo Tube | Wooden Peg | Spout	бамбукова тръба | дървено колче | чучур
梛	だ な	なぎ	Type Of Tall Evergreen Tree	вид високо вечнозелено дърво
梜	きょう こう	そえいた	Chop-stick	клечка за хранене
條	じょう ちょう でき	えだ すじ	Article | Ray Of Light	член (в закон) | лъч светлина
梟	きょう	ふくろう	Owl | Expose	бухал | излагам на показ
梠	ろ りょ	ひさし	A Kind Of Quince	вид дюля
梡	かん こん	まないた たきぎ	Tray For Carrying Sacrificial Meat	поднос за жертвено месо
梦	む ぼう	ゆめ ゆめ.みる くら.い	Dream | Visionary | Wishful	сън | мечтателен
梩	り し	すき	Hod	носилка за тухли/разтвор
梭	さ	ひ	Shuttle	совалка
梮	きく こく きょく	ぜん かんじき	Snowshoes	снегоходки
梱	こん	こう.る こうり こり しきみ	Pack | Tie Up | Bale	опаковам | връзвам | бала
梲	せつ せち たつ たち	つか	Joist | Cane | Club | King-post	греда | бастун | тояга
梳	そ	と.く と.かす す.く けず.る くしけず.る	Comb (hair)	реша (коса)
梴			Long	дълъг
梵	ぼん ふう		Sanskrit | Purity | Buddhist	санскрит | чистота | будистки
梹	ひん		Areca Nut | Betel Nut	ареков орех
梺		ふむと ふもと	Base Of A Mountain | (kokuji)	подножие на планина
梻		しきみ	Grave Tree | (kokuji)	гробищно дърво
梼	とう		Block Of Wood | Blockhead | Stupid	дървен блок | тъпак | глупав
棃			A Pear	круша
棅	へい ひょう		Handle | Lever | Knob | Authority	дръжка | лост | авторитет
棆	りん		Camphor Tree	камфорово дърво
棉	めん	わた	Cotton	памук
棊	き	ご	Japanese Chess	японски шах (го)
棍	こん	つえ	A Cane	бастун | тояга
棐	ひ	ゆだめ	Species Of Yew	вид тис
棑	はい ひ	いかだ	Raft	сал
棓	ほう	つえ ふみいた	Hit | Strike	удрям | бия
棔	こん	ねむのき	Silk Tree	албиция (копринено дърво)
棕	しゅ そう		Hemp Palm	конопена палма
棖	とう じょう	はしら	Door Stop | Door Jam | Touch	ограничител на врата | каса на врата | докосвам
棗	そう	なつめ	Jujube	зизифус (китайска фурма)
棘	きょく	いばら とげ	Thorn | Splinter | Spine | Biting Words | Briers	трън | треска | бодил | остри думи
棜	よ お	だい	Branch | Fork | Tray	клон | вилка | поднос
棠	とう	やまなし	Wild Pear Tree | Crabapple Tree	дива круша | дива ябълка
棡	こう		Mast Crossbeam	напречна греда на мачта
棣	てい たい	にわざくら	Flowering Almond	цъфтящ бадем
棥	はん ぼん	まがき	Railing | Fence An Enclosed Place	перила | ограда на затворено място
棧	さん せん	かけはし	Crosspiece	напречна греда
棨	けい けん	てがた	Tally | Wooden Pass	дървен пропуск | знак за самоличност
棪	えん せん		Tree	дърво
棫	よく いき いく	たら くぬぎ	Thorny Shrub With Yellow Flowers	трънест храст с жълти цветове
棬	けん かん		Bowl	купа
棯	ねん		Type Of Fruit Tree	вид плодно дърво
棱	ろう りょう ちょう		Squared Timber | Angle | Edge | Sharp Place	квадратен дървен материал | ъгъл | ръб
棲	せい	す.む	Live | Dwell	живея | обитавам
棵	かん か	きぎれ	Numerary Adjunct For Trees	брояч за дървета
棹	とう たく	さお こ.ぐ	Pole A Boat	отблъсквам лодка с прът
棻	ふん		Kind Of Wood From Which Perfume Is Made	дърво, от което се прави парфюм
棼	ふん	むなぎ	Beams In The Roof Of A House Confused | Disordered	объркани греди в покрив | безредие
椀	わん	はち	Wooden Or Lacquered Bowl	дървена или лакирана купа
椁	かく		Outer Box For A Coffin	външен ковчег
椄	せつ しょう	つ.ぐ	Graft	присаждам
椈	きく		Oak	дъб
椊	そつ さつ すい	ほぞ	To Fit A Handle Into A Socket | Plug | Cork	напасвам дръжка | тапа
椌	こう		Type Of Ancient Musical Instrument | Unadorned Tool	древен музикален инструмент | обикновен инструмент
椏		また	Crotch Of A Tree	разклонение на дърво
椑	へい ばい	たる ふだ	Oval	овален
椒	しょう	はじかみ	Japanese Pepper Tree	японски пиперов дъб (сансьо)
椓	たく	たた.く	Strike | Hit | Beat | Hammer	удрям | бия | чукам
椚		くぬぎ	Oak Used For Charcoal | (kokuji)	дъб за въглища
椛		かば もみじ	Autumn Foliage | Birch | Maple | (kokuji)	есенна шума | бреза | клен
椡		くぬぎ	Type Of Oak | (kokuji)	вид дъб
椢	かい	そこ はこ くぬぎ	Bottom | Box | Type Of Oak Tree	дъно | кутия | вид дъб
椣		しで	Type Of Deciduous Birch Tree | (kokuji)	вид листопадна бреза
椥		なぎ	Type Of Evergreen Tree | (kokuji)	вид вечнозелено дърво
椦	けん	まげもの	Wickerwork	плетена изработка
椨		たぶ たふ	Type Of Evergreen Camphor Tree | (kokuji)	вид вечнозелено камфорово дърво
椪	ぽん		Name Of A Place In India | Poona	Пуна (място в Индия)
椳	わい がい		The Pivots | At The Top And Bottom Of A Chinese Door | On Which The Door Turns	шарнирите на китайска врата
椴	たん だん とど	むくげ	Fir	ела
椵	か け	くい	Pompelmoose | Canque	помело | окови за врата (кангу)
椶	しゅ そう		Hemp Palm	конопена палма
椸	い	ころもかけ	Rack	закачалка
椹	じん ちん しん	さわら あてぎ くわのみ	Type Of Cypress	вид кипарис
椽	てん	えん たるき	Rafter | Porch	покривна греда | веранда
楂	さ じゃ	いかだ	Raft | To Hew | To Fell Trees	сал | дялам | отсичам дървета
楅	ひゅく ひき ふく ひょく		Guard	предпазител
楎	こん き くん	から すき	Peg	колче
楔	けつ せつ	くさび ほうだて	Wedge | Arrowhead	клин | връх на стрела
楗	けん ごん	かんぬき	Bar Of Door | Bolt Of Lock	резе на врата | райбер на ключалка
楙	ぼう	しげる	Name Of Plant | Lush	име на растение | буен (растеж)
楚	そ しょ	いばら しもと すわえ	Whip | Cane	камшик | пръчка
楛	こ		Coarse | Crude | Plant	груб | недодялан | растение
楜	こ		Pepper	пипер
楝	れん	おおち おうち	Japanese Bead Tree	японско мъниста дърво (мелия)
楞	りょう ろう	かど	Corner | Protrusion	ъгъл | издатина
楡	ゆ	にれ	Elm	бряст
楣	び み	ひさし	Cross-beam Above Or Under A Gate	горна греда на порта
楥	けん かん えん	かた	Last For Making Shoes | To Turn On A Lathe	обущарско копито | обработвам на струг
楦	けん		Last For Making Shoes | To Turn On A Lathe	обущарско копито | обработвам на струг
楨	てい ちょう	ねずみもち	Hardwood | Supports | Posts	твърда дървесина | подпори | колове
楩	へん		Tree	дърво
楪	ちゃ		Lacquered Dish	лакиран съд
楫	しゅう しょう	かじ かい	Sculling Oar	кормилно весло
楬	けつ げち	たてふだ	Tablet | Signpost	табелка | пътен знак
楮	ちょ	こうぞ	Paper Mulberry	хартиена черница
楯	じゅん	たて	Shield | Buckler | Pretext	щит | претекст
楰	ゆ ぎょ ご	ねずみもち	Tree	дърво
楳	ばい	うめ	Plum	японска слива
楴	てい		Ornamental Hairpin	декоративна фиба за коса
楸	しゅう	きささげ ひさぎ	Japanese Catalpa	японска каталпа
楹	えい	はしら	Pillar	колона
楾		はんぞう	Container For Pouring Water | (kokuji)	съд за наливане на вода
榁		むろ	Needle Juniper | (kokuji)	хвойна
榑	ふ	くれ	Unbarked Lumber	необелен дървен материал
榔	ろう		Betel Palm Tree	арекова палма
榕	よう	あこう	Evergreen Mulberry	вечнозелена черница (баниан)
榖	こく こう く	こうぞ	Paper Mulberry	хартиена черница
榘	く	じょうぎ	Carpenter's Square | Ruler | Rule	дърводелски ъгъл | линийка | правило
榜	ぼう ほう	かじ たてふだ ふだ	Rudder | Oar | Name Plate	кормило | весло | табела с име
榠	べい		Type Of Tree	вид дърво
榥	こう おう	つくえ	Screen	параван
榦	かん	みき	Tree Trunk | Support | Prop	дънер | опора | подпора
榧	ひ	かや	Japanese Nutmeg | Plum-yew	японски мускатов орех | тис
榨	さ しゃ さい さく	しぼりき	Extractor Of Juices | Vegetable	преса за сок | зеленчук
榫	しゅん	ほぞ	Mortise And Tenon | Fit Into	зъбец и жлеб | напасвам
榭	しゃ	だい	Kiosk | Pavilion	павилион | беседка
榮	えい よう	さか.える は.える え	Flourish | Prosperity | Honour | Glory | Splendour	процъфтявам | просперитет | чест | слава
榱	すい	たるき	Rafter	покривна греда
榲	おつ		Quince	дюля
榴	る りゅう りょう	ざくろ	Pomegranate	нар
榷	かく こう きょう	まるきばし	Footbridge | Toll | Levy | Monopoly	мост | такса | налог | монопол
榻	とう	こしかけ しじ	Chair	стол
榼	こう	さかだ.る さかずき	Wine Glass	чаша за вино
榾	こつ	ほた	Chip (of Wood)	трепка (парче дърво)
榿	がい かい		Alder	елша
槁	こう	か.れる	Die (vegetation)	изсъхвам (за растителност)
槃	はん	たら.い	Tub	леген | вана
槇	てん しん	まき こずえ	Twig | Chinese Black Pine	клонка | японски черен бор
槊	さく	ほこ	Halberd	алебарда | копие
槎	さ	いかだ き.る	Raft | Cut Slantwise	сал | режа наклонено
槐	かい	えんじゅ	Type Of Japanese Pagoda Tree	японско пагодово дърво
槓	こう	てこ	Lever	лост
槝		かし	Oak | Mooring Pole | Used In Proper Names | (kokuji)	дъб | кол за връзване на лодка
槞	ろう		Cage	клетка
槢	しゅう ちょう じょう	くさび	Hard Wood	твърдо дърво
槥	えい え せい	ひつぎ	Coffin	ковчег
槧	ざん せん さん	ふだ	Printed Book	печатна книга
槨	かく		Outer Box For A Coffin	саркофаг | външен ковчег
槩			Generally | Approximately	общо | приблизително
槪	がい かい	とかき おおむね おもむき	Generally | Approximately	общо | приблизително
槫	たん せん		Hearse	катафалка
槭	せき しゅく	かえで	Maple Tree	клен
槱	ゆう ゆ	や.く	Firewood For Sacrifice	дърва за жертвоприношение
槲	こく	かしわ	Oak	дъб
槳	しょう そう	かじ	Oar | Paddle	весло
槹	こう		Well Sweep	журавел за кладенец
槾	ばん まん	こて	Paste Wall With Dirt	измазвам стена с кал
槿	きん	むくげ	Rose Of Sharon	хибискус
樁	とう しょう しゅ	くい	Stake | Post | Affair | Matter	кол | стълб | дело | въпрос
樂	がく らく ごう	たの.しい たの.しむ この.む	Music | Comfort	музика | удоволствие
樅	しょう	もみ	Fir	ела
樊	はん	まがき	Cage | Fence | Pen | Enclosure	клетка | ограда
樌	かん		Grove	горичка
樏	るい る	はち かんじき	Sedan | Snowshoes	носилка | снегоходки
樑	りょう	はり うつばり うちばり やな はし	Bridge | Beam	мост | греда
樒	みつ	しきみ じんこう	Tree Whose Branches Are Placed On Buddhist Graves	японски звезден анасон (за будистки гробове)?
樓	ろう	たかどの	Tower | Turret	кула
樔	そう	す すく.う た.える	Nest | Dip Up | Scoop Up | Come To An End	гнездо | гребвам | приключвам
樕	そく	しば	Shrub	храст
樗	ちょ	おおち おうち	Japanese Bead Tree	чинаберово дърво?
樚	ろく とく	ろくろ はこ	Pulley | Windless | Wheel | Block	скрипец | лебедка
樛	きゅう	つが まと.う	Bend | Droop | Undulate | To Entwine | To Be Clad In	огъвам се | увивам се
樞	すう しゅ	とぼそ からくり	Pivot | Door	ос | панта
樠	ぼん もん ばん まん		Elm | Gum	бряст | смола
樢	と ちょう	つた	Type Of Bird | Vine	вид птица | лоза
樣	よう しょう	さま	Esq. | Way | Manner | Situation | Polite Suffix	начин | положение | учтива наставка
樮		ほくそ	A Type Of Tree | (kokuji)	вид дърво
樲	じ に ち	なつめ	Jujube	джиджифиле
樳			Tall Tree	високо дърво
樵	しょう	きこ.る こ.る きこり	Woodcutting | Lumberjack	дървосекач
樶	さい	ふし	Knot In Wood	чвор в дървото
樸	ぼく はく ほく	こはだ きじ	Bark Of A Tree	кора на дърво
樾	えつ おち	こかげ	The Shade Of Trees	сянка от дървета
樿	せん	つげ	Coffin	ковчег
橄	かん		Olive	маслина
橅	ぼ も	かた ぶな	Beech Tree	бук
橆	ぶ む	しげ.る	Without | Apart From | None | A Negative	без | нищо
橇	きょう ぜい せい	そり かんじき	Sled | Sleigh | Snowshoes	шейна | снегоходки
橈	どう じょう にょう	かい かじ たわ.む たわ.める	Oar | Scull | Paddle	весло
橐	たく しゃ	ふくろ ふいご	Sack | Bag Opening At Both Ends	торба | чувал
橒	うん	もくめ	Wood Streaks	жилки на дървото
橕	とう ちょう	はしら	Prop | Shore	подпора
橙	とう	だいだい	Bitter Orange	горчив портокал
橡	しょう ぞう	とち くぬぎ	Horse Chestnut	конски кестен
橢	だ		Ellipse	елипса
橤	ずい に	た.れる	Stamen	тичинка
橦	しゅ しょう とう		Pole	прът | стълб
橧	そう しょう	すまい	Hut	колиба
橫	おう こう	よこ よこたわる よこたえる	Across | Horizontal | Lateral	хоризонтален | напречен
橱	しゅう ず ちゅ ちゅう	くりや	Cabinet | Wardrobe | Cupboard	шкаф | гардероб
橲	き		Japanese Storax | Used In Proper Names	японски стиракс?
橸		まさ	Straight Grain	права дървесна жилка
檁	りん	けた	Bole Of A Tree | Cross-beam | Combing Round The Hatches Of A Ship	ствол на дърво | греда
檇	すい さい	つ.く	Wooden Rammer | Wooden Pestle | Place	дървен трамбовач | чук
檉	てい ちょう	かわらやなぎ	Type Of Willow | Tamarisk	тамарикс
檍	おく	い	Ilex | Holm Oak | Birdlime Tree	вид дъб (илекс)
檎	きん ごん ご		Apple	ябълка
檐	えん たん	のき ひさし	Eaves	стряха
檔			Shelf | Frame | Crosspiece	рафт | рамка
檗	はく びゃく	きはだ きわだ	Amur Or Chinese Cork Tree	амурски корков дъб
檝	しゅう しょう	かじ かい	Oar	весло
檞	かい げ	まつやに かしわ	Oak	дъб
檟	か け	ひさぎ	Small Evergreen Shrub	малък вечнозелен храст
檠	けい	ゆだめ	Straighten A Bow | Lamp Stand	изправям лък | стойка за лампа
檢	けん	しら.べる	Check | Examine	проверявам
檣	しょう	ほばしら	Mast	мачта
檪	れき やく ろう	くぬぎ	Oak Used For Charcoal	дъб за въглища
檫	さつ	しんばしら	Sassafras Tzumu	сасафрас
檬	もう		Lemon Tree	лимоново дърво
檮	とう		Stump | Foolish | Ignorant	пън | глупав
檯	たい	つくえ	Table	маса
檳	びん ひん		Betel-nut Palm	бетелова палма
檴	かく わく	あきにれ	Tree	дърво
檸	ねい どう		Lemon Tree	лимоново дърво
檻	かん	おり おばしま てすり	Pen | Corral | Cell | Jail	клетка | кафез | парапет
檾	けい きょう	いちび	Grassy Plant With Fibres From Which Cloth Is Made	влакнесто растение (за плат)
檿	えん	やまぐわ	Mulberry	черница
櫁	みつ	しきみ じんこう	Japanese Star Anise	японски звезден анасон
櫂	とう たく	かい かじ	Oar | Scull | Paddle	весло
櫃	き	ひつ	Chest | Coffer | Tub	сандък
櫈	とう	こしか.け	Bench | Stool	пейка | стол без облегалка
櫌	ゆう う	な.らす	Kind Of Hoe	вид мотика
櫑	らい	さかだる	Decorated Wine Cask | Decorated Sword Hilt	украсена бъчва за вино | украсена дръжка на меч
櫓	ろ	やぐら おおだて	Oar | Tower	весло | наблюдателна кула
櫚	ろ りょ		Kind Of Quince	вид дюля
櫜	こう	ふくろ	Quiver (case For Arrows)	колчан
櫝	とく	はこ ひつぎ	Cabinet | Wardrobe | Closet | Chest | Coffer	шкаф | сандък
櫞	えん		Kind Of Lemon Tree	вид лимоново дърво
櫟	れき やく ろう	くぬぎ	Oak For Charcoal	дъб за въглища
櫧	しょ そ	かし	Oak	дъб
櫨	ろ	はぜ	Wax Tree | Sumac	восъчно дърво | сумак
櫪	れき	かいばおけ くぬぎ	Manger | Fodder Trough | Horse Barn	ясли за фураж | обор за коне
櫬	しん かん	ひつぎ	Coffin | Tung Tree	ковчег | тунгово дърво
櫱	げつ げち がつ がち	ひこばえ	Yeast | Leaven For Making Liquors	мая | квас за алкохол
櫳			Cage | Pen | Set Of Bars	клетка | кафез
櫺	れい りょう	れんじ	Latticework	решетка
櫻	おう よう	さくら	Cherry	череша
櫽	いん おん	ためぎ	Shape Wood By Use Of Heat | Tool For Shaping Bent Wood	огъвам дърво с топлина | инструмент за огъване на дърво
欃	さん せん		Sandlewood | Comet	сандалово дърво | комета
欅	きょ	けやき	Keyaki | Zelkova Tree	дзелкова (японски вяз)
權	けん ごん	おもり かり はか.る	Authority | Power | Rights	власт | права
欏	ら	やまなし	Horse-chestnut Tree	конски кестен
欐	れい らい り	むね	Beam	греда
欑	さん	つえ	Gather	събирам
欒	らん	おうち ひじき まどか まるい	Chinaberry Tree | Round | Harmonious	мелия (чинаберово дърво) | кръгъл | хармоничен
欖	らん		Chinese Olive Tree	китайско маслиново дърво
欛	は へ	つか	Knife Handle | Hilt	дръжка на нож
欝	うつ うん	うっ.する ふさ.ぐ しげ.る	Gloom | Depression | Melancholy	мрачност | депресия | меланхолия
欞	れい りょう	れんじ	The Lattice Of A Window A Sill | Lintel	решетка на прозорец | перваз
欟		つき	Keyaki | Zelkova Tree | (kokuji)	дзелкова (японски вяз)
欤	よ	や か	Final Particle Used Express Question	въпросителна частица
欨	く	ふく	To Blow Upon | To Breathe Upon | To Smile	духам | дишам върху | усмихвам се
欬	かい き	せき	Cough | Sound Of Laughter	кашлям | смях
欵	かん		To Treat Well | To Detain | Article | Friendship	отнасям се добре | приятелство | член (в договор)
欷	き	なげく	Cry	плача
欸	あい かい		Exclamation	възклицание
欹	い き	そばだ.てる そばだ.つ	Prick Up (one's Ears)	наострям (уши)
欻	くつ くち		Sudden | Abrupt | Quick	внезапен | рязък
欿	たん とん かん こん	もと.める	Discontented | Sad | Gloomy	недоволен | тъжен | мрачен
歃	そう こう しょう	すす.る	Sip | Slurp | Suck	сърбам | смуча
歆	きん こん	う.ける	Like | Admire | Willingly | Gladly | To Quicken	харесвам | възхищавам се | охотно
歇	けつ かい かつ	や.める	Exhausted | Out Of	изтощен | изчерпан
歉	けん かん	あきたりない	Insufficiency | Lack | Shortage	недостиг | липса
歊	きょう こく かく	のぼ.る	Sigh	въздишам
歎	たん	なげ.く なげ.き	Grief | Lamentation	скръб | въздишка
歐	おう	うた.う は.く	Europe	Европа
歔	きょ	すすりな.く	Cry	ридая
歙	きゅう きょう しょう	す.う	Come Together | Meet | Put Away | Store	събирам се | прибирам
歛	れん		Tighten	стягам
歟	よ	や か	Interrogative Particle	въпросителна частица
歠	せつ せち	の.む	Sip | Drink | Suck	сърбам | пия
歡	かん	よろこ.ぶ	Delight | Joy	радост | наслада
步	ほ ぶ ふ	あるく あゆむ あゆみ	Step | Pace | Walk | Stroll	стъпка | крачка | вървя
歧	き	ゆび わか.れる	Fork In Road | Branching Off	разклонение на път
歷			Take Place | Past | History	история | минало
歸	き	かえ.る かえ.す おく.る とつ.ぐ	Homecoming | Arrive At | Lead To | Result In	завръщане у дома
歹	がつ がち たい		Bare Bone | Bad | Wrong | Death Radical (n. 78)	лош | кост
歺			Vicious | Depraved | Bad	злобен | покварен | лош
歾	ぼつ	し.ぬ	Drown	умирам
歿	ぼつ	しぬ	Die	умирам
殀	よう	わかじに	Dying Young	умирам млад
殁	ぼつ もち	しぬ	Die | Death | Dead	умирам | смърт
殂	そ	し.ぬ	To Die	умирам
殃	おう よう	わざわい	Misfortune | Disaster | Calamity	нещастие | бедствие
殄	てん	た.つ つき.る つく.す	All | Completely	напълно | изцяло
殆	たい さい	ほとほと ほとん.ど あやうい	Almost | Quite | Really	почти
殍	ひょう ふ	うえじに	Dying Of Starvation	умирам от глад
殕	ふ	ね.る	Grow Mouldy	мухлясвам
殗	よう おう えん	や.む	Sickness | Repeated	болест | повтарящ се
殘	ざん	のこ.る のこ.す そこな.う のこ.り	Leftover | Remain | Balance	остатък | оставам
殛	きょく こく	ころ.す	To Put To Death | To Imprison For Life | To Punish	убивам | наказвам
殞	いん うん	おち.る し.ぬ	Fall | Die	падам | умирам
殢	てい たい けい	つか.れる	Be In Great Difficulty | Greatly	в голямо затруднение
殣	きん	うえじ.に	Die | Death | To Starve To Death	умирам от глад
殤	しょう	わかじに	Dying At A Young Age	умирам млад
殨	かい え こつ ごち	ただ.れる	To Open An Ulcer Or Sore	отварям (гнойна) рана
殪	えい	たお.す	Die | Bury	умирам | погребвам
殫	たん	つき.る	Become Exhausted | All	изтощавам се напълно
殭	きょう こう	かた.くなる	Stiff Corpse	вкочанен труп
殮	れん	おさ.める	Dress Corpse For Burial	обличам труп за погребение
殯	ひん	かりもがり	Lying In State | Unburied Coffin	лежащ в почетен караул | непогребан ковчег
殰	とく	やぶ.れる	An Abortion | Stillborn	помятане | мъртвородено
殱	せん	つく.す ほろぼ.す	Massacre	клане
殲	せん	つく.す ほろぼ.す	Massacre	клане
殳	しゅ	また ほこ	Pike | Windy-again Radical (no. 79)	копие
殷	いん あん	さかん	Flourishing	процъфтяващ
殼	かく こく ばい	から	Husk | Nut Shell	черупка
殽	こう ぎょう	ま.じる	Mixed Up | Confused | Cooked	объркан | смесен
毆	おう く	なぐ.る たた.く	Beat | Fight With Fists | Hit | To Strike | Brawl	бия | удрям
毈			Fertile Eggs	оплодени яйца
毋	ぶ む	はは ぼ ない なか.れ	Do Not | Must Not | Be Not | Mother Radical (no. 80)	не (забрана)
毌	かん	つらぬ.く	Pierce | Penetrate | Brace	пронизвам
每	まい ばい	つね	Every | Each	всеки
毓	いく	そだ.つ そだ.てる はぐく.む	Bring Up | Grow Up | Raise | Rear	отглеждам
毖	ひ	つつし.む	Guard Against | Take Care | Caution	предпазвам се | внимавам
毗			Help | Assist | Connect | Adjoin	помагам | свързвам
毘	ひ び	たす.ける	Help | Assist	помагам
毚	さん ぜん	うさぎ	Cunning | Greedy | Crafty	хитър | алчен
毟		むし.る	Pluck | Pick | Tear | (kokuji)	скубя
毡	せん		Felt | Rug | Carpet	филц | килим
毧	じゅう にゅ しゅ		Fur | Hair | Down | Camel Hair	козина | пух | камилска вълна
毫	ごう こう	ごう.も すこし	Fine Hair | Brush | Not At All	тънко косъмче | четка | никак
毮		むし.る	To Pull Out Hair, Etc. | (kokuji)	скубя
毯	たん		Wool Rug	вълнен килим
毳	ぜい せい せつ	けば むくげ	Nap | Down | Fluff	пух
毷	ぼう もう	と.ける	Restless	неспокоен
毿	さん	けがながい	Long Feathers | Scraggy	дълги пера | рошав
氂	り ぼう もう らい		Tail | Hair | Yak	опашка | косъм | як
氄	じょく じゅう にゅ	むくげ	Down	пух
氅	しょう	かざりけ	Overcoat | Down Feathers	палто | пухени пера
氈	せん	もうせん	Woollen Cloth Or Rug	вълнен плат | килим
氉	そう	け	Restless | Melancholy	неспокоен | меланхоличен
氊			Felt | Coarse Fabrics Use For Rugs | Carpets | Wrappers Etc.	филц
氍	く きょ ご	もうせん	Fine Woollen Cloth | Mat Used By The Emperor In Worshipping God	фин вълнен плат
氐	てい たい し ち	ふもと	Name Of An Ancient Tribe	древно китайско племе (Ди)?
氓	ぼう	たみ	People	народ | хора
气	き け	いき	Spirit | Steam Radical (no. 84)	дух | пара
氛	ふん		Air | Atmosphere | Weather	атмосфера | въздух
氟	ふつ		Fluorine (element)	флуор
氣	き け	いき	Spirit | Mind | Air | Atmosphere | Mood	дух | настроение | въздух
氤	いん		Spirited	изпълнен с жизненост
氦	がい		Helium (element)	хелий
氧	よう		Oxygen (element)	кислород
氨	あん		Ammonia | Hydrogen Nitride	амоняк
氬	あ		Argonium (element)	аргон
氮	たん		Xenon (element)	ксенон?
氳	うん	さかん	Life-giving Influences Of Nature | Spirit Of Harmony | Prosperity	жизнена сила на природата | дух на хармония
氵		さんずい	Water | Water Radical (no. 85)	вода
氺	すい		Water Radical Variant (no. 85)	вода
氿	き きゅう ぐ	おずみ わきみず	Spring	извор
汀	てい	みぎわ なぎさ	Water's Edge | Shore | Bank	брег | крайбрежие
汊	さ しゃ		Branching Stream	разклонение на поток
汋	さく しゃく	うるお.う	To Pour	наливам
汍	かん		Weep	плача
汕	さん		Fish Swimming | Fishing With A Net	риболов с мрежа
汙	お	けが.す けが.れる けが.らわしい よご.す よご.れる きたな.い	Filthy | Dirty | Impure | Polluted	мръсен | замърсен
汛	しん さん しゃ	そそ.ぐ	High Water | Flood Tides	висока вода | прилив
汜	し い	かわ	Stream Which Leaves The Main Branch Then Later Returns	разклонение на река
汝	じょ	なんじ なれ い うぬ いまし し しゃ な なむち まし みまし	You | Thou	ти (архаично)
汞	こう	みずがね	Mercury	живак
汢		ねた	Wetland | Marsh | (kokuji)	мочурище
汧	けん けい きょう	さわ ただよ.う きよ.い	Name Of A River In Shandong | Marsh | Float	блато | плувам
汨	こつ いつ べき	しず.む	To Sink | Name Of A Chinese River	потъвам
汭	ぜい ねい ぜつ ねち	なが.れる みぎわ	Confluence Of Two Streams | Bend	сливане на два потока | завой
汲	きゅう	く.む	Draw (water) | Ladle | Scoop | Pump	вадя вода | гребвам
汳	へん べん		Proper Name	собствено име
汴	へん		Name Of A River In Henan | Henan	име на река в Хънан
汶	ぶん もん		River In Shandong Province	река в Шандун
汹	きょう	わ.く	Turbulent | Noisy | Restless	бурен | неспокоен
汾	ふん		Name Of A Chinese River	име на китайска река
沁	しん	し.みる	Penetrate | Soak In	прониквам | попивам
沂	ぎ き ぎん		Name Of A Chinese River	име на китайска река
沄			Billows	вълни
沅	げん	みなもと	Name Of A River In Western Hunan That Flows Into Dongting Lake	име на китайска река
沆	こう	ひろ.い	Ferry | Fog | Flowing	мъгла | течащ
沇	えん い	なが.れる	Flowing And Engulfing | Brimming	преливащ | поглъщащ
沉	ちん じん	しず.む しず.める	Sink | Submerge | Addicted To	потъвам | пристрастен
沌	とん	くら.い	Primeval Chaos	първичен хаос
沍	ご こ	さ.える こお.る ひ.える	Close Up | Freeze Over | Congeal	замръзвам | сгъстявам се
沐	もく	もく.する あら.う	Wash	мия се
沒	ぼつ もつ	おぼ.れる しず.む ない	Not | Have Not | None | To Drown | Sink	няма | потъвам
沓	とう	くつ	Shoes | Boots	обувки
沔	べん めん びん みん		Flood | Overflowing	наводнение | преливащ
沕	ぶつ もち こつ こち	かす.か	Deep	дълбок
沘	ひ		Name Of A River	име на река
沚	し	なぎさ	Shore | Shoal	бряг | плитчина
沛	はい		Big Rain | Swamp	проливен дъжд | блато
沟	こう く		Ditch | Drain | Narrow Waterway	канавка | отводнителен канал
沪			Filter | Shanghai | River Near Shanghai	филтрирам | Шанхай
沫	まつ ばつ	あわ しぶき つばき	Splash | Suds	пръски | пяна
沭			River In Shantung	река в Шандун
沮	そ しょ	はば.む	Stop | Prevent | Defeated | Dejected	спирам | възпрепятствам | обезкуражен
沰	たく	な.げる	To Let Drop	изпускам | пускам да падне
沱	た だ		Flowing Of Tears	течащи сълзи
沲	た		Float	плувам
沴	れい らい てん	そこな.う	Foul And Poisonous In Confusion | Out Of Harmony	зловреден | дисхармоничен
沺	でん		Vast Surging Waters	обширни бушуващи води
沽	こ	あた.い あら.い う.る	Price | Buying & Selling	цена | търговия
沾	せん ちょう てん	うるお.う うるお.す	Moisten | Wet | Soak | Touch	навлажнявам | мокря
泂	けい ぎょう	さむ.い	Clear And Deep (of Water) | Wide	бистър и дълбок | широк
泄	せつ えい	も.れる	Leak	изтичам | отделям
泅	しゅう	およぐ	Swim	плувам
泆	いつ いち てつ でち	あふ.れる	Licentious | Libertine | Dissipate	разпуснат | безнравствен
泐	りょく	ふみ	To Write | To Indite	пиша (на камък)
泑	ゆう ゆ	くろ.い	The Vitreous Glaze On China, Porcelain, Etc.	глазура (върху порцелан)
泒	こ く		River In Hubei Province	река в Хубей
泓	おう	ふか.い	Deep Clear Water	дълбока бистра вода
泔	かん ごん	ゆす.る	Water From Washing Rice | To Boil Thick, As Gruel | Rinse & Comb Hair	вода от изплакване на ориз
泖	ぼう みょう りゅう ら		Still Waters | River In Jiangsu	спокойни води
泗	し	なみだ	Name Of A Chinese River | Snivel	сополи
泙	ほう		Surging Water	бушуваща вода
泚	せい さい し	きよ.い	Clear | Bright And Brilliant | Sweat	бистър | ярък | пот
泛	はん ほう	うか.ぶ	To Drift | Float | Careless | Reckless	дрейфувам | плувам | небрежен
泜	てい たい し		River In Hebei Province	река в Хъбей
泝	そ	さかのぼる	Go Upstream	плувам срещу течението
泠	れい りょう れん	さと.す	Nice And Cool | Mild And Comfortable	приятно хладен
泪	るい れい	なみだ	Tears | Weep | Cry	сълзи | плача
泫	けん げん	なが.れる	Weep | Cry | Shine | Glisten	плача | блести
泭			A Raft	сал
泮	はん	わかつ	Zhou Dynasty School | Disperse | Fall Apart	училище | разпръсквам се
泯	びん べん みん めん	ほろ.びる	Die Out | Dim	изчезвам | гасна
泱	おう		Billowy Clouds | Deep And Broad	надигащи се облаци | дълбок и широк
泲	せい さい		Kind Of White Wine	вид бяло вино
泻			Drain Off | Leak | Flow | Pour Down	изтичам | изливам се
洄	かい	さかの.ぼる	Back-water | Eddy | Whirlpool | Flowing Water	водовъртеж | обратно течение
洊	せん そん	いた.る	Flowing Water	течаща вода
洌	れつ れい	きよ.い	Pure	чист
洎	き	そそ.ぐ	Until | Till | Soup | To Soak	до | супа | накисвам
洏	じ に	ぬるまゆ	Tears | Tearful	сълзи | плачевен
洑	ふく		Whirlpool | Undercurrent	водовъртеж | подводно течение
洙	しゅ		Name Of A Chinese River	име на китайска река
洟	い てい	はなしる はなじる	Tear | Nasal Discharge	сополи
洤			A Fountain Or Spring	извор
洧	い		Name Of A River In Honan	име на река в Хънан
洨	こう きょう		River In Hebei Province	река в Хъбей
洩	えい せつ	も.らす の.びる も.れる	Leak | Escape	изтичам | изтеклявам
洫	きょく	みぞ	Ditch	канавка
洮	とう よう	あら.う	Cleanse | River In Gansu Province	почиствам | река в Гансу
洱	じ に		Lake In Yunnan	езеро в Юннан
洳	じゅ		Wet	влажен
洴			Sound	звук
洶	きょう	わ.く	Gush Forth | Surge	бликам | надигам се
洹	えん おん かん		River In Henan Province	река в Хънан
洼	あい え わい わ		Hollow | Pit | Depression | Swamp	вдлъбнатина | яма | блато
洽	こう	あまねし うるお.す	Far And Wide	надлъж и нашир | обхватен
洿	お う こ		Stagnant Water | Impure | Filthy	застояла вода | мръсен
浚	しゅん	さら.える さら.う	Dredge | Drag | Clean	драгирам | чистя
浡	ほつ ぼち	おこ.る	Burst Forth | Rise | Vigorous	избликвам | надигам се
浣	かん	あら.う	Wash	пера
浤	こう	ふか.い	Rising Waters | Clear Deep Water	надигащи се води | дълбока бистра вода
浥	ゆう おう よう	うるお.う	Moist | Wet | Dampen	влажен | навлажнявам
浬	り	かいり のっと	Knot | Nautical Mile	морска миля
浹	しょう	あまねし	Far And Wide | Cycle | Period	надлъж и нашир | цикъл
浼	ばい まい ばん まん	けが.す	To Request | To Ask A Favour Of	моля | искам услуга
涂	と ず ちょ じょ	みち	Surname | Name Of Certain Rivers	път | фамилно име
涅	ねつ でつ	そ.める	Black Soil	черна пръст
涇	けい てい きょう	みぞ	Name Of A River	име на река
涉	しょう	わたる かかわる	Ford Stream | Wade Across	прегазвам | имам общо с
涊			Dirt	мръсотия
涌	ゆう よう ゆ	わ.く	Boil | Ferment | Seethe | Uproar | Breed	бликам | кипя
涎	せん えん	よだれ	Saliva | Slobber	слюнка
涑	そう す しゅう しゅ	すす.ぐ	River In Shansi Province	река в Шанси
涒	とん いん きん	は.く	Meander	лъкатуша
涓	けん		Drop | Pure	капка | чист
涔	さん しん せん	ひた.す	River In Shaanxi | Murky Torrent	мътен поток
涕	てい	なみだ な.く	Tears | Sympathy	сълзи | съчувствие
涖	れい らい り	のぞ.む	River In Hebei Province | Creek	поток
涘	し	ほとり	River Bank | Water's Edge	речен бряг
涛	とう	なみ	Waves | Billows	вълни
涜	とく とう	けが.す けが.れ みぞ	Defile | Blaspheme | Ditch	оскверня | богохулствам
涪	ふう ぶ ほう		River In Sichuan Province	река в Съчуан
涬	けい ぎょう		Watery Expanse	водно пространство
涮			Rinse | Cook Or Boil In Juice	изплаквам | готвя на бульон
涴	えん おん か わ		Daub	цапам
涵	かん	ひた.す	Immerse	потапям
涷	とう つ	にわかあめ	Rainstorm	буря с дъжд
涸	こ かく	か.れる か.らす こお.る	Dry Up | Mature	пресъхвам
涿	とく たく		Drip | Dribble | Trickle	капя
淄	し		River In Shandong Province	река в Шандун
淅	せき		Wash Rice	изплаквам ориз
淆	こう	ま.じる	Turbidity | Mixing	мътност | смесване
淇	き		Name Of A Chinese River	име на китайска река
淋	りん	さび.しい さみ.しい	Lonely | Deserted	самотен | изоставен
淌	とう		Flow	тека
淒	せい さい	すご.む さむ.い すご.い すさ.まじい	Bitter Cold | Miserable | Dreary	мразовит | мизерен | мрачен
淕	りく ろく		Sleet | Slush | Name Of A Wetland	суграшица | киша
淖	にょう とう	どろ	Slush | Mud	киша | кал
淙	そう		Sound Of Running Water	звук на течаща вода
淚	るい れい	なみだ	Tears | Weep | Cry	сълзи | плача
淝	ひ		Name Of An Affluent Of The Poyang Lake	приток на езерото Поянг
淞	しょう		Name Of A Chinese River	име на китайска река
淟	てん とん	にご.る	Turbid | Muddy	мътен | кален
淢	よく いき いつ いち	はや.い	Ditch	канавка
淤	お よ	どろ	Mud | Silt | Clog Up | Obstruct	тиня | наноси | запушвам
淥	ろく りょく	こ.す	Strain	прецеждам
淦	かん こん	あか	Bilge Water	трюмна вода
淨	じょう せい	きよ.める きよ.い	Pure | Clean | Unspoiled	чист | незамърсен
淩	りょう	の.る	Pass Over | Cross | Traverse	преминавам | прекосявам
淪	りん ろん	しず.む	Sink | Ripple	потъвам | вълничка
淬	さい	にらぐ	Anneal | Quench | Temper	закалявам
淮	わい え かい		Name Of A Chinese River	име на китайска река (Хуай)
淰	でん だん ねん あん おん	にご.る	Fish | Still	риба | тих
淶	らい		River In Hebei Province | Creek	поток
淹	えん	い.れる	Dip | Soak | Immerse | Stop | Linger	потапям | задържам се
淺	せん	あさ.い	Shallow | Not Deep | Superficial	плитък | повърхностен
淼	びょう みょう	ひろ.い	Wide Expanse Of Water	обширна водна шир
渊	えん かく こう	ふち かた.い はなわ	Edge	дълбок вир | бездна
渗	しん	しみる	Soak Through | Infiltrate	прониквам
渙	かん	あきらか	Scatter	разпръсквам
渝	ゆ	かわ.る	Change | Be Transformed	променям се
渟	てい	とど.まる	Stop	застоявам се (за вода)
渠	きょ	かれ なんぞ なに みぞ いずくんぞ	Ditch | Canal | Lock	канал
渢	ふう ぶ はん		Pleasant Sound	приятен звук
渣	さ		Dregs	утайка
渤	ぼつ ほつ		Place Name	Бохайско море?
渧	てい だい てき ちゃく		To Drop | As Liquids | Drop	капя
渫	せつ ちょう	さら.う	Dredging | Cleaning Out	драгиране | изчистване
渭	い		Name Of Chinese River	име на китайска река (Уей)
渮	か		Name Of Chinese River	име на китайска река
渲	せん		Add Repeated Washes Of Color	нанасям пластове боя
渴	かつ	かわく かわき	Thirsty | Parched | Yearn | Pine	жаден | копнеещ
游	ゆう りゅう	あそ.び あそ.ぶ およ.ぐ	Float | Swim	плувам | скитам
渺	びょう	びょう.たる	Tiny | Boundless	нищожен | безкраен
渼	び み		Ripples	вълнички
渾	こん	すべ.て にご.る	All | Turbidity	цял | мътен
湃	はい		Sound Of Waves	звук на вълни
湄	び み だん なん	みずぎわ	Water's Edge | Shore | Bank	бряг | крайбрежие
湅	れん らん	ね.る	Boil Silk	варя коприна
湋	い	めぐ.る	River In Shanxi Province	река в Шанси
湍	たん	はや.い はやせ	Rapids	бързей
湎	めん べん	おぼ.れる しず.む	Drown | Be Immersed	потъвам | пристрастен
湏	かい け	ただ.れる	Wash Face	мия лице
湑	しょ	こ.す きよ.い したみ	To Strain Spirits | Dregs | Lees | River In Guangxi | Abundant | Bright	прецеждам (алкохол) | утайка
湓	ほん ふん	あふ.れる	An Affluent Of The River Yangtze Near Kiukiang	приток на Яндзъ
湔	せん さん	あら.う	Wash | Cleanse | Purge	мия | пречиствам
湜	しょく じき	きよ.い	Transparent | Clear	прозрачен | бистър
湝	かい	なが.れる	Flow	тека
湞	とう じょう てい ちょう		River In Guangdong Province	река в Гуандун
湟	こう		Moat | Wetland | Name Of Chinese River	ров | мочурище
湢	ひょく	ゆどの	Bathroom | Neat | Orderly	баня | спретнат
湣	びん みん べん めん		Mixed | Confused | Pity	объркан | съжаление
湫	しゅう しょう	くて くで	Wetlands | Marsh	мочурище
湮	いん えん	しず.む ふさ.ぐ	Sink	потъвам | заличавам
湲	えん かん		Flowing Water	течаща вода
湶	せん	いずみ ぜに	Spring | Fountain-head | Source	извор | източник
湻	しゅん	あつ.い	Pure | Unmixed | Genuine | Honest	чист | искрен
溂	らつ		Opposed | Biased	противопоставен | пристрастен
溌	はつ	も.る とびち.る そそ.ぐ	Sprinkle | Lively | Vigorous	пръскам | жизнен | енергичен
溏	とう		Mud	кал
溘	こう		Sudden | Unexpected	внезапен
溟	めい	うみ くら.い	Dark | Ocean	тъмен | океан
溠	さ しゃ し		River In Hubei Province	река в Хубей
溧	りつ りち		River In Anhui And Jiangsu Province	река в Анхуей и Дзянсу
溪	けい	たに たにがわ	Valley	долина | поток в долина
溫	おん うん	あたたか あたためる	Lukewarm | Warm | Tepid | Mild	топъл | мек
溮	し		River In Henan Province	река в Хънан
溯	そ さく	さかのぼ.る	Go Upstream | Retrace The Past	плувам срещу течението | връщам се към миналото
溱	しん	おお.い	River In Henan	река в Хънан
溲	しゅ しゅう そう	いばり ひた.す	Urine	урина
溴			Bromine	бром
溷	こん	かわや けが.れる にご.る みだ.れる	Get Muddy	замърсявам се | размътвам се
溻	とう	うるお.う	Wet	мокър
溽	ひょく じょく	むしあつ.い	Humid	влажен | парен
滁	ちょ じょ		District In Anhui Province	област в Анхуей
滂	ほう ぼう		Flowing | Vast	обилно течащ
滃	おう お		Swelling | Rising | Dispersing	надигащ се | разпръскващ се
滄	そう		Ocean	океан
滇	てん しん		Yunnan Province	Юннан
滊	き け けつ けち		Vapour | Steam	пара
滌	でき てき じょう	あら.う	Rinse | Wash	изплаквам | мия
滎	けい ぎょう えい	ちょろちょろ	County In Henan | Rising And Dash	окръг в Хънан
滓	し さい	おり かす	Dregs | Grounds	утайка
滔	とう	はびこ.る	Overflowing	прелива
滕	とう	わ.く	Rising Water	надигаща се вода
滙			Waters Converging To One Spot | Whirling Waters	сливане на води | водовъртеж
滫	しゅう しゅ	とぎじる	Water In Which Rice Has Been Boiled	вода от варене на ориз
滬	こう こ		Weir | Another Name For Shanghai	бент | Шанхай
滮	ひょう ひゅう ひゅ	なが.れる	Flow	тека
滯	たい てい	とどこお.る	Block Up | Obstruct | Stagnant	задръствам | застоял
滲	しん	し.みる にじ.む	Imbued With	прониквам | попивам
滷	ろ		Brine	саламура
滸	こ	ほとり	Vicinity	околност | бряг
滹	こ く		The Bank Of A Steam	бряг на поток
滾	こん	たぎ.る たぎ.らかす	Flow | Boil	тека бурно | кипя
滿	まん ばん	み.ちる み.つ み.たす	Fill | Full | Satisfied	пълен | доволен
漈	せい さい	みずぎわ	Shore | Waterside	бряг
漉	ろく	こ.し こ.す す.く	Manufacture Paper | Spread Out Thin | Strain | Percolate	произвеждам хартия на ръка | прецеждам
漊	る ろう		River In Hubei Province	река в Хубей
漑	がい かい	そそ.ぐ	Pour	напоявам
漓	り	うす.い	Dropping | Soak In	капе | попива
漘	しん	みずぎわ	Bank	бряг
漚	おう う	ひた.す	Soak | Steep | Sodden | Soaked	накисвам
漣	れん らん	さざなみ	Ripples	вълнички
漦	ぎ らい たい し	なが.れる	Saliva | Spittle | Flowing Downstream	слюнка | тека надолу по течението
漩	せん	めぐ.る	Eddy | Whirlpool	водовъртеж
漪	い	なみ	Ripples On Water | Swirling	вълнички | вихрене
漭	ぼう もう	ひろ.い	Vast | Expansive	обширен
漯	とう るい		River In Northern Shandong	река в Шандун
漰	ほう ひょう		Roar	ромон на вода
漲	ちょう	みなぎ.る	Overflow	прелива
漳	しょう	ささ.える	Name Of A River In Henan	име на река в Хънан
漶	かん	はっきりしない	Indecipherable	неразгадаем | нечетлив
漼	さい すい	ふか.い	Having The Appearance Of Depth	изглеждащ дълбок
漾	よう	ただよ.う	Drift | Flow	носи се | полюлява се
漿	しょう	こんず	A Drink	гъста напитка | сок
潁	えい		Name Of A Chinese River	име на китайска река
潅	かん	そそ.ぐ	Pour Into | Irrigate | Shed (tears | Flow Into | Concentrate On	напоявам
潏	けつ けち しゅつ じゅち		Foreshore Reclaimed From River	земя, отвоювана от река
潑	はつ	も.る とびち.る そそ.ぐ	Pour | Splash | Water | Sprinkle | Violent | Malignant	пръскам | буен
潘	はん		Water In Which Rice Has Been Washed	вода от изплакване на ориз
潙	き い		River In Shanxi	река в Шанси
潚	しゅく しょう しゅう	きよ.い	Gay | Deep	весел | дълбок
潛	せん	ひそ.む もぐ.る かく.れる くぐ.る ひそ.める	Conceal | Hide | Lower (voice) | Hush	крия се | потайно
潝	きゅう こう おう よう		Agree	съгласявам се
潞	ろ る		River In Northern China	река в Северен Китай
潠			To Blow Out | To Puff Out	изпръсквам с уста
潢	こう おう	いけ	Expanse Of Water | Lake | Pond	водна шир | езеро
潦	ろう	にわたずみ	Heavy Rainfall | Runoff	проливен дъжд | отточна вода
潨	そう ず しょう しゅ	あつ.まる みずあい きし	Gather | Flow Into (water) | Sound Of Waters Flowing Together	сливам се (за води)
潬	たん せん	す	Rapid | Sand-bank | Foreshore	бързей | пясъчен нанос
潭	たん じん	ふち ふか.い	Deep Water | Deep	дълбок вир
潯	じん	ふち	Shore | Banks	бряг
潴	ちょ		Pond | A Pool	вир | локва
潸	さん		Flowing Of Tears	течащи сълзи
潺	せん さん		Sound Of Flowing Water	ромон на вода
潼	どう とう		High	висок
潾	りん らん れん	きよ.い	Clear Water	бистра вода
澀	じゅう しゅう	しぶ しぶ.い しぶ.る	Astringent | Harsh | Uneven | Rough	тръпчив | грапав
澁	じゅう しゅう	しぶ しぶ.い しぶ.る	Astringent | Harsh | Uneven | Rough	тръпчив | грапав
澂	ちょう	すま.す す.む	Clear And Still Water	бистра и спокойна вода
澆	ぎょう	そそ.ぐ	Sprinkle | Thing | Shallow | Frivolous	поливам | повърхностен
澇	ろう	おおなみ	Inundate | Flood | Torrent	наводнявам | порой
澈	てつ でち	きよ.い	Thoroughly | Completely | Become Clear	напълно | проясня се
澌	し せい さい	つ.きる	To Exhaust | To Drain Dry	изчерпвам | пресъхвам
澍	しゅ	うるお.う	Timely Rain | Life-giving Rain	навременен дъжд
澎	ほう ひょう		Turbulent Water	бурна вода
澐	うん		Billows	вълни
澑	りゅう	た.まる たま.る た.める したた.る たまり ため	Slide | Glide | Slip | Slippery	плъзгам се
澒	こう く		Vast	обширен
澔	こう	おおき.い ひろ.い	Radiance Of Gems	блясък на скъпоценни камъни
澗	かん けん	たに たにみず	Valley River | 10**36	планински поток
澠	しょう びん みん		Name Of A River In Shandong	име на река в Шандун
澡	そう	あら.う	Wash	мия се
澣	かん	あら.う	Wash	пера
澥	かい げ		Blocked Stream | Gulf	запушен поток | залив
澦	よ		Place In Sichuan	място в Съчуан
澧	れい らい		River In Northern Hunan Province	река в Хунан
澨	せい えい	つきじ	Shore | River In Hubei	бряг
澮	かい け わい え		Irrigation Ditch | Trench | River	напоителен канал
澰	れん	なぎさ	Overflowing	преливащ
澱	でん てん	おり ど.ろ よど.み よど.む	Sediment | Grounds | Dregs | Stagnant	утайка | застоял
澳	おう いく おく	おき くま	Curving Shoreline | Bend In River	заливче | завой на река
澶	せん てん		Still Water | Placid | Tranquil	спокойна вода
澹	たん せん	あわ.い	Calm | Quiet | Bland | Rocking | Rippling | Suffice	спокоен | тих
澼	へき ひゃく けき	ただよ.う	Bleach | Wash | Clean	избелвам | мия
澾			Slippery | Smooth	хлъзгав | гладък
濂	れん		Name Of Chinese River	име на китайска река
濆	ふん ほん	ほとり わ.く	Gush Forth	бликам
濇	しょく しき しゅう	とどこお.る	Astringent | Harsh | Rough | Uneven	тръпчив | грапав
濈	しゅう そう じょう	やわ.らぐ	Many	много
濊	かい け さい せ わい		Vast | Expansive | Deep | Dirty	обширен | мръсен
濔	び		Much | Many	много
濕	しつ しゅう	しめ.る しめ.す うるお.う うるお.す	Wet | Moist | Humid | Damp | An Illness	влажен | мокър
濘	ねい	ぬか.る	Muddiness	кал | локва
濛	もう	こさめ	Dark	тъмен | ситен дъжд
濟	さい せい	す.む す.ます すく.う な.す わた.す わた.る	To Help | Aid | Relieve | To Ferry | Cross	помагам | преминавам
濠	ごう こう	ほり	Moat | Ditch | Canal | Australia	ров | Австралия
濤	とう	なみ	Waves | Billows	вълни
濩	かく わく		Pour Down | Cascade Down | Look	изливам се
濬	しゅん	さら.う	Deep | Dredge	дълбок | драгирам
濮	ぼく ほく		Name Of Chinese River	име на китайска река
濰	い ゆい		County In Shandong Province	окръг в Шандун
濱	ひん	はま	Beach | Sea Coast | River Bank	плаж | крайбрежие
濳	せん	ひそ.む もぐ.る かく.れる くぐ.る ひそ.める	Hide | Conceal | Secrete | Hidden	крия се
濵	ひん	はま	Bank | Brink | Shore | Beach	бряг | плаж
濶	かつ	ひろ.い	Wide	широк
濺	せん	そそ.ぐ	Sprinkle | Splash	пръскам
濼	ろく ほく		River In Shandong Province	река в Шандун
濾	ろ りょ	こ.す	Filter	филтрирам
瀁	よう		Drift | Flow | Overflowing | Vast	носи се | прелива
瀅	えい よう けい きょう	おがわ	Clear | Pure Water | Lucid | Glossy	бистър | чист
瀆	とく とう	けが.す けが.れ みぞ	Ditch | Sluice | Gutter | Drain | Blaspheme | Pollute	канавка | оскверня
瀉	しゃ	くだ.す は.く	Evacuation	разстройство
瀍	てん		River In Henan Province	река в Хънан
瀏	りゅう	きよ.い	Clear	бистър
瀑	ばく はく ほう ぼう ほく ぼく	たき にわかあめ	Waterfall	водопад
瀘	ろ		Name Of River In China	име на река в Китай
瀚	かん	ひろ.い	Wide & Large	широк и обширен
瀛	えい	うみ	Ocean | Swamp	океан
瀝	れき	したた.る	Dropping	капе
瀞	せい しょう じゅう	とろ きよ.い	Pure Water | Clear Water | Pool In A River	бистра вода | вир
瀟	しょう		Pure | Clean	чист | елегантен
瀠	えい よう	なが.れる	Tiny Stream | Swirl Around | Eddy	малко поточе | вихрене
瀣	かい	みず	Sea Mist | Vapor	морска мъгла
瀦	ちょ		Pool | Puddle	локва
瀧	ろう そう	たき	Waterfall | Rapids | Cascade	водопад
瀨	らい	せ	Swift Current | Rapids	бърз поток
瀰	び み		Copious Flow | Broad | Extensive	обилен поток
瀲	れん	なぎさ	Brimming | Rippling	преливащ | вълничка
瀹	せく よう やく	ひた.す	To Boil | To Wash | To Cleanse | To Soak	варя | накисвам
瀺			Sound	звук
瀼	じょう にょう どう のう		River In Henan Province | Flowing	течаща (за река)
瀾	らん	なみ	Large Waves	големи вълни
灃	ふう ふ ほう		River In Shaanxi Province	река в Шанси
灄	しょう にょう		River In Hubei Province	река в Хубей
灉	よう ゆ		River In Shandong Province	река в Шандун
灋	ほう はつ ほつ	ふらん のり	Law	закон
灌	かん	そそ.ぐ	Pour	напоявам
灎	えん	なみ	Movement Of Water | Overflowing | Billowing | Wavy	вълнист | преливащ
灑	しゃ さい さ せ	そそ.ぐ	Sprinkle | Wash | Free And Easy	пръскам | мия
灔	えん	なみ	Waves | Billows	вълни
灕	り	しみこ.む	Short Name For Guangxi Province	кратко име за Гуанси
灝	こう かん こん	まめ.じる	Vast | Large | Grand | Expansive	обширен | величествен
灞	は ば		River In Shaanxi Province	река в Шанси
灣	わん	いりえ	Gulf | Bay | Inlet	залив
灤	らん	なが.れる	River And County In Hebei Province	река и окръг в Хъбей
灩	えん	なみ	Overflowing | Billowing | Wavy	преливащ | вълнист
灬	ひょう か		Fire | Fire Radical (no. 86)	огън
灵	れい りょう	たま	Spirit | Soul | Spiritual World	дух | душа
灶	そう	かまど かま へっつい	Kitchen Range | Cooking Stove	печка | огнище
灸	きゅう く	やいと	Moxa Cautery | Chastisement	мокса (акупунктурна процедура)
灼	しゃく	あらた やく	Miraculous	нажежавам се | изгарям
灾	さい	わざわ.い	Calamity | Disaster | Catastrophe	бедствие | нещастие
炁	き け	いき	Breath | Air | Steam | Gas | Weather | Used In Taoist Charms	дъх | въздух
炅	けい きょう えい よう	あらわ.れる	Brilliance	блясък
炔	けい け けつ けち		Acetylene	ацетилен
炕	こう	あぶ.る	The Brick-bed In Northern China	кан (тухлено отоплявано легло)
炘	きん こん	あぶ.る	Brilliant | Shining | Bright	ярък | блестящ
炙	しゃ せき	あぶ.る	Roast | Broil | Toast | Cauterize	пека | изпичам
炤	しょう しゃく	て.る	Illumine | Light Up | Reflect	осветявам
炫	けん	ひか.る	Shine | Glitter | Show Off | Flaunt	блестя | парадирам
炬	こ きょ		Torch | Signal Fire	факла
炮	ほう	あぶ.る	Burn | Roast	пека | изгарям
炯	けい きょう	あきらか	Light | Clear	ясен | светъл
炰	ほう びょう ふう ふ		Roast | Broil | Bake	пека
炱	たい	すす	Soot	сажди
炳	へい	あきらか	Clear & Bright	ясен и светъл
炷	しゅ	とうしん	Candle Wick | Lamp Wick | Stick Of	фитил
炸	たく さ さく		Frying | Explosion	пържене | експлозия
炻			A Kind Of China	каменина (вид керамика)
烊	よう	あぶ.る や.く	To Smelt | To Melt	топя (метал)
烋	こう きゅう きょう		Boasting | Fortunate | Beautiful	хваля се | щастлив
烓	えい え けい きょう	かまど	Stove	печка
烔	とう ず	あつ.い	Heat	топлина
烕	けつ けち べつ	ほろ.びる ほろ.ぼす	To Destroy | To Exterminate | To Extinguish	унищожавам | изгасям
烖	さい	わざわ.い	Calamities From Heaven, As Floods, Famines, Pestilence, Etc. | Misery	бедствие
烘	こう きょう く	かがりび あぶ.る	Bake | Roast | Grill | Dry By Fire	пека | суша на огън
烙	らく かく	や.く	Burn	изгарям | жигосвам
烜	けん てん かん き	かわ.かす	Light Of The Sun | To Dry In The Sun	слънчева светлина | суша на слънце
烝	じょう しょう	む.す もろもろ	Many | Offer | Dedicate | To Steam	много | варя на пара
烟	えん	けむ.る けむり けむ.い	Smoke	дим
烤	こう	あぶ.る	Bake | Roast | Toast | Cook	пека
烬	じん		Cinders | Ashes | Embers | Remnants	въглени | пепел
烱	けい きょう	あきらか	Light | Clear	ясен | светъл
烹	ほう	に.る	Boil | Cook	варя | готвя
烺	こう ろう	ひ	(said Of Fire) Bright	ярък (огън)
烽	ほう	のろし とぶひ	Signal Fire	сигнален огън
焄	くん	いぶ.す	Rising Flames | Rising Fumes | Aroma	издигащи се пламъци | аромат
焌	しゅん そん さん	や.く	To Light	запалвам
焔	えん	ほのお	Flame | Blaze	пламък
焙	ほう はい	ほう.じる あぶ.る	Fire | Roast	пека | изпичам (кафе)
焚	ふん ほん はん	た.く や.く やきがり	Burn | Kindle | Build A Fire | Boil | Cook	изгарям | паля
焜	こん	かがや.く	Shine	блестя
焞	とん たい つい	あき.らか	Dim	слаб (за светлина)
焠	さい すい	や.く	Anneal | Temper | Burn	закалявам
焮	きん		Heat | Radiate Heat | Broil | Cauterize	нагрявам | жигосвам
焰	えん	ほのお	Flame | Blaze | Glowing | Blazing	пламък
焱	えん けき きゃく	ほのお	Flames | Blaze	пламъци
煁	しん	かまど	Hearth	огнище
煅	たん	きた.える	Forge Metal | Perfect One's Skill	изковавам метал
煆	か け	あつ.い	Raging Fire	буен огън
煇	き けん かん くん	ひかり	Weld | Solder	заваравам | споявам
煉	れん	ね.る	Refine Metals | Kneading Over Fire	рафинирам метал | кова
煊	けん かん	あたた.か	Warm	топъл
煌	こう	きらめ.く きら.めく かがや.く	Glitter | Gleam | Twinkle	блестя | искря
煑	しゃ しょ	にる にえる	Cook	варя
煒	い き		Brilliant Red | Glowing	ярко червен
煖	だん かん けん なん	あたた.か あたた.める	Warm	топъл
煜	いく おう	かがや.く	Bright | Shining | Brilliant	ярък | блестящ
煞	さつ さい せつ	ころ.す そ.ぐ	Malignant Deity | Baleful | Noxious | Strike Dead	зъл дух | убивам
煠	よう ちょう そう じょう	や.く いた.める ゆ.でる	To Fry In Fat Or Oil | To Scald | To Seethe | To Boil	пържа | попарвам
煢	けい	ひとりもの	All Alone | Without Any Family | Worry	самотен | тревожен
煤	ばい まい	すす	Soot | Smoke Dried	сажди
煦	く	あたた.める	Warm	топъл | стоплям
煨	わい うつ うち	うずみび	To Stew | Simmer | Banked Fire	задушавам | къкря
煬	よう	あぶ.る や.く	Roast | Burn	пека | изгарям
煽	せん	あお.る おだ.てる おこ.る	Fan | Flap | Instigate | Agitate | Bolster Up | Gulp Down	раздухвам | подстрекавам
熀	よう きょう こう	さかん	The Blaze Of Fire | Dazzling	ослепителен пламък
熄	そく	き.える や.む	Cessation	угасвам
熅	うん おん	うずみび いき.れ	Smooth Out | Iron Out | Sultriness	изглаждам | задух
熇	こく かく こう	あつ.い	Bake	пека
熈	き	たのし.む ひか.る ひろ.い よろこ.ぶ かわ.く あきらか ひろ.める ひろ.まる	Shine	блестя
熏	くん	くす.べる ふす.べる いぶ.す いぶ.る くす.ぶる くゆ.らす	Smoke | Fog | Vapor | Cure	опушвам | пуша
熒	けい ぎょう こう	ひかり	Shine | Shimmer | Shining | Dazzling	блестя | искря
熔	よう	と.ける と.かす いがた	Fuse | Melt	топя (метал)
熕		おおづつ	Cannon | (kokuji)	топ (оръдие)
熛	ひょう		Blaze	пламък
熠	ゆう しゅう	ひかり	Bright And Sparkling	искрящ
熨	い うつ	のし おさ.える の.す ひのし	Flatiron | Smooth Out	ютия | изглаждам
熬	ごう	い.る	Parch | Roast	пържа | изсушавам
熯	ぜん ねん がん	かわく	By Fire	суша с огън
熰	おう う	まるやき	Great Drought | Heat	голяма суша | горещина
熲	けい きょう	ひかり	Bright	ярък
熹	き	あぶ.る あかるい	Burn | Faint Light	тлея | слаба светлина
熺	き	あぶ.る あか.るい	Dim Light | Glimmer | Warm	слаба светлина | топъл
熾	し	おこ.る おこ.す さかん	Kindling Fire	разпалвам огън
燀	せん たん	たく	To Make A Fire | Blaze	паля огън
燁	よう ゆう おう	さかん	Bright | Glorious | Splendid | Flame	ярък | славен
燄	えん	ほのお	Flame | Blazing | Brilliant	пламък
燉	とん		Fiery	огнен | тушен
燋	しょう せき しゃく	たいまつ	Scorch | Burn | Scald | Torch | Bonfire	опърлям | факла
燐	りん		Phosphorus	фосфор
燒	しょう	や.く や.ける	Burn | Bake | Heat | Roast	горя | пека
燔	はん	や.く	Burn	изгарям
燖	しん せん	に.る	Re-heat Food	претоплям храна
燗	らん かん	かん.する	Warming Sake	затопляне на саке
燙	とう	あたた.める	Scald | Heat | Wash | Iron Clothes	попарвам | гладя
燜	もん		Simmer | Cook Over Slow Fire	задушавам на слаб огън
營	えい	いとな.む いとな.み	Camp | Perform | Build | Conduct (business)	лагер | управлявам (бизнес)
燠	う いく おう	おき あたたか.い	Embers	жарава
燧	すい	ひうち ひきり のろし	Signal Fire	сигнален огън
燬	き	や.く	Blaze	пламък
燭	そく しょく	ともしび	Light | Candlepower	свещ | светлина
燮	しょう		Moderate | Alleviate | Boil Over Low Heat	смекчавам | къкря
燵	たつ		Foot Warmer | (kokuji)	грейка за крака (котацу)
燹	せん	のび	Prairie Fire	степен пожар
燻	くん	くす.べる ふす.べる いぶ.す いぶ.る くす.ぶる くゆ.らす	Smoulder | Fume | Oxidize	тлея | опушвам
燼	じん	もえのこり	Embers	жарава | пепел
燾	とう ちゅう じゅ	てらす	Shine | Illuminate | Cover | Envelop	осветявам | покривам
爇	ぜつ ねち ぜい ねい ねつ	や.く	Burn	горя
爍	しゃく	とか.す ひか.る	Shine | Melt	блестя | топя
爐	ろ	いろり	Fireplace | Stove | Oven | Furnace	камина | пещ
爓	えん せん	ひかり	Flame | Brilliant | Blazing	пламък
爚	やく しゃく		Bright | Fiery	ярък | огнен
爛	らん	ただ.れる	Be Sore | Inflamed | Bleary | Fester	възпален | гноясал
爟	かん けん	や.く	Fire	огън
爨	さん	かし.ぐ かまど	Cook | Boil	готвя
爫			Claw Radical (no. 87)	нокът
爬	は	か.く	Scratch	драскам | пълзя
爭	そう	あらそ.う いか.でか	To Dispute | Fight | Contend | Strive	споря | боря се
爰	えん	ここ.に	Lead On To | Therefore | Then	следователно | тогава
爲	い	ため な.る な.す す.る たり つく.る なり	Change | Be Of Use | Reach To | Do | Try | Practice | Cost | Serve As	правя | ставам
爸	は		Father | Papa	татко
爹	た		Father | Daddy	татко
爺	や	じい じじい おやじ じじ ちち	Old Man | Grampa	старец | дядо
爻	こう ぎょう	まじ.わる	To Mix With | To Associate With | To Join | Double X Radical (no. 89)	смесвам се
爼	そ しょ	まないた	Altar Of Sacrifice | Chopping Board	дъска за рязане | олтар за жертвоприношения
爿	しょう そう		Left-side Kata Radical (no. 90)	радикал (лява половина на легло)
牀	しょう そう	ゆか	Bed | Couch | Bench | Chassis	легло | пейка
牁	か	くい	Mooring Stake | Painter | Mooring	кол за връзване на лодка
牂	そう	めひつじ	Female Sheep | Ewe	овца
牆	しょう	かき	Fence | Hedge | Wall	ограда | стена
牋	せん		Paper | Label | Letter | Composition	хартия | писмо
牏	ちゅ ゆ しゅ		Privy Hole	отвор на клозет
牐	そう じょう	いたがこい	Sluice | Flood Gate | Canal Lock	шлюз
牒	ちょう じょう	ふだ	Label | Genealogy | Circular	етикет | родословие | окръжно писмо
牓	ほう	かじ たてふだ ふだ	Tablet | Public Notice | Register	табела | обявление
牕	そう す	まど てんまど けむだし	Window	прозорец
牖	ゆう ゆ	まど	Window | Lead Enlightenment	прозорец | просвещавам
牘	とく	かきもの ふだ	Letter	писмо
牜			Ox | Cow | Cow Radical (no. 93)	вол
牠	た		It	то (за животно)
牣	じん にん	み.ちる	Fill | Stuff | Full	пълня | пълен
牯	こ く	おうし	Cow | Bull | Ox	вол | бик
牴	てい	ふ.れる	Touch	докосвам
牷	せん	いけにえ	Cow Or Ox Of One Color | Perfect	едноцветен вол | съвършен
牸	し	め.す	The Female Of Certain Animals | To Bring Forth Young (of Animals)	женско животно
牼	こう きょう かん けん		Man	човек?
牽	けん	ひ.く	Pull | Tug | Drag | Lead By Hand	дърпам | водя за ръка
牾	ご		Go Against | Be Contrary To	противопоставям се
犁	り れい りゅう	すき	Plow	плуг
犂	り れい りゅう	すき	Plow	плуг
犄	い き		Animal Horns	рога на животно
犇	ほん	ひし.めく ひしひし はし.る	Clamour | Crowded	шумен | претъпкан
犉	じゅん にん ぜん ねん		Ox With Yellow Hair And A Black Head	вол с жълта козина и черна глава
犍	けん こん		Bullock | Fabulous Monster	кастриран бик
犎	ほう ふ		The Zebu | Humped-ox	зебу (гърбат вол)
犒	こう	ねぎら.う	Thanks | Reward	благодаря | награждавам
犖	らく	まだらうし	Brindled Cow | Bright | Excel	шарен вол | изпъквам
犛	ぼう みょう もう り	からうし や.く	Black Ox | Yak	черен вол | як
犢	とく	こうし	Calf	теле
犧	ぎ き	いけにえ	Sacrifice	жертва
犨	しゅう しゅ		Panting Of Cow | Grunting Of Ox	задъхване на вол
犭			Dog | Dog Radical (no. 94)	куче
犲	さい	やまいぬ	Wolf | Cruel | Wicked | Mean	вълк | жесток
犴	かん		Wild Dog (not Very Large) | Lock-up	диво куче | затвор
犹	じょう ゆう よう	なお	Condition	състояние
狀	じょう		Form | Appearance | Shape | Official	форма | вид
狁	いん		Tribe Of Scythian Nomads	скитско племе
狃	じゅう	な.れる なら.う	Get Used To | Learn	привиквам | уча се
狄	てき	えびす	Barbarian	варварин
狆	ちゅう	ちん	Pekinese Dog | Japanese Spaniel	японски шпаньол
狉	ひ	こだぬき	Fox-cub	лисиче
狎	おう こう	な.れる あなど.る	Get Used To | Experienced | Tamed	привиквам | опитомен
狒	ひ	ひひ	Baboon	бабуин
狗	く こう	いぬ	Puppy | Dog	куче | кученце
狘	けつ かち		Jump	скачам
狠	がん げん こん	もと.る	Vicious | Cruel | Severely | Extreme	жесток | свиреп
狡	こう きょう	ずる.い こす.い わるがしこ.い	Cunning | Sly | Crafty | Niggardly	хитър | коварен
狢	かく はく ばく	むじな	Badger	язовец
狥	しゅん	あまね.し したが.う とな.える	Follow	следвам
狴	へい はい		Kind Of Tapir | Fierce Beast Depicted On The Door Of Prisons	звяр на вратите на затвори | тапир
狷	けん		Short-tempered	избухлив
狹	きょう こう	せま.い せば.める せば.まる さ	Narrow | Contract | Reduce | Tight | Limited	тесен | ограничен
狺	げん ごん ぎん		The Snarling Of Dogs	ръмжене на кучета
狻	さん しゅん		Fabulous Beast	митично животно
狽	けん ばい はい		Wolf | Be Flurried	вълк | разстроен
猇	おう よう こう きょう	うそぶ.く いか.る しし たた.く	The Roar Of A Tiger | To Intimidate | To Scare	рев на тигър | заплашвам
猊	げい		Lion | The Seat Of A Famous Priest	лъв | трон на будистки свещеник
猋	ひょう		Wind | Storm | Gale | Dog Moving	вятър | буря
猓	か		Monkey	маймуна
猖	しょう	くる.う	Be Insane | Severe | Violence	луд | буен
猗	い あ	ああ	Luxuriant Growth | Gentle | Docile	буен растеж | кротък
猘	せい けい		Fierce Dog | Furious | Frenzied	бясно куче
猙	そう しょう		Fierce-looking | Ferocious	свиреп на вид
猜	さい	そね.む	Envy | Jealousy | Doubt	завист | подозрение
猝	そつ	にわか	Sudden	внезапен
猢	こ		Kind Of Monkey Found In W. China	вид маймуна
猥	わい	みだ.ら みだり.に	Obscene	неприличен | похотлив
猨	えん	さる	Ape	маймуна
猩	しょう せい そう	しょうじょう	Orangutan	орангутан
猬	い	はりねずみ	Vulgar | Wanton | Low | Many | Varied	вулгарен | разпуснат
猯	たん	いのしし まみ	Wild Boar	дива свиня
猱	どう のう じゅう にゅう	さる	Monkey With Yellow Hair	маймуна с жълта козина
猲	かつ かち りょう けつ	おおかみ	Smoke Or Flames From Fire | To Roast	дим или пламъци | пека
猴	こう	さる	Monkey	маймуна
猹			Wild Animal Mentioned In Short Story By Lu Xun	дива животно (от разказ на Лу Сун)?
猺	よう		Jackal | Name Of A Tribe	чакал
猻	そん	さる	Monkey	маймуна
猾	かつ	わるがしこ.い	Crafty	хитър | коварен
獃	がい	おろ.か	Dull | Dull-minded | Simple | Stupid	глупав | тъп
獎	しょう そう	すす.める	Prize | Reward | Give Award To	награда | поощрение
獏	ばく みゃく		Tapir	тапир
獐	しょう	のろ	Roebuck | Hornless River Deer	сърна без рога
獒	ごう	いぬ	Mastiff | Large Fierce Dog	мастиф
獗	けつ		Storm Around | Be Crazy	лудувам | вилнея
獘	へい へつ べち		Collapse	рухвам
獝	きつ きち いつ いち	くる.う	Devil	дявол
獞	とう ず		Name Of A Variety Of Dog | Wild Tribes In South China	порода куче
獠	りょう ろう とう	かり	To Hunt At Night By Torches	нощен лов с факли
獧	けん	はねおど.る	Rash | Honest And Straightforward	прибързан | честен и прям
獨	どく とく	ひと.り	Alone | Spontaneously | Germany	сам | самостоятелно
獪	かい	わるがしこ.い	Crafty	хитър
獫	けん れん		Dog	куче
獬	かい げ		Fabulous Monster	митично чудовище
獮	せん	かり	Hunt | Autumn Hunting | To Capture With A Fine Net	есенен лов
獯	くん		Tribe Of Scythians Which Invaded China During The Hsia Dynasty	скитско племе
獰	どう ねい	わる.い	Bad	свиреп | зъл
獱	へん ひん		Kind Of Otter	вид видра
獵	りょう れふ	かり か.る	Hunt | Field Sports	лов
獷	こう きょう く	あら.い	Fierce | Rude | Uncivilized	див | груб
獸	じゅう	けもの けだもの	Beast | Animal | Bestial	звяр
獹	ろ る	いぬ	Hound	хрътка
獺	だつ たつ	うそ かわ かわうそ	Otter	видра
獻	けん こん	たてまつ.る	Offer | Present | Show | Display	поднасям | дарявам
獼	び み	さる	Macacus Monkey	макак
玀	ら		Pig | Holo Aboriginal Tribe	прасе
玁	けん れん		Dog With A Long Snout Or Muzzle	куче с дълга муцуна
玃	きゃく かく けき く わく	おおざる	Large Ape Found In W. China	голяма маймуна
玅	みょう びょう	たえ	Mysterious | Subtle | Exquisite	загадъчен | изтънчен
玆	し けん	しげ.る ます むしろ ここに	Now | Here | This | Time | Year	сега | тук
玎	てい ちょう とう		Jingling | Tinkling	звънтене
玓	てき ちゃく	ひか.る	Pearly	бисерен блясък
玔			Green Jade	зелен нефрит
玕	かん		Inferior Variety Of Gem	нискокачествен скъпоценен камък
玗	う		1/2 Pr Stone	вид полускъпоценен камък
玘	き	たま	Court-dress Jewels	накити за придворно облекло
玞	ふ		Inferior Agate	нискокачествен ахат
玟	びん みん ばい まい ぶん もん		Streaks In Jade | Gem	жилки в нефрит | скъпоценен камък
玠	かい		Large Jade Tablet Used By Official	голяма нефритена плочка
玥	げつ がち		Mysterious Gem | Pearl	бисер
玦	けつ けち		Broken Piece Of Jade	счупено парче нефрит
玨			Two Pieces Of Jade Joined Together	две съединени парчета нефрит
玫	ばい め まい		Rose	роза
玳	たい	たいまい	Tortoise Shell	черупка на костенурка
玷	てん	か.ける	Flaw In Gem | Flaw In Character	недостатък | петно (в камък или характер)
玻	は		Glass	стъкло
玼	せい さい さ し	あざ.やか	Beautiful Color Of Gem | Flaw In Gem	красив цвят на скъпоценен камък
珀	はく		Amber	кехлибар
珈	か	かみかざり	Ornamental Hairpin	украсена шнола за коса
珉	びん みん		Stone Resembling Jade	камък, наподобяващ нефрит
珊	さん	センチ さんち	Coral | Centimeter	корал
珌	ひつ ひち へつ べち	かざり	Ornament	украшение
珎	ちん	めずら.しい たから	Precious | Valuable | Rare	ценен | рядък
珏	かく こく		Two Pieces Of Jade Joined Together	две съединени парчета нефрит
珓	こう きょう		Two Hemispherical Objects	два полукръгли гадателни блокчета
珖	こ こう	たま	Karat	карат
珙	きょう こう		Precious Stone | Xian In Sichuan	скъпоценен камък
珞	らく		Necklace	огърлица
珣	しゅん	たま	Name Of A Kind Of Jade	вид нефрит
珥	じ	みみだま	Ear Bauble | Hilt	обеца
珦	きょう どう しょう		Kind Of Jade	вид нефрит
珧	よう	たいらぎ	Mother-of-pearl	седеф
珩	こう ぎょう		The Top Gem Of The Pendants	горен камък на висулка
珪	けい	たま	Jade Scepter Or Tablet (authority Symbol)	нефритен жезъл (символ на власт)
珮	はい	おびだま	Bauble | Jewel	накит
珱	えい よう		A Necklace Made Of Precious Stones	огърлица от скъпоценни камъни
珷	ぶ む		1/2 Pr St	вид полускъпоценен камък
珸	ご		Jewel	скъпоценен камък
珹	せい じょう	たま	Type Of Jade | Pearl	вид нефрит
珺	くん		Beautiful Jade	красив нефрит
珽	てい ちょう		Jade Tablet	нефритена плочка
琀	かん ごん	ふくみだま	Gems Of Pearls Formerly Put Into The Mouth Of A Corpse	накити, поставяни в устата на мъртвец
琁	せん けい		Beautiful Jade | Star	красив нефрит
琅	ろう		A Precious Stone	скъпоценен камък
琇	しゅう しゅ ゆう う		Coarse Variety Of Jasper Or Jade	груб вид яспис или нефрит
琊	や		(arch.) Place In Eastern Shandong	място в Шандун
琛	ちん しん	たから	Treasure | Valuables	съкровище
琤	そう しょう		Jade Of Jade Being | Tinkle	звънтене на нефрит
琥	こ		Jewelled Utensil	украсен съд с накити
琦	き	たま	Gem | Precious Stone | Jade	скъпоценен камък
琨	こん		Beautiful Jade | Precious Stones	красив нефрит
琪	き	たま	Type Of Jade	вид нефрит
琫	ほう ふ		Ornament	украшение
琬	えん おん わん		The Virtue Of A Gentleman | Jade	нефрит | добродетел
琭	こく ろく	たま	Jade Like Stone	камък, подобен на нефрит
琮	そう す		Octagonal Piece Of Jade With Hole In Middle	нефритен предмет с отвор в средата
琯	かん こん		Jade Tube Used As An Instrument	нефритена тръба (музикален инструмент)
琰	えん		Jewel | Gem | Glitter Of Gems	скъпоценен камък
琱	ちょう ちゅう		Engrave | Inlay | Carve | Exhaust	гравирам | инкрустирам
琲	はい	つらぬく	String Of Many Pearls	нанизана огърлица от бисери
琺	ほう		Enamel	емайл
琿	こん		Jewel	скъпоценен камък
瑀	う		Stone Resembling Jade | Agate	камък, подобен на нефрит
瑁	まい ばい ぼう もう		Ancient Chinese Imperial Jewels	древни императорски накити
瑄	せん		Ornamental Piece Of Jade Several	украсено парче нефрит
瑇	たい	たいまい	Tortoise Shell	черупка на костенурка
瑋	い		Type Of Jade | Rare | Valuable	вид нефрит | рядък
瑑	てん	うきぼり	Carve | Engrave | Cut Out | Sculpt	гравирам | издълбавам
瑕	か	あら きず なんぞ	Flaw | Blemish	недостатък | петно
瑗	えん おん かん げん		Large Ring Of Fine Jade	голям нефритен пръстен
瑙	のう		Agate | Onyx	ахат | оникс
瑜	ゆ		Jewel	скъпоценен камък
瑟	しつ	おおごと	Large Koto	голямо кото (струнен инструмент)
瑣	さ	ちいさ.い くさり	Small | Chain	дребен | верига
瑤	よう	たま	Beautiful (as A Jewel)	красив (като скъпоценен камък)
瑨	しん		Jade Look Alike Stone	камък, подобен на нефрит
瑩	えい		Clear	бистър
瑪	め ば		Agate | Onyx	ахат | оникс
瑭	とう	たま	Kind Of Jade	вид нефрит
瑯	ろう		Precious Stone	скъпоценен камък
瑰	かい	たま めずら.しい	Strange	странен | рядък скъпоценен камък
瑱	てん ちん しん	みみだま	Gem Used As Ear Plug | Jade Earring	нефритена обеца
瑲	しょう そう		Tinkling Sound Tinkling Of Pendant Gems	звънтене на висулки
瑾	きん		Jewel	скъпоценен камък
璀	さい すい		Lustre Of Gems | Glitter | Shine	блясък на скъпоценни камъни
璅	そう さ		Gem	скъпоценен камък
璆	きゅう く ゆう ゆ		Beautiful Jade | Tinkle	красив нефрит
璇	せん		Beautiful Jade | Star	красив нефрит
璈			Ancient Musical Instrument	древен музикален инструмент
璉	れん りん	うつわ	Vessel Used Hold Grain Offerings	съд за жертвени зърнени приноси
璋	しょう		Ceremonial Jeweled Implement	церемониален нефритен предмет
璐	ろ		Beautiful Variety Of Jade	красив вид нефрит
璘	りん		Luster Of Jade	блясък на нефрит
璚	けい ぎょう けつ けち		Splendid	великолепен
璜	こう おう		Jade Ornament Semicircular In Shape	полукръгло нефритено украшение
璞	はく	あらたま	Uncut Gem | Unpolished Gem	необработен скъпоценен камък
璟	えい よう けい きょう		Luster Of Gem	блясък на скъпоценен камък
璠	はん ぼん	たま	Piece Of Precious Jade	парче ценен нефрит
璡	しん		Jade Look Alike Stone	камък, подобен на нефрит
璢	る りゅう		Precious Stone	скъпоценен камък
璣	き け	たま	Pearl That Is Not Quite Round	неправилно закръглен бисер
璥			A Kind Of Jade	вид нефрит
璦	あい		Fine Quality Jade	висококачествен нефрит
璨	さん		Gems | Luster Of Gems | Lustrous	блясък на скъпоценни камъни
璩	きょ ご		Jade Ring | Earrings | Surname	нефритен пръстен | обеци
璪	そう	かざり	Pearl Pendants On Coronet	бисерни висулки на корона
璫	とう	みみかざり	Pendant Ornaments | Earrings	висулки | обеци
璲	すい		Pendant Girdle Ornament	висулка за колан
璵	よ		Beautiful Jade	красив нефрит
璺			A Crack | As In Porcelain	пукнатина (в порцелан)
璿	せん けい け		Fine Jade	изящен нефрит
瓈	れい らい り		Glass	стъкло
瓊	けい	たま	Red Jewel | Beautiful Jewel	червен скъпоценен камък
瓌	かい	たま めずら.しい	Extraordinary | Fabulous	необикновен | приказен
瓏	ろう		Clarity | Sound Of Jewels	яснота | звън на накити
瓔	えい よう		Jewelled Necklace	огърлица от скъпоценни камъни
瓖			Inlay	инкрустация
瓘	かん	たま	Jade	нефрит
瓚	さん		Ceremonial Libation Cup	церемониална чаша за възлияние
瓛	かん けん こん		Sceptre	жезъл
瓞	てつ でち		Young Melons Just Forming	млади завръзващи се дини
瓟	はく ほう びょう		The Bottle-gourd	тиква калабаш
瓠	こ かく	ひさご	Gourd	тиква
瓢	ひょう	ひさご ふくべ	Gourd	тиква | кратуна
瓣	べん へん	わきま.える わ.ける はなびら あらそ.う	Petal | Valve	листче на цвят | клапа
瓤	しょう にょう どう のう	うりわた	Flesh | Core | Pulp | Pith	месеста част (на плод) | сърцевина
瓧		デカグラム	Ten Grams | (kokuji)	декаграм
瓩		キログラム	Kilogram | (kokuji)	килограм
瓮	おう	もたい	Jar | Jug | Container	делва | кана
瓯	おう	ほとぎ はち かめ	Bowl | Cup | Small Tray	купа | чаша
瓰		デシグラム	Decigram | (kokuji)	дециграм
瓱		ミリグラム	Milligram | (kokuji)	милиграм
瓲		トン	Tonne | Thousand Kilograms | (kokuji)	тон
瓴	れい りい りょう	かめ	Concave Channels Of Tiling | Long-necked Jar	улей на керемида | дългогърла делва
瓷	し	かめ	High Quality Porcelain	висококачествен порцелан
瓸		ヘクトグラム	Hectogram | Hundred Grams | (kokuji)	хектограм
瓻	ち てき ちゃく	かめ	Jar	делва
瓿	ほう ふ	かめ	Jar | Pot	делва | съд
甁	へい びん	かめ	Jug	кана
甃	しゅう	しきがわら いしだたみ	Floor Tile	подова плочка
甄	けん しん	すえ	Porcelain | Make Clear | Distinguish Between	порцелан | изяснявам | различавам
甅		センチグラム	Centigram | (kokuji)	центиграм
甌	おう	ほとぎ はち かめ	Small Jar | Jug	малка делва
甍	ぼう みょう	いらか	Roof Tile | Tiled Roof	керемида | покрив
甎	せん	しきがわら かわら	Floor Tiles	подови плочки
甑	そう しょう	こしき	Rice-steaming Pot	съд за готвене на ориз на пара
甒	ぶ む	かめ	Jar	делва
甓	へき びゃく	かわら	Floor Tiles	подови плочки
甖	おう えい よう	もたい ほとぎ かめ	Pot | Pitcher | Small-mouthed Earthenware Pot	глинен съд | стомна
甗	げん ごん	こしき	Earthenware Vessel In Two Parts	двучастен глинен съд
甜	てん	うま.い あま.い	Sweet	сладък
甞	しょう じょう	かつ.て な.める	Lick | Lap Up | Burn Up | Taste | Undergo | Underrate | Despise	лижа | вкусвам | изпитвам
甡	しん		Abundant | Numerous | Crowd	изобилен | многоброен
甤	ずい に		Drooping Leaves | Fringe Soft | Delicate	увиснали листа | нежен
甥	せい そう しょう	おい むこ	Nephew	племенник
甩	しゅつ		Throw Away | Discard	изхвърлям
甬	よう		Road With Walls On Both Sides	път със стени от двете страни
甯	ねい にゅう でい にょう	ねが.い	Peaceful	спокоен
甸	でん てん	かり	Region Around The Imperial Capital | Outskirts	околности на столицата
甼	ちょう	まち	Town | Block	градче | квартал
甽	けん けい きょう	みぞ	Drain Between Fields | Irrigation	отточен канал между полета
甾	し	かめ	Ground That Has Been Under Cultivation For One Year | Evil | Calamity	обработвана земя | зло | бедствие
甿	もう みょう ぼう		Farming Population	земеделско население
畀	ひ	あたえるもの	To Give	давам
畄	りゅう る	と.める と.まる とど.める とど.まる るうぶる	Fasten | Halt | Stop	спирам | задържам
畆	ぼう ほ も む	せ うね	Chinese Land Measure | Fields	китайска мярка за земя
畇	いん しゅん きん	たがや.す	Land	обработена земя
畉	ふ	たがや.す	Till | Cultivate	обработвам земя
畊	きょう こう	たが.やす	Plow | Cultivate	ора | обработвам
畋	でん てん	かり	Till | Cultivate | Hunting	обработвам земя | лов
畍	かい	さかい	Circle | World	свят | граница
畎	けん てい きょう	みぞ	Drain Between Fields | Irrigation	отточен канал между полета
畐	ふく ひょく ひき		To Fill | Roll Of Cloth	пълня | топ плат
畒	ぼう ほ も む	せ うね	Chinese Land Measure | Fields	китайска мярка за земя
畚	ほん	もっこ ふご	Basket | Hamper	кошница
畛	しん	あぜ	Boundary Between Paddies	граница между оризища
畟	しょく しき そく		Plough	плуг
畢	ひつ	おわ.る あみ おわ.り ことごとく	The End | Finish	край | приключвам
畤	じ し		Festival Grounds	място за церемонии
畦	けい	あぜ うね	Rice Paddy Ridge | Furrow | Rib	бразда | лехова граница
畧	りゃく	ほぼ おか.す おさ.める はかりごと はか.る はぶ.く	Abbreviation | Omission | Outline | Shorten | Capture | Plunder	съкращение | план
畩		けさ	Surplice | (kokuji)	кеса (будистка наметка)
畫	が かく え かい	えが.く かく.する かぎ.る はかりごと はか.る	Picture | Sketch | Drawing | Stroke | Mark | Divide	картина | рисунка
畬	よ	あらた	Reclaimed Field	възстановена нива
畭	よ しゃ		New Field	нова нива
畯	しゅん		Rustic | Crude	селски | груб
畱	りゅう る	と.める と.まる とど.める とど.まる るうぶる	To Detain | To Entertain | To Keep | To Put By	задържам
畲	よ しゃ	あらた やきた	To Cultivate Land By First Setting Fire To It	подсечно-огнево земеделие
畴	ちゅう	うね たぐい ひと.しい	Farmland | Arable Land | Category	обработваема земя | категория
當	とう	あ.たる あ.てる まさ.に	Bear | Accept | Undertake | Just	нося отговорност | точно
畷	てつ てい せい	なわて	Rice Field Ridge Path	пътека между оризища
畸	き		Difference | Strange | Cripple	странен | деформиран
畺	きょう こう	さかい	Boundary | Border	граница
畽	とん たん とう つ	そろわない	Ground	земя
畾	るい らい すい	とりで	Fields Divided By Dikes	ниви, разделени с диги
疂	じょう ちょう	たた.む たたみ かさ.なる かさ.ねる	Counter For Tatami Mats | Fold	брояч за татами | сгъвам
疆	きょう	さかい	Boundary	граница
疇	ちゅう	うね たぐい ひと.しい	Before | Companion | Same Kind	преди | съратник
疉	じょう ちょう	たた.む たたみ かさ.なる	Repeat | Duplicate | Repetitious	повтарям
疊	じょう ちょう	たた.む たたみ かさ.なる かさ.ねる	Tatami | Counter For Tatami Mats | Fold | Shut Up | Do Away With	татами | сгъвам
疋	ひき しょ そ ひつ	あし	Head | Counter For Animals	брояч за животни или топове плат
疏	そ しょ	あら.い うと.い うと.む とお.る とお.す まばら	Pass Through | Note | Commentary | Estrangement | Sparseness | Neglect | Penetrate	оскъден | отчужден | коментар
疐	ち し てい たい	つまず.く	Fall | Stumble | Falter | Hindered	падам | препъвам се
疒	だく にゃく そう じょう しつ	や.む	Trailing Sickness | Sick Radical (no. 104)	болест
疔	てい ちょう		Carbuncle	цирей
疕	ひ	できもの	Head Sores	рани по главата
疙	ぎつ ごち き け	おろ.か	Pimple | Sore | Boil | Wart | Pustule	пъпка | цирей
疚	きゅう	やま.しい や.む	Ashamed | Painful | Guilty Conscience	угризение на съвестта
疝	せん さん		Colic | Stomach Ache	колики | коремна болка
疢	ちん		Aching Of Limbs | Muscular Pains	болка в крайниците
疣	ゆ ゆう	いぼ	Wart	брадавица
疤	は へ	やまい	Scar | Cicatrix | Birth-mark	белег
疥	かい	はたけ	Scabby Eruption	краста
疱	ほう	もがさ	Smallpox | Blister	едра шарка | мехур
疳	かん		Children's Diseases	детски болести
疴	あ	やまい	Illness | Sickness | Disease | Pain	болест
疵	し	きず	Crack | Flaw | Scratch | Speck	недостатък | петно
疸	たん		Jaundice	жълтеница
疹	しん ちん	はしか	Measles | Sickness	обрив | дребна шарка
疼	とう	うず.く いた.む	Ache | Pain | Tingle | Fester	боля | изтръпвам
疽	そ しょ	かさ	Carbuncle	цирей
疿	ひ	あせも	Prickly Heat | Rash	потница
痀	く う	せむし	Crouch | Hunchback	прегърбен
痁	せん てん	おこり	Chronic Malaria	хронична малария
痂	か け	かさ かさ.ぶた	Scab | Dry Up | Slough	краста | коричка
痃	げん けん		Cramps	спазми
痄	さ じゃ		Scrofulous Swellings And Sores	скрофулозни отоци
痊	せん		Heal	оздравявам
痌	とう ず	いた.む	Ache | Be In Pain | Painful	боля
痍	い	きず	Injury	рана
痏	い ゆう う	うちきず	Bruise | Contusion	синина
痒	よう	かゆ.がる かさ かゆ.い	Itchy	сърбящ
痔	ぢ じ	しもがさ	Piles | Hemorrhoids	хемороиди
痗	ばい まい かい	や.む	Ill	болен
痙	けい	つ.る ひきつ.る	Have A Cramp	имам спазъм
痜	とく	かさ	Scabby Bald Head	плешива краста по главата
痞	ひ	つかえ	Constipation | Costiveness In Chest Or Intestines	запек | тежест в гърдите
痠	さん	いた.む	Aching Of Limbs | Muscular Pains	болка в мускулите
痡	ほ ふ	や.む	Disease | Ailment	болест
痣	し	あざ ほくろ	Birthmark | Mole	бенка
痤	さ	はれもの えのご	Swelling Of The Lymph Glands	подуване на лимфни жлези
痧	さ	これら	Cholera | Colic	холера | колики
痮	ちょう	は.れる ふく.らむ ふく.れる	Swelled Belly | Dropsical | To Swell | Inflated	подут корем
痯	かん	や.む	Sick	болен
痰	たん		Sputum | Phlegm	храчка
痱	ひ はい		Heat Rash | Prickly Heat | Ulcers	топлинен обрив
痲	ま ば	しび.れる	Measles | Paralysis	дребна шарка | парализа
痳	りん		Gonorrhea	гонорея
痹	ひ	しび.れる	Paralysis | Numbness	парализа | изтръпване
痺	ひ	しび.れる	Palsy | Become Numb | Paralysed	парализа | изтръпване
痼	こ		Chronic Illness	хронична болест
痾	あ	やまい	Chronic Illness	хронична болест
痿	い	な.える	Atrophy | Go Numb | Be Paralysed	атрофия | изтръпване
瘀	よ お	やまい	Hematoma | Contusion | Extravasated	хематом
瘁	すい	つか.れる	Take Sick | Fatigue	преумора | разболявам се
瘂	あ	おし	Dumb	ням
瘃	しょく そく ちょく とく	しもや.け	Sores From Cold	измръзвания
瘈	けい せい	くる.う	Prolonged Fever | Chronic Malaria	продължителна треска
瘉	ゆ	い.える いや.す	Get Well | Recover	оздравявам
瘊	こう ぐ	いぼ	Warts | Pimples	брадавици
瘋	ふう		Insanity | Headache	лудост
瘌	らつ らち らい	きず	Severe | Poisonous | Dangerous | Itch And Other Skin Diseases	тежък | опасен | сърбеж
瘏	と ず	や.む	Ill	болен
瘓	たん	や.む	Paralysis | Numbness Of Limbs	парализа
瘕	か け	やまい	Asthma | Disease Of The Bowels	астма | чревна болест
瘖	いん おん	おし	Dumb | Mute | Unable Speak	ням
瘘			Fistula | Sore | Ulcer | Goiter	фистула | язва
瘙	そう	かさ	Itch	сърбеж
瘜	しょく そく		Polypus	полип
瘝	かん けん	や.む	Illness | Pain | Neglect | Useless	болест | болка
瘞	えい	うず.める	Bury | Inter	погребвам
瘟	おん	えやみ	Contagious Disease	заразна болест
瘠	せき じゃく	やせ.る	Get Thin | Lose Weight | Become Sterile	отслабвам | изтощавам се
瘡	そう しょう	かさ	Wound | Boil | Syphilis	рана | цирей
瘢	はん	きず	Scar	белег
瘥	さ しゃ さい	い.える	To Recover From Any Disease | An Epidemic	оздравявам | епидемия
瘦	そう ちゅう しゅう ちゅ	やせ.る	Thin | Emaciated | Lean | Meager	слаб | измършавял
瘧	ぎゃく がく	おこり	Ague | Intermittent Fever	малария | периодична треска
瘨			Mad | Ill	луд | болен
瘩	とう	はれもの	Pimples	пъпки
瘭	ひょう	はれもの	Whitlow	панарициум
瘰	るい ら らい		Swollen Neck Glands	подути жлези на шията
瘲	しょう しゅ	ひきつ.け	Spasms Or Convulsions In Young Children | Caused By Indigestion	детски спазми
瘳	ちゅう ちゅ りょう	い.える	To Be Healed | To Reform	оздравявам
瘴	しょう		Miasma	зловонни изпарения
瘵	さい せい	や.む	Wasting Disease	изтощителна болест
瘸	か くう		Lameness | Paralysis Of Hands | Leg	куцота
瘺	る ろう	せむし かさ できもの	Anal Fistula | Tumor | Sore	фистула | тумор
瘻	る ろう	せむし かさ できもの	Fistula	фистула
瘼	ばく まく	や.む	Sickness | Distress	болест | страдание
癀	こう おう		Jaundice	жълтеница
癃	りゅう りゅ	つか.れる	Weakness | Infirmity | Retention Of Urine	слабост | задържане на урина
癆	ろう		Rash | Pain | Debilitation	изтощителна болест
癇	かん	ひきつけ	Bitter | Hot Temper | Irritable | Nervous	раздразнителност | нервност
癈	はい		Chronic Illness | Getting Crippled	хронична болест
癉	たん た	やす.む	To Hate Bitterly | Drought | Dry	суша | горчива омраза
癊	いん おん		Disease Of The Heart	сърдечна болест
癕	よう	はれもの	Loss Of The Sense Of Smell	загуба на обоняние
癘	れい らい	えやみ	Contagious Disease | Leprosy	заразна болест | проказа
癙	しょ		Ill	болен
癜	でん てん	なまず	Leucoderma | Piebald Skin	витилиго
癟	はつ へつ べち	とべない	Shrivelled Up | Dried Up | Vexed	сбръчкан | изсъхнал
癡	ち	し.れる おろか	Foolish	глупав
癢	よう	かゆ.い	Itchy	сърбящ
癤	せつ せち	かさ	Pimple | Sore | Boil	цирей
癥	ちょう	しこり	Obstruction Of Bowels	запушване на червата
癧	れき		Swollen Neck Glands	подути жлези на шията
癨	かく		Heatstroke | Sunstroke	топлинен удар
癩	らい		Leprosy	проказа
癪		しゃく	Spasms | (kokuji)	спазъм
癬	せん	たむし	Ringworm	стригущ лишей
癭	えい よう	こぶ	Swelling | Goitre	гуша
癮	いん おん	はれもの	Rash | Addiction | Craving | Habit	обрив | пристрастяване
癯	く	やせ.る	Thin | Emaciated | Worn | Tired	слаб | изтощен
癰	よう	はれもの	Boil | Carbuncle	цирей
癱	たん	しび.れる	Paralysis | Palsy | Numbness	парализа
癲	てん		Insanity	лудост
癶	はつ		Dotted Tent Radical (no. 105)	радикал (тръгвам)
癸	き	みずのと	10th Calendar Sign	десети циклечен знак
發	はつ ほつ	た.つ あば.く おこ.る つか.わす はな.つ	Departure | Publish | Emit | Start From | Disclose	тръгвам | публикувам
皀	きゅう ひょく きょう こう		Fragrant | Grain	ароматен | зърно
皁	そう	しもべ	Black | Police Runners (from The Black Clothes Formerly Worn By Them)	черен | полицейски служители
皃	ぼう ばく	かたち かたどる	Countenance | Appearance	вид | лице
皈	き	かえ.る かえ.す おく.る とつ.ぐ	Homecoming | Arrive At | Lead To | Result In	завръщане у дома
皋	こう	さつき	The High Land Along A River	висок бряг на река
皎	きょう こう	きよ.い しろ.い	White | Shining	бял | блестящ
皖	かん		Venus | Morning Star | Place Name	Венера | провинция Анхуей
皙	しゃく せき	しろ.い	Clear	ясен | бял (за кожа)
皚	がい ぎ げ かい	しろ.い さむ.い	White	бял
皜	こう		White | Bright | Clear | Pure	бял | ясен
皝	こう おう		Luminous | Bright Hoary | White	светъл | бял
皞			Bright | Brilliant	ярък
皡			Bright | Brilliant	ярък
皤	は はん		White | Grey | Corpulent	бял | побелял | пълен
皥	こう	あき.らか	Bright | Brilliant	ярък
皦	きょう	しろ.い	Bright White | Bright | Clear	ярко бял
皭	しゃく ざく しょう	しろ.い	White | Bright | Clear | Clean	бял | чист
皰	ほう びょう	にきび	Pimple	пъпка
皴	しゅん	ひび しわ	Wrinkles | Cracking | Creases	бръчки | пукнатини
皷	こ	つづみ	Drum | Beat | Rouse	барабан
皸	くん きん	ひび あかぎれ	Skin Cracks Or Roughness	напукана кожа
皹	くん きん	ひび あかぎれ	Skin Cracks Or Roughness	напукана кожа
皺	しゅう すう	しわ しぼ	Wrinkles | Creases | Folds	бръчки
皽	てん せん しゅう たん	かわ	Scurf	пърхот
盂	う	はち	Bowl	купа
盃	はい	さかずき	Glass | Cup	чаша
盅	ちゅう じゅ	むな.しい	Small Cup | Small Bowl	малка чаша
盈	えい	み.たす み.ちる	Fullness | Enough | Pride | Satisfy	пълнота | изобилие
盌	わん		Bowl | Basin | Cup	купа
盍	こう	おお.う なんぞ	Come Together | Congregate | Meet | Cover	събирам се | покривам
盎	おう	はち	Cup | Pot | Bowl | Abundant	съд | изобилен
盒	こう	さら ふたもの	Covered Utensil	кутия с капак
盔	かい	はち	Helmet | Bowl | Basin	шлем | купа
盖	がい かい こう	ふた けだ.し おお.う かさ かこう	Cover | Lid | Flap	капак | покривам
盙	ふ		Basket | Square Outside And Round Inside | Used To Hold Boiled Grain In State Worship	кошница за жертвени зърна
盜	とう	ぬす.む	Thief | To Steal	крадец | крада
盞	さん せん	さかずき	Sake Cup	чаша за саке
盡	じん さん	つ.くす つ.きる つ.かす さかづき ことごと.く	Exhaust | Use Up | Run Out Of | Deplete | Befriend | Serve	изчерпвам
盥	かん	たらい そそ.ぐ	Tub | Washbasin	леген
盦	おう あん おん	ふた	Lid Of A Cauldron | Buddhist Cloister	капак на котел | будистки манастир
盪	とう	とろ.かす あら.う うご.く	Melt | Be Charmed | Captivated	топя | очаровам се
盬	こ く	あらしお	Salt Pit | Leisure | Pot | Drink	солна яма
盱	く う こ		Wide Open Eyes | To Gaze In Astonishment	ококорени очи | гледам с почуда
盹	しゅん		To Doze | To Nap | To Nod	дремя
盻	けい	にら.む	Glare At | Toil	гледам гневно | трудя се
盼	はん へん ふん		Look | Gaze | Expect | Hope For	гледам | надявам се
眄	べん めん	かえり.みる	Looking Askance	гледам изкосо
眆	ほう	ほの.か なら.う	Indistinct	неясен
眇	びょう みょう	びょう.たる すがめ	Minuteness | Squint	дребен | кривоглед
眈	たん	にら.む	Watch Intently	следя внимателно
眊	ぼう もう ばく まく	くら.い	Dim-sighted | Eyes Not Seeing Clearly	слабо зрение
眎	し	み.る	Look At | Inspect | Observe | See	гледам | наблюдавам
眕	しん ちん		Restraint	сдържаност
眙	ち ちょう い	み.つめる	To Gaze At	взирам се
眚	せい しょう		Disease Of The Eyes | Crime | Fault	болест на очите | вина
眛	まい ばい	くら.い	Dark	тъмен
眢	わん えん おん		Eyes Without Brightness	помътнели очи
眤	けい だい	てい い	Glance At | Gaze At	хвърлям поглед
眥	せ いし さい し せい	まなじり めじり	Outside The Corner Of The Eye	ъгълче на окото
眦	せ いし さい し せい	まなじり めじり	Corner Of The Eyes | Eyesockets	ъгълче на окото
眨	そう しょう	またた.く	Wink	мигам
眩	げん かん	げん.す くるめ.く まぶ.しい くら.む まど.う めま.い まばゆ.い くれ.る ま.う	Faint | Dizzy	замаян | заслепен
眯	べい まい び み	くる.む	Be Blinded	заслепен съм
眴	けん しゅん	またた.く めくわ.す めくわ.せる	Dazzled | Signal With Eyes	заслепен | намигвам
眵	し	まなじりをいた.める	Eyes Diseased And Dim	болни, помътнели очи
眶	きょう こう	まぶた	Eye Socket | Rim Of Eye | Eyelid	очна кухина | клепач
眷	けん	かえり.みる	Look Around | Regard Affectionately	оглеждам се | гледам с обич
眹	ちん じん しょう	ひとみ	Pupil	зеница
眽	ばく みゃく べき		To Gaze | To Ogle | To Look At	взирам се | поглеждам
眾	しゅう しゅ	おお.い	Masses | People | Multitude | Crowd	тълпа | множество
睅	かん げん		Big-eyed	с големи очи
睆	かん げん わん		Bright	ясен | светъл
睇	てい だい		Looking Askance At	гледам изкосо
睊	えん だん	ぬすみ.みる	See | Look | Gaze At | Askance	поглеждам изкосо
睍	けん		Look At With Fear | Over-cautious	гледам страхливо
睎	き け		To Long For | To Gaze At	копнея | взирам се
睏	こん	ねむ.る	Be Tired | Sleepy	уморен | сънлив
睒	せん だん	ぬすみ.みる	To Glance At | To Peep | Glittering | To Shine	хвърлям поглед | надничам
睖	ちょう りょう	みる	To Stare Straight Ahead	взирам се право напред
睘			Round | Stare	кръгъл | втренчен поглед
睚	がい	まなじり	Glare | Angry Look	гневен поглед
睛	せい しょう	ひとみ	Pupil Of The Eye	зеница
睜	せい じょう	めっき	Open Eyes | Stare	отварям очи | втренчвам се
睞	らい	みる	Squint At | Sidelong Glance	гледам изкосо
睟	すい さい	あき.らか	Clear-eyed	с ясен поглед
睠	けん	かえり.みる	To Care For | Love	грижа се | обичам
睢	き けい け すい	みあ.げる	Gaze At | Stare At | Uninhibited | Open Eyes Wide	взирам се | необуздан
睥	へい	ながしめ み.る	Glare At	гледам гневно
睨	げい	にら.む にら.み	Glaring At | Authority | Power | Scowl At	гледам гневно | свъсено
睪	えき やく じょう にょう	うかがい.める	Spy On	шпионирам
睫	しょう	まつげ	Eyelashes	мигли
睬	さい		Notice | Pay Attention To	обръщам внимание
睹	と	み.る	Look At | See	гледам | виждам
睽	けい け き		Staring	втренчен поглед
睾	こう		Testicles	тестиси
睿	えい	あき.らか	Intelligence | Imperial	мъдрост | проницателен
瞀	ぼつ ぼう も む ばく まく		To Look At Closely | Nearsighted | Dim | Indistinct Vision	късоглед | неясно зрение
瞄	びょう	み.つめる	Take Aim At | Look At	прицелвам се
瞋	しん	い.かる いか.らす	Be Angry	гневя се
瞌	こう		Doze Off | Sleepy	задрямвам
瞍	そう す しょう	めくら	Blind | No Pupil In The Eye	сляп
瞎	かつ	めくら かため	Blind Eye | One Eye	сляп | едноок
瞕	しょう	かす.む	Cataract In The Eye	перде на окото
瞖	えい		Cataract | Film Over The Eye	перде на окото
瞞	まん もん ばん ぼん	だま.す	Deception	измама
瞟	ひょう	み.る	Glare At | Look Askance At | Squint | Scrutinizing Search	гледам изпитателно
瞠	どう とう	みは.る	Stare Intently	втренчвам се
瞢	ぼう む もう	くら.い	Obscured Eyesight | To Feel Ashamed	замъглено зрение | засрамен
瞤			To Blink Or Twitch The Eyes	примигвам
瞥	べつ へつ		Glance At	хвърлям бегъл поглед
瞧	しょう	ぬすみ.みる	Glance At | Look At | See	гледам | поглеждам
瞩			Watch Carefully | Stare At | Focus On	следя внимателно
瞪	とう	みは.る	Stare At	втренчвам се
瞯	かん けん	うわめづかい ながしめ	To Peep | To Spy	надничам | шпионирам
瞰	かん	み.る	Look | See	гледам отгоре
瞵	りん れん	ひとみ	To Stare At	взирам се
瞶	き		See Everything	виждам всичко
瞹	あい		Hidden | Unclear	скрит | неясен
瞻	せん	み.る	Look At	гледам
瞼	けん	まぶた	Eyelids	клепачи
瞽	こ	めし.い	Blind Person	слепец
瞿	く	おそ.れる み.る	Surname	фамилно име
矇	もう ぼう	くら.い めし.い	Blind	сляп
矉	ひん	にら.む	An Angry Glare | To Open The Eyes With Anger	гневен поглед
矍	かく		Surprise & Confusion	изненада | объркване
矑	ろ る	みる	The Pupil Of The Eye | To See	зеница
矕	ばん まん らん	み.る みそな.わす	See | Witness | Inspect	гледам | наблюдавам
矗	ちょく しゅく ちく	なお.い	Luxuriance	буен растеж | стройно изправен
矙	かん	み.る	View	изглед | гледам
矚	しょく そく	み.る	Look Intently	взирам се напрегнато
矜	きん きょう けい	あわ.れむ つつし.む ほこ.る	Pride | Respect	гордост | уважение
矞	いつ いち しゅつ じゅち	あなをあ.ける	Bore With Awl | Bright | Charming	пробождам с шило | ярък
矟	さく	ほこ	8 Ft Lance	дълго копие
矣	い		Sentence Particle	завършваща частица (класически китайски)
矧	しん	は.ぐ いわ.んや はぐき はぎ	Feather (arrow)	перо на стрела
矬	さ		Dwarf	джудже
矮	わい あい	ひく.い	Low | Short	нисък
矰	そう		Arrow With Attached Silk Cord	стрела с прикачена копринена връв
矱	わく	ものさし	Measure | Standard | Criterion	мярка | стандарт
矴	てい	いかり	Anchor	котва
矸	かん	きぬた	Rock | Cliff	скала | урва
矻	こつ くち かつ かち	いし	Toil | Slave Away | Busy	трудя се неуморно
矼	こう		Stepping Stone | Hard | Serious Minded	стъпало (камък) | твърд
砆	ふ	いし	1/2 Pr Stone	вид полускъпоценен камък
砌	さい せい	みぎり	Time | Occasion	момент | случай
砍	かん こん きん	き.る	Hack | Chop | Cut | Fell	сека | отсичам
砑	が げ	する	To Grind | To Calender | To Polish | To Roll With A Stone Roller	шлифовам | лъскам с камък
砒	ひ へい		Arsenic	арсен
砝	きょう こう ほう	かた.い	Balance Weights	тежести за везна
砠	そ しょ		Stony Hill | Stony Mountain	каменист хълм
砢	ら か	いしづみ	Pile Of Stones	куп камъни
砣	た	いし	Stone Roller | Heavy Stone | Weight | Plummet	тежък камък | отвес
砥	し てい きい ち	と といし と.ぐ みが.く	Whetstone | Grindstone	точило
砧	ちん	きぬた	Fulling Block	дъска за пране
砬			Big Stone	голям камък
砭	へん	いしばり	Stone Probe | Pierce | Counsel	каменна игла (за акупунктура) | съвет
砮	ど ぬ	やじり	Arrow-tip	връх на стрела
砰	ほう ひょう		Sound Of Crashing Stones | Bang!	трясък на камъни
砵	おう はつ		Syllable	сричка (транслитерационен знак)
砷	しん		Arsenic	арсен
砺	れい	あらと みが.く	Whetstone | Polish	точило | шлифовам
砿	こう	あらがね	Ore	руда
硃	しゅ		Red Mole | Cinnabar	червен минерал | цинобър
硅	かく きゃく けい	やぶ.る	Silicon	силиций
硇	どう にょう		Kind Of Mineral	вид минерал
硎	けい	といし	Whetstone	точило
硏	けん	とぐ みがく	Grind	шлифовам
硒	せい		Selenium (element)	селен
硜	こう きょう けい		Sound Of Stones Knocking Together	звук от удрящи се камъни
硤	こう ぎょう		(arch.) Town In Hebei Province	град в Хъбей
硨	しゃ		Giant Clam | Tridacna Gigas	гигантска мида
确	かく		Sure | Certain | Real | True	сигурен | истински
硲		はざま	Ravine | Gorge | Gap | (kokuji)	клисура
硴		かき	Oyster | (kokuji)	стрида
硼	ほう		Sound Of Stones Struck Together | Boron	бор (елемент) | звук от удар на камъни
硾	つい ずい だ	つ.く	Weight	тежест
碆	は		Arrowhead | Weight Attached To An Arrow By A Cord	връх на стрела с връв
碇	てい	いかり	Anchor | Grapnel	котва
碌	ろく	ろく.な	Satisfactory	задоволителен
碍	がい げ	さまた.げる	Obstacle	пречка
碎	さい	くだ.く くだ.ける	Break | Smash | Broken | Busted	чупя | троша
碏	しゃく さく せき	つつし.む	Coloured	оцветен
碔	ぶ む		1/2 Pr Stone	вид полускъпоценен камък
碕	き	さき さい みさき	Cape | Spit | Promontory	нос | полуостровче
碗	わん	こばち	Porcelain Bowl | Tea Cup	порцеланова купа | чаша
碘	てん		Iodine	йод
碚	はい		Mound | Bud	хълмче | пъпка
碞	がん	いわ けわ.しい	Room Made Of Stone | Watch-tower	каменна стая | наблюдателна кула
碟	かつ がち せつ ぜち	かわぐつ	Small Dish | Plate	малка чиния
碡	とく ちく じく		Stone Roller Used To Level Fields	каменен валяк за изравняване на ниви
碣	けつ	いしぶみ	Round Stone | Monument	кръгъл камък | паметник
碪	ちん	きぬた	Stone Slab Used For Washing Clothes | An Anvil	плоча за пране | наковалня
碬	か け げ	といし	Whetstone | Tool Grinder	точило
碭	とう	いし	Brilliantly Colored Veined Stone	шарен камък с ярки жилки
碯	のう		Agate	ахат
碰	ほう	ぶつか.る	Collide | Bump Into	сблъсквам се
碱	けん かん せん	あ.く	Alkaline | Alkali | Lye | Salt	алкален | луга
碳	たん		Carbon	въглерод
碵			Cornerstone | Large | Great | Eminent	крайъгълен камък | велик
碻	かく こう	たし.かめる	Solid	твърд | сигурен
碼	ば め	やあど やある	Number | Wharf | Agate | Yard (91.44 Cm)	ярд | кей | номер
碾	てん	ひ.く う.す	Mortar | Grind	хаван | смилам
磅	ぼう ほう	ぽんど	Become Obstructed | Pound (sterling, Lb)	лира | паунд (тегло)
磆	かつ		Stone Implement	каменен инструмент
磇	ひ へい		Arsenic	арсен
磉	そう	いしずえ	Stone Base | Plinth Of A Pillar	основа на колона
磊	らい		Many Stones	много камъни
磋	さ	みが.く	Polish	шлифовам
磎	けい	たに たにがわ	Mountain Stream | Creek	планински поток
磑	がい	う.す	Mortar | Hand Mill	хаван | ръчна мелница
磒	いん えん うん	おち.る	To Fall From | To Fall Into	падам от
磔	たく ちゃく	さ.く はりつけ ひらく	Crucifixion	разпятие
磕	かい こう かつ かち		Hit | Collide | Knock Into | Sound	удрям | сблъсквам се
磚	せん	かわら	Tile	тухла | плочка
磛	さん せん	けわ.しい	Cliff	скала | урва
磟	りく ろく		Mediocre | Busy | Occupied | Roller	среден | валяк
磠	ろ	すな	Sal Ammoniac | Sand | Pebble	амонячна сол | пясък
磡	かん こん		Cliff | Ledge | Bank | Step	скала | ръб
磧	せき	かわら	Expanse Of Sand | Pebbly Beach	пясъчна ивица | чакълест бряг
磪	さい すい	けわ.しい	High Mountain | Precipitous	висока планина | стръмен
磬	けい		Upside-v-shaped Gong	камбанообразен гонг
磴	とう		Stone Steps | Stone Bridge	каменни стъпала | каменен мост
磷	りん ろう りょう	なが.れる うすい うす.らぐ きらら	Phosphorus (element) | Water Rushing Between Rocks	фосфор | вода, шуртяща между скали
磺	こう	あらがね	Sulphur (element) | Brimstone	сяра
磻	はん は	いし	Tributary Of Wei River In Shaanxi	приток на река Уей
磽	こう きょう		Rocky | Barren	скалист | безплоден
礇	いく		Jewel	скъпоценен камък
礑	とう	はた はたと	Bottom | Base | Slap | Bang | All Of A Sudden	дъно | внезапно
礙	がい げ	さまた.げる	Obstruct | Hinder | Block | Deter	преча | задържам
礟	ほ ほう	いしはじき	Ancient Ballista For Throwing Heavy Stones | Cannon | Gun	древна балиста | оръдие
礦	こう	あらがね	Mine | Mineral | Ore	мина | руда
礧	らい るい		Roll	търкалям
礪	れい	あらと みが.く	Whetstone | Polish	точило | шлифовам
礫	れき	つぶて こいし	Small Stones	дребни камъчета
礬	ばん はん		Alum	стипца
礮			Ancient Ballista For Throwing Heavy Stones A Cannon | A Gun	древна балиста | оръдие
礱	ろう る	と.ぐ	Grind | Sharpen | Mill	шлифовам | точа
礴	はく	ま.じる	Fill | Extend	пълня | разпростирам се
礵	そう	ひそ	Arsenic	арсен
礻	し		Cult | Showing Radical (no. 113)	радикал (олтар, дух)
礽	じょう にょう	さいわ.い	Blessings | Happiness	благословии | щастие
礿	やく よう	まつり	Sacrifice	жертвоприношение
祀	し	まつ.る まつり	Enshrine | Worship	почитам | боготворя
祁	き け		Intense | Large	силен | голям
祅	よう	わざわ.い	Calamities | Disasters	бедствия
祆	けん てん		Ormazda | God Of The Zoroastrians (extended To God Of The Manicheans)	Ормазд (зороастрийски бог)
祊	ほう ひょう	まつり	River In Shandong | Space Inside	жертвен параван до храмова врата?
祏	せき じゃく	いはい	Shrine	ковчеже за родови таблички
祓	ふつ はい	はら.う	Exorcise	прогонвам зли духове | ритуално пречиствам
祔	ふ	あわせまつ.る	Worship One's Ancestors | Entomb	почитам предци | погребвам заедно
祕	ひ	ひ.める かく.す	Mysterious | Secret | Abstruse	тайнствен | скрит
祗	し	つつし.む まさに	Respectful	уважителен | почтителен
祘	さん	かぞ.える	To Calculate	смятам
祚	そ	くら.い さいわ.い	Imperial Throne | Happiness	императорски трон | щастие
祛	きょ こ	はら.う	Expel | Disperse | Exorcise	прогонвам | разсейвам
祜	こ	さいわ.い	Blessing | Happiness | Prosperity	благословия | щастие
祟	すい	たた.る たた.り	Curse | Haunt	проклятие | преследвам (за дух)
祠	し	ほこら まつる	Small Shrine	малък храм | светилище
祢	ね でい ない		Ancestral Shrine	храм на предците
祧	ちょう		An Ancestral Hall	зала на предците
祫	こう ぎょう	まつ.る	Triennial Sacrifice One's Ancestor	тригодишно жертвоприношение на предците
祲	しん		Ominous Or Sinister Spirit | Vigor	зловещ дух
祷	とう	いの.る いの.り まつ.る	Pray	моля се
祺	き	さいわ.い やす.い	Fortunate | Blessed | Peace Of Mind | Security	щастлив | благословен
祼	かん	まつり	Libation	възлияние (ритуал)
祿	ろく	さいわ.い ふち	Fief | Allowance | Pension | Grant | Happiness	заплата | благодат
禀	りん ひん	こめぐら	Salary In Rice	заплата в ориз
禊	けい かつ	みそぎ はら.う	Shinto Purification Ceremony	шинтоистка церемония за пречистване
禋	いん えん	まつ.る	Offer Sacrifice | Sacrifice	принасям жертва
禓	よう しょう	まつり	To Drive Out Demons, Etc., (as Was Done At The New-year)	прогонвам демони
禔	し てい だい	さいわ.い	Happiness | Peace | Good Fortune	щастие | мир
禕	い	よい	Excellent | Rare | Beautiful | Fine	отличен | рядък
禖	ばい まい		Sacrifice	жертвоприношение
禘	てい だい	まつり	Imperial Ancestor Worship	императорско почитане на предците
禜	えい よう		Sacrifice	жертвоприношение
禝	しょく	きび	Proper Name	зърнено божество (собствено име)
禡	ば め	まつり	Sacrifice Place For Military Purposes	място за военно жертвоприношение
禦	ぎょ ご	ふせ.ぐ	Defend | Protect | Resist | Ward Off	защитавам | отбранявам се
禧	き	さいわ.い	Fortunate | Auspicious	щастлив | благоприятен
禨	き け	きざし	Pray For Good Fortune	моля се за късмет
禪	ぜん せん	しずか ゆず.る	Zen Buddhism | Silent Meditation	дзен будизъм | медитация
禫	たん どん	まつり	Sacrifice Offered On Anniversary	годишно жертвоприношение
禮	れい らい		Social Custom | Manners | Courtesy | Rites	учтивост | обреди
禰	ね でい ない		Ancestral Shrine	храм на предците
禱	とう	いの.る まつ.る	Pray | Entreat | Beg | Plead | Prayer	моля се
禳	じょう	はら.う	Exorcise | Drive Away	прогонвам зли духове
禴	やく よう	まつり	Sacrifice	жертвоприношение
禸	じゅう にゅ	あしあと	Rump | Footprint Radical (no. 114)	радикал (следа)
禹	う		Name Of A Chinese Emperor	митичен китайски император Юй
禺	ぐ ぐう	おながざる	Long-tailed Monkey	дългоопашата маймуна
离	ち り		Rare Beast | Strange | Elegant	рядко животно | странен
禽	きん	とり とりこ	Bird | Captive | Capture	птица | пленник
禾	か	いね	Two-branch Tree Radical (no. 115)	радикал (класче)
禿	とく	ちび.る かむろ は.げる はげ	Become Bald | Bare | Wear Out | Waste Away | Little Girl Employed At A Brothel	оплешивявам
秇	げい うん	う.える のり わざ	Skill | Ability In Handicraft A Craft | An Art | Calling | Trade | Accomplishment	умение | занаят
秈	せん	うるち	Non-glutinous Long Grain Rice	дългозърнест ориз
秉	へい	と.る	Take | Cherish | Sheaf | Unit Of Volume (10 Koku; 1,800 L)	вземам | ценя | сноп
秊	ねん	とし	Year | New-years | Person's Age	година
种	ちゅう	おさない	Seed | Race | Breed | To Plant	семе | засаждам
秏	こう かい ぼう もう		To Waste | To Destroy | To Diminish (hence It Came To Mean A Rat)	пилея | унищожавам
秔	こう	うるち ぬか	Non-glutinous (ordinary) Rice	обикновен ориз
秕	ひ	しいな	Empty Grain Or Rice Husk | Chaff	плява
秠	ひ ふう ふ ひゅう ひゅ	くろきび	Millet	просо
秡	はつ ばち		Damaged Grain	повредено зърно
秣	まつ ばつ	まぐさ まぐさかう	Fodder	фураж
秤	しょう ひん びん	はかり	Balances | Scales | Steelyard	везни
秧	おう	なえ	Rice | Seedlings	ориз | разсад
秪	ち	みの.る	Only | Merely	само
秫	じょつ しゅつ ちゅつ	もちあわ おけら	Glutinous Variety Of Millet	лепкаво просо
秬	きょ	くろきび	A Type Of Millet	вид просо
秭	し		One Thousand Millions | Sometimes Used For One Hundred Millions	хиляда милиона (число)
秸	かつ けち かい	わら	Stalks Of Millet | Corn	стъбло на просо | слама
稂	ろう りょう	いぬあわ	Grass | Weeds	трева | плевели
稇	こん	う.れる くく.る	To Bind | As Faggots Of Sheaves	връзвам (снопи)
稈	かん	わら	Straw | Hollow Stem	слама | кухо стъбло
稉	こう	うるち ぬか	Non-glutinous Rice	обикновен ориз
稊	てい だい	いぬびえ	Darnels | Tares	плевели
稌	と ず しょ	いね	Glutinous Rice	лепкав ориз
稍	そう しょう	やや ようやく	Slightly	леко | малко
稑	りく ろく	わせ	Rice	ранозрял ориз
稗	はい ひ	ひえ	Humble | Deccan Grass	кокоше просо
稘	き		Straw | One Year	слама | една година
稙	しょく ちょく		Early-maturing Rice	ранозрял ориз
稛	こん きん くん	くく.る	Bind	връзвам
稞	か げ ら	むぎ	Grain Ready For Grinding | Grain	зърно за мелене | ечемик
稟	りん ひん	こめぐら	Salary In Rice	заплата в ориз
稠	ちゅう ちょう	おお.い し.げる	Density	плътност | гъстота
稭	かつ けち かい	わら	Stalk Of Grain | Rice | Corn | Hemp	стрък зърно | слама
稱	しょう	たた.える とな.える あ.げる かな.う はか.る ほめ.る	Call | Name | Brand | Address | Say	наричам
稷	しょく	きび	Millet	просо
稺	ち じ	いと.けない おさな.い おくて おご.る	Infancy	детство | невръстност
稻	とう て	いね いな-	Rice Plant	оризова култура
稾	こう	わら したがき	Draft | Manuscript | Rough Copy	чернова
穃	よう		(no Known Meaning; S&h Uses Jabberwocky Words)	без известно значение?
穄	せい さい	くろきび	Panicled Millet	метличесто просо
穅	こう	ぬか むな.しい	Chaff | Bran | Husks Of Grain | (from Which Comes: Poor, Remiss)	плява | трици
穆	ぼく もく	やわ.らぐ	Respectful | Mild | Beautiful	уважителен | мек
穇	さん しん	ひえ	Deccan Grass | Barnyard Grass	кокоше просо
穈	ぼん もん び み		Millet	просо
穉	ち じ	いと.けない おさ.ない おく.て おご.る	Infancy	детство
穌	そ	かきあつ.める	Revive | To Rise Again | Collect	съживявам се | събирам
穎	えい	ほさき のぎ	Heads Of Grain | Cleverness	класове | съобразителност
穐	しゅう	あき とき	Autumn	есен
穗	すい	ほ	Ear (of Grain) | Head | Crest (of Wave)	клас | връх на вълна
穜	とう ず しょう しゅ	おくて	Rice	късен ориз
穟	すい	ほ	Ear Of Grain | Ripe Grain	клас | узряло зърно
穠	じょう にゅ	しげ.る	Thick | Lush | In Clusters	буен | гъст (растителност)
穡	しょく		Harvest	жътва
穢	あい え わい	けが.す けが.れ けが.れる	Dirty	мръсен | нечист
穧	せい ざい し	かりいね	Sheaf	сноп
穩	おん	おだ.やか	Calm	спокоен
穪	しょう	たた.える とな.える あ.げる かな.う はか.る ほめ.る	To Praise	хваля
穭	りょ ろ		Wild Grain	диво зърно
穰	じょう	わら ゆたか	Abundance	изобилие
穵	あつ えち	あな	Deep Hollow | Gouge | Dig Out	дълбока вдлъбнатина | изкопавам
穸	せき じょく きゅう	よ.る	The Gloom Of The Grave | Tomb Or Grave | Death	гроб | мрак на гроба
穹	きゅう きょう	あめ そら	Sky	небесен свод
穽	せい	おとしあな	Sunken Trap	капан-яма
穿	せん	うが.つ は.く	Put On (to The Feet) | Dig | Pierce | Drill	обувам | пробивам
窀	ちゅん とん たん	あつ.い	To Bury	погребвам
窄	さく	すぼ.める つぼ.める せま.い	Narrow | Fold | Furl | Shrug | Pucker | Shut | Close	тесен
窅	よう おう べん めん		Far | Deep | Sunken Eyes | Sad	хлътнали очи | тъжен
窆	びん ほう へん	ほうむ.る	To Put A Coffin In A Grave	полагам ковчег в гроб
窈	よう		Quiet	тих | кротък
窊	わ え ゆ	くぼ.む	Pit | Vault | Store In Pit	яма | съхранявам в яма
窑	よう	かま	Kiln | Coal Mine Pit	пещ за изпичане | въглищна шахта
窔	よう	ふか.い	Corner	ъгъл | кът
窕	ちょう よう	うつく.しい	Quiet	тих | изящен
窖	こう きょう	あなぐら	Cellar	зимник | изба
窗	そう す	まど てんまど けむだし	Window | Pane	прозорец
窘	きん	たしな.める くるし.む	Rebuke	смъмрям
窞	たん どん らん	あな	Pit	яма
窠	か	す	Nest | Hole | Indentation | Den	гнездо | дупка
窣	そつ そち		To Rush Out Of A Den | Rustling | Whispering	шумолене | шепот
窩	か わ	むろ	Cave | Pouch	пещера | бърлога
窬	ゆ とう ず	くぐりど	Small Door Or Window | Hole In The Wall | To Cut Through A Wall | Dig Or Bore Hole	малка вратичка | дупка в стена
窰	よう	かま	Brick Kiln | Furnace | Coal Mine Pit	тухларска пещ
窳	わ え ゆ	くぼ.む	Dirty | Useless | Weak | Powerless | Cracked | Flaw	мръсен | слаб | напукан
窵	ちょう とう	おくふか.い	Deep | Distant	дълбок | далечен
窶	ろう く る	や.つる や.つれる	Emaciated	измършавял
窺	き	うかが.う のぞく	Lie In Wait | Spy On | Reconnoiter	дебна | шпионирам
窾			Hole | Hallow | Empty	кухина | празен
窿	りゅう		Vault (of Sky) | Dome	свод | купол
竃	そう	かまど かま へっつい	Kitchen Stove | Furnace | Oven | Hearth	печка | огнище
竄	ざん さん	かく.れる のが.れる	Flee	бягам | крия се
竅	きょう	あな	Hole | Cave	дупка | пещера
竆	きゅう きょう	きわ.める きわ.まる きわ.み	Exhausted | Impoverished | Poor	изтощен | беден
竇	とう とく	あな	Hole | Doorway | Ditch	дупка | отвор
竈	そう	かまど かま へっつい	Hearth | Kitchen Stove	печка | огнище
竉	ろう る	あな	Hole | Cleft | Empty	дупка | празнина
竊	せつ	ぬす.む ひそ.かに	Steal | Secret | Private | Hushed	крада | тайно
竍		デカリットル	Decalitre | (kokuji)	декалитър
竏		キロリットル	Kilolitre | (kokuji)	килолитър
竑	こう おう	ひろ.い	Be Vast And Endless | Broad	обширен | безкраен
竒	き	く.しき あや.しい くし.くも めずら.しい	Strange | Strangeness | Curiosity	странен | любопитство
竓		ミリリットル	Millilitre | (kokuji)	милилитър
竕		デシリットル	Decilitre | (kokuji)	децилитър
站	たん		Stop | Halt	спирам | гара
竚	ちょ	たたず.む	Stop | Linger	заставам | бавя се
竝	へい ほう	な.み なら.べる なら.ぶ なら.びに	Line Up | Be In A Row | Rank With | Rival | Equal	нареждам се | равен
竟	きょう けい	おわ.る ついに わた.る	End | Finally	накрая | край
竡		ヘクトリットル	Hectolitre | (kokuji)	хектолитър
竢	し	まつ	Wait For | Wait Until | As Soon As	чакам
竦	しょう	すく.む おそ.れる つつし.む	Crouch | Cower	присвивам се | треперя от страх
竭	けつ	つく.す	End | Exhaust	изчерпвам напълно
竰		センチリットル	Centilitre | (kokuji)	сантилитър
竸	きょう けい	きそ.う せ.る くら.べる	Contest | Race	надпревара
竺	じく ちく とく		Bamboo	бамбук
竽	う	ふえ	Ancient Woodwind Instrument	древен духов инструмент
竾	ち し	ふえ	Flute	флейта
笂		うつぼ	Quiver | Arrow Holder | (kokuji)	колчан
笄	けい	こうがい	Hairpin | Crossbar Of Anchor | Metal Rod On Sheath	шнола за коса
笆	は		Thorny Bamboo | Bamboo Fence	бодлив бамбук | бамбукова ограда
笈	きゅう		Backpack Bookcase	раница-книжарница
笊	そう	ざる す	Bamboo Basket	бамбукова кошница (гевгир)
笋	じゅん しゅん いん	たけのこ たかんな	Bamboo Shoot	бамбукова издънка
笔	ひつ	ふで	Writing Brush | Write | Stroke	четка за писане
笞	ち	むち しもと	Whip | Rod | Scourge | Crime Punishable By Flogging	камшик | тояга
笥	す し	け はこ	Lunch Box | Clothes Chest	кутия за храна | сандък за дрехи
笧	さく	しがら.む	Twine Around | Check A Current (with A Weir)	увивам се | преграждам течение
笨	ほん	あら.い	Coarse	груб
笪	たん たつ たち	う.つ	Coarse Mat Of Rushes Or Bamboo	груба рогозка
笭	れい りょう	ちりよけ	Bamboo Screen	бамбукова завеса
笮	さく しゃく	せま.い	Boards Which Support Tiles On Roof	дъски под керемиди
笯	ど ぬ だ な	とりかご	Bird-cage	птича клетка
笰	ふつ ふち ひ	おお.い	Curtain	завеса
笱	こう く		Basket Trap For Fish, Placed In The Opening Of A Weir	кош за риба
笳	か	あしぶえ	Reed Flute	тръстикова флейта
笴	か こう かん	やがら	Arrow Shaft	дръжка на стрела
笵	はん ぼん	のり	Bamboo Frame | Law	бамбукова рамка | закон
笶	し		Arrow	стрела
筁	きょく こく	かいこの.す	Bamboo Frame On Which Silkworms Spin Their Cocoons	бамбукова рамка за копринени буби
筅	せん	ささら	Bamboo Whisk For Tea-making	бамбукова бъркалка за чай
筇	きょう く	たけ	Bamboo Name | Bamboo Staff	бамбуков бастун
筈	かつ	はず やはず	Notch Of An Arrow | Ought | Must | Should Be | Expected	прорез на стрела | трябва да
筌	せん	うけ うえ	Fish Trap | Weir	кош за риба
筍	じゅん しゅん いん	たけのこ たかんな	Bamboo Shoot	бамбукова издънка
筏	ばつ はつ ぼち	いかだ	Raft	сал
筐	きょう	かたみ かご はこ	Bamboo Basket	бамбукова кошница
筝	そう しょう	こと	Koto	кото (струнен инструмент)
筠	いん うん	たけ	Bamboo Skin | Bamboo	бамбукова кора
筤	ろう りょう	かご	Young Bamboo	млад бамбук
筥	きょ		Round Basket	кръгла кошница
筦	かん	ふえ くだ	Key | To Be In Charge | Pipe	ключ | ръководя | тръба
筧	けん		Waterpipe | Flume	водопроводна тръба (бамбукова)
筩	とう ず よう ゆ		Bamboo Tube Or Pipe | Fish Hook	бамбукова тръба | кука за риба
筬	せい	おさ	Reed | Guide For Yarn On A Loom	бърдо (тъкачен уред) | водач за прежда на стан
筭	さん	そろばん かぞ.える	An Ancient Device For Working With Numbers | Count | Calculate | Figure	сметало | броя | изчислявам
筮	ぜい せい	うらな.う めどぎ	(water) Divining Equipment	гадателни пръчици | гадаене
筯	ちょ じょ	はし	Chop-sticks | Tongs	пръчици за хранене | щипци
筰	さく	しゃく	Bamboo Rope	бамбуково въже
筱	ぞう しょう	しの	Dwarf Bamboo | Diminutive In Person's Name	джудже бамбук | умалително в лично име
筲	そう しょう さく	かご	Basket | Bucket	кошница | кофа
筳	てい ちょう じょう	いとくだ	Feast	пир
筴	きょう さく	めどぎ	Insert Between | Chopsticks | Divining Sticks | Plan	пъхам между | пръчици за хранене | гадателни пръчици | план
筵	えん	むしろ	Straw Mat	сламена рогозка
筷	かい	はし	Chopsticks	пръчици за хранене
筹			Chip | Tally | Token | Raise Money	жетон | отчитане | набирам средства
筺	きょう	かたみ かご はこ	Bamboo Basket	бамбукова кошница
箆	へい はい	へら の くし	Spatula | Arrow Shaft	шпатула | дръжка на стрела
箍	こ	たが	Barrel Hoop	обръч за бъчва
箎	こ く ち じ		Ancient Woodwind Instrument	древен духов инструмент
箐	せい しょう せん		To Draw A Bamboo Bow Or Cross-bow	опъвам бамбуков лък или арбалет
箑	そう しょう	おうぎ	Fan	ветрило
箒	そう しゅう	ほうき	Broom	метла
箔	はく	すだれ	Foil | Gilt	фолио | позлата
箘	きん		A Type Of Bamboo | Bamboo Shoots | Dice	вид бамбук | бамбукови издънки | зарове
箙	ふく	えびら	Quiver	колчан
箚	とう さつ ちょう	さ.す	Progress Report	доклад за напредъка
箛	こ く	ふえ	Bugle	рог | тръба (муз.)
箜	く こう		Type Of Harp	вид арфа
箝	かん けん	す.げる くびかせ はさ.む	Insert | Fit Into | Attach (a Clog Thong)	вкарвам | поставям | прикрепям
箟	きん		A Type Of Bamboo | Bamboo Shoots | Dice	вид бамбук | бамбукови издънки | зарове
箠	すい	たけ	Horse Whip | Flog	камшик за кон | бия с камшик
箪	たん	はこ	Bamboo Rice Basket	бамбукова кошница за ориз
箬	じゃく じょく にゃく ひゃく	たけのかわ	The Cuticle Of The Bamboo A Broad-leaved Bamboo	бамбукова обвивка (листо)
箭	せん	や	Arrow	стрела
箯	へん	たけごし	Bamboo Palanquin	бамбукова носилка
箴	しん	いまし.める はり	Warning | Counsel | Presept | Needle	предупреждение | съвет | поучение | игла
篁	こう	たかむら	Bamboo Grove	бамбукова горичка
篋	きょう	はこ	Box	кутия
篌	ご こう		Type Of Harp	вид арфа
篏	かん	は.める は.まる あな	Inlay | Set In | Fall Into | Rugged	инкрустация | вграждам | пропадам | грапав
篔	うん えん	たけ	Tall Bamboo	висок бамбук
篙	こう	さお	Pole Used Punt Boat	прът за лодка
篚	ひ	はこ	Round Or Oval Covered-baskets With Short Legs	овална кошница с крачета
篛	じゃく じょく にゃく ひゃく	たけのかわ	Cuticle Of Bamboo Plant	бамбукова обвивка (листо)
篝	こう	かがりび かがり ふせご	Campfire | Fishing Fire | Beacon Basket	лагерен огън | огън за риболов | кошница-фар
篥	りき りつ りち		Horn | Flageolet	рог | флейта
篦	へい はい	へら の	Spatula | Arrow Shaft	шпатула | дръжка на стрела
篨	ちょ じょ	たけむしろ	Coarse Bamboo Mat | Ugly	груба бамбукова рогозка | грозен
篩	し さい	ふる.う	Sieve | Sift | Screen	сито | пресявам | прецеждам
篪	ち し	ふえ	Bamboo Flute With Seven Holes	бамбукова флейта със седем дупки
篰			A Bamboo Basket	бамбукова кошница
篲	すい え けい せい	ほうき	Broomstick	метла
篳	ひち ひつ	まがき	Fence	ограда
篴	てき ちゃく ちく じく	ふえ	Bamboo Flute | Whistle	бамбукова флейта | свирка
篶	えん	くろだけ すず	Black Bamboo | Slender Bamboo	черен бамбук | тънък бамбук
篷	ほう	とま	Woven Rush Awning	плетен навес от тръстика
篹	さん ぜん	かたみ	To Rob | To Collect | To Edit | Bamboo Basket	грабя | събирам | редактирам | бамбукова кошница
篼	とう つ	かいばおけ	Sedan	носилка
篾	べつ めち		Bamboo Splints Or Slats	бамбукови ленти
簀	さく じゃく せき	す	Rough Mat (reeds)	груба рогозка от тръстика
簁	し さい	ふる.う	Sieve | To Sift | To Strain	сито | пресявам | прецеждам
簃	い ち じ	わきべや	Side Room	странична стая
簆	こう く	おさ	Reed	бърдо (тъкачен уред)
簇	ぞく そう そく	むら.がる	Group | Crowd | Swarm	група | тълпа | рояк
簉	しゅう しゅ	そ.える	Deputy | Subordinate | Concubine	заместник | подчинен | наложница
簋	き		Square Basket Of Bamboo For Holding Grain Used At Sacrifices | Feast	квадратна бамбукова кошница за жертвоприношения | пир
簌	そく	ふる.い	(of Flower Petals) Falling	падане (на цветни листенца)
簍	る ろう		Bamboo Basket	бамбукова кошница
簏	ろく	はこ	Box | Basket	кутия | кошница
簒	さん せん	うば.う	Rob	грабя | узурпирам
簓		ささら	Bamboo Whisk | (kokuji)	бамбукова четка
簔	さ さい	みの	Straw Raincoat	сламен дъждобран
簛	し	ふる.い	Sieve | To Sift | To Strain	сито | пресявам | прецеждам
簞	たん	はこ	Small Bamboo Basket For Holding	малка бамбукова кошница
簟	たん てん	たかむしろ	A Type Of Bamboo | Round Bamboo Lunchbox	вид бамбук | кръгла бамбукова кутия за обяд
簠	ふ		An Ancient Vessel	древен съд
簣	き	もっこ あじか	Earth-carrying Basket	кошница за пренасяне на пръст
簦	とう	かさ	Large Umbrella With A Long Handle | Used For Street Stalls	голям чадър с дълга дръжка
簧	こう	した	Flute Reed	езиче на флейта
簨	しゅん さん ぜん	よこぎ	Beam For Hanging Bells Or Drums	греда за окачване на камбани или барабани
簪	しん さん	かんざし	Ornamental Hairpin	украшение за коса (фиба)
簫	しょう	ふえ	Pan Pipes | Flute	пан флейта | флейта
簳	かん	しの やがら	Shaft Of An Arrow	дръжка на стрела
簷	えん	ひさし	Eaves	стряха
簸	は	ひ.る	Winnow | Fan	отвявам | ветрило
簹	とう	たけ	Tall Bamboo	висок бамбук
簽	せん	かご	Label | Signature	етикет | подпис
簾	れん	すだれ す	Bamboo Screen | Rattan Blind	бамбукова щора | ратанова щора
籀	ちゅう しゅう じゅ	よ.む	A Style Of Calligraphy	стил на калиграфия
籃	らん	かご	Basket	кошница
籊	てき ちゃく		Long	дълъг
籌	ちゅう	かずとり はかりごと	Plan	план
籏	き	はた	Flag | Banner	знаме | флаг
籐	とう		Rattan | Cane	ратан | бастун
籑	せん		To Feed | To Provide For Delicacies | Dainties	храня | осигурявам лакомства | деликатеси
籔	そう	やぶ	Thicket | Bush | Underbrush | Grove	гъсталак | храст | шубрак
籖	せん	くじ かずとり	Lottery | Raffle	лотария | томбола
籘	とう		Climbing Plants | Vines | Cane	пълзящи растения | лози | ратан
籙	りょく ろく	ほんばこ	Book	книга
籚	ろ る	え かご	Bamboo | The Handle Of The Spear	бамбук | дръжка на копие
籛	せん さん	たけ	Surname	фамилия (собствено име)
籜	たく	たけのかわ	Bamboo Sheath | Bamboo Shoots	бамбукова обвивка | бамбукови издънки
籝	えい よう	かご はしづつ	Tube To Hold Chopsticks	тръбичка за пръчици за хранене | кошница
籟	らい	ふえ	Rattling Of The Wind	свистене на вятъра | флейта
籣	らん	えびら	Bow Case	калъф за лък | тул за стрели
籤	せん	くじ かずとり	Lottery | Raffle	лотария | жребий | томбола
籥	やく	ふえ	Three-holed Flute	флейта с три дупки | флейта
籧	きょ ご		Crude Bamboo Mat	груба бамбукова рогозка
籩	へん	たかつき	Bamboo Container For Food	бамбуков съд за храна
籬	り	まがき かき	Rough-woven Fence | Bamboo Hedge	плет | бамбукова ограда
籮	ら	み	Bamboo Basket	бамбукова кошница
籯			Bamboo Chest | Tubular Bamboo Case	бамбуков сандък | бамбукова кутия
籲	ゆ やく	よ.ぶ	Appeal | Request | Implore	апелирам | моля | умолявам
籵		デカメートル	Dekametre | (kokuji)	декаметър
籹	じょ にょ		Cake	сладкиш
籼	せん	うるち	Non-glutinous Long Grain Rice	дълговиден неглутинозен ориз
籽	し		Seed | Pip | Pit | Stone	семе | костилка | зърно
籾		もみ	Unhulled Rice | (kokuji)	необелен ориз
粁		キロメートル	Kilometer | (kokuji)	километър
粂		くめ	Used In Proper Names | (kokuji)	използва се в собствени имена
粃	ひ	しな しいな	Empty Grain Husk	празна плява | празно зърно
粍		ミリ ミリメートル	Millimeter | (kokuji)	милиметър
粐	ろ こ	ぬか	Rice-bran	оризови трици
粔	きょ	ご	Cakes Made From Rice Flour Twisted Into Rings	пръстеновидни сладки от оризово брашно
粡	とう		Unpolished Rice	необелен ориз
粢	し	しとぎ	Millet | Rice Cakes	просо | оризови кексчета
粤	えつ	ここに	Alas	уви
粦	りん		Phosphorus	фосфор
粨		ヘクトメートル	Hectometre | (kokuji)	хектометър
粫	じ めん	うるち	Nonglutinous Grain	неглутинозно зърно
粭		すくも	Chaff | Rice Hulls | (kokuji)	плява | оризови люспи
粮	りょう ろう	かて	Food | Provisions	храна | провизии
粱	りょう	あわ	High Quality Rice	качествено зърно | просо
粲	さん	いい	Bright	светъл | бляскав
粳	こう	うるち ぬか	Ordinary Rice	обикновен ориз
粹	すい	いき	Pure | Unadulterated | Select	чист | избран | изискан
粺	はい は べ	しらげよね	Polished Rice Or Millet	белен ориз или просо
粻	ちょう とう じょう	かて	Provisions	провизии | храна
粽	そう	ちまき	Rice Dumplings Steamed In Bamboo Leaves	оризови кнедли, увити в бамбукови листа
粿	か げ	しらげよね	Rice Cake	оризов кекс
糀		こうじ	Malt | (kokuji)	малц | оризов малц
糂	じん		Mixing Rice Into Soup	смесване на ориз в супа
糅	じゅう	ま.じる	Mix	смесвам
糇	こう ぐ	ほしいい	Dried Rice | Dry Provisions	сушен ориз | сухи провизии
糈	しょ	かて	Sacrificial Rice | Rations | Pay	жертвен ориз | дажби | заплата
糉	そう	ちまき	Dumpling Made Of Glutinous Rice	кнедла от лепкав ориз
糊	こ ご こつ	のり	Paste | Glue | Sizing	лепило | паста | туткал
糍	し		Food Made Of Crushed And Cooked Rice	храна от смлян сварен ориз
糎		センチ センチメートル	Centimeter | (kokuji)	сантиметър
糏	せつ せち そつ そち	こごめ	Rice Grits Left After Hulling	оризови трохи след белене
糒	び はい	ほしい ほしい.い	Dried Boiled Rice	сушен варен ориз
糓	こく		Grain | Corn	зърно | жито
糔	しゅう しゅ そう	しる	Juice	сок
糕	こう	こなもち	Cakes | Pastry	сладкиш | торта
糗	きゅう く しょう	いりごめ	Parched Wheat Or Rice | Broken Grain	препечена пшеница или ориз | натрошено зърно
糘		すくも	Chaff | Rice Hulls | (kokuji)	плява | оризови люспи
糙	そう	くろごめ	Coarse | Harsh | Rough | Unpolished Rice	груб | неполиран ориз
糜	び	ただ.れる	Be Inflamed	възпален | гноясал
糝	さん しん	こながき	Scattered (grains Of Rice) | Mixed	разпръснат ориз | смесен
糟	こう そう	ぬか	Dregs | Sediment | Grounds	утайка | остатъци
糠	こう	ぬか	Rice Bran	оризови трици
糢	ぼ も	かた のっとる	Rice Snacks	оризови закуски
糯	だ な	もちごめ	Glutinous Rice	лепкав ориз
糲	れい らつ	あら.い くろごめ	Unpolished Rice	необелен ориз
糴	ちょう てき	う.る せり かいよね	Sell (grain) | Auction	продавам зърно | търг
糵	げつ		Fermenting Grain | Grain Which Has Sprouted | Yeast	покълнало зърно | мая
糶	ちょう	せり うりよね	Auction	търг | публична продан
糺	きゅう	ただ.す あざな.う	Ask | Investigate | Verify | Twist (rope)	разпитвам | разследвам | проверявам | усуквам въже
紂	ちゅう	しりがい	Harness Strap | Window	ремък на хамут
紃	しゅん せん	ひも	Cord	връв | шнур
紆	う	まが.る めぐ.る	Crouch	извит | лъкатушещ
紇	こつ ごち けつ げち		Inferior Silk | Tassel | Fringe	нискокачествена коприна | пискюл | ресни
紈	かん	しろぎぬ むすぶ かさ.なる	White Silk | Fine Silk | Gauze	бяла коприна | фина коприна | газ
紉	じん にん きん こん	なわ	Thread Needle | Sew Stitch | String	вдявам игла | шия | връв
紊	びん ぶん	みだ.れる	Disturb	разстройвам | обърквам
紐	ちゅう じゅう	ひも	String | Cord | Braid | Lace | Tape | Strap | Ribbon	връв | шнур | плитка | лента | каишка
紑	ふう ふ はい	あざ.やか	Fresh	свеж
紓	しょ	ゆる.い	Loosen | Relax | Relieve | Extricate	разхлабвам | облекчавам | освобождавам
紕	ひ		Braiding | Decoration | Error	плетене | украса | грешка
紖	ちん じん いん		Rope For Leading Cattle Or Horses	въже за водене на добитък
紜	うん	みだ.れる	Disorder | Confusion	безредие | бъркотия
紝	じん にん	はたいと	Weave | Lay Warp	тъка | поставям основа
紞	たん とん	ひも	Fringe	ресни
紮	さつ	からげる	Tie Up	връзвам
紱	ふつ ふち	ひも	Ribbon Or Cord Used Attach Ornaments	лента за прикрепване на украшения
紲	せつ	きずな	Fetters	окови | връзка
紵	ちょ		Flax | Linen	лен
紼	ふつ ふち ひ	つな	Large Rope | Rope Attached To Bier	голямо въже | въже за ковчег
紽	た		Strand Of Silk	нишка коприна
紾	しん てん	もと.る	Turns | Twists | Switch	усуквам | извивам
紿	たい	あざむ.く	Deceive	мамя | лъжа
絀	ちゅつ ちゅち	あか.い	Sew | Stitch | Insufficient	шия | недостатъчен
絁	し	つむぎ	Rough | Indelicate Silk	груба коприна
絅	けい	ひ.く	Thin Silk	тънка коприна
絋	こう		Cotton Wadding	памучна вата
絍	じん にん	はたいと	To Lay The Warp | To Weave	поставям основа | тъка
絎	こう	く.れる く.ける	Blindstitch	невидим бод
絏	せつ		Tie	връзвам
絓	かい げ か わ	か.かる つむぎ	Catch On Something | Obstructed | Hindered	закачам се | препятстван
絖	こう	ぬめ わた	White Rice	бял ориз | памук
絚	こう		Rope	въже
絛	じゅう じょう とう	さなだ	Braid	плитка | шнур
絜	けつ けち けい かつ	あさ たば きよ.い	Marking Line | Ascertain | Assess | Measure	измервам | преценявам | чертожна линия
絝	こ く	はかま ずぼん	Trousers | Breeches Leggings | Drawers	панталони | гамаши | долно бельо
絣	ほう	かすり	Splashed Pattern (on Cloth)	шарка на плат (тип касури)
絥	ふく ひ		To Harness A Horse | A Board In Front Of A Carriage For The Driver To Lean On	впрягам кон | дъска за облягане на кочияш
絨	じゅう		Wool Cloth	вълнен плат | килим | кадифе
絪	いん		Matting | Coverlet | Cloudy	рогозка | покривало | облачен
絮	じょ しょ	わた	Cotton	памук | памучен пух
絰	てつ でち		White Hempen Cloth Worn By Mourn	бяла конопена траурна дреха
絲	し	いと	Thread	конец | нишка
絳	こう	あか	Red	червен
絺	ち	ほそぬの	Fine Linen | Fine Hemp Fiber	фин лен | фино конопено влакно
絻	ぶん もん べん めん ばん まん	もふく	Mourning	траур
絽	ろ りょ		Silk Gauze	копринен газ (вид плат)
絿	きゅう く	きび.しい	Urgent	спешен | неотложен
綁	ほう	しばる	Bind | Tie | Fasten	връзвам | завързвам | закрепвам
綃	しょう そう	きいと	Raw Silk Fabric	суров копринен плат
綅	しん せん	いと	Thread	конец | нишка
綆	こう きょう へい ひょい はん	つるべなわ	Well Rope	въже за кладенец
綈	てい たい	つむぎ	Coarse Pongee | Kind Of Heavy Silk	грубо пондже (вид коприна) | плътна коприна
綉	しゅう つ とう		Embroidery	бродерия
綌	けき きゃく	くずぬの	Cloth	плат от груб коноп
綍	ふつ ふち ひ	ひつぎなわ	Rope	въже
綏	すい た	やす.い	Peaceful | Cheap | Grab Strap	спокоен, мирен | дръжка за хващане (в превозно средство)
綑	こん	お.る	Coil | Roll | Bundle | Tie Up	навивам | вързвам на руло | вързоп
經	けい きょう	へ.る た.つ たていと はか.る のり	Classic Works | Pass Through	класически съчинения | преминавам | основа на тъкан
綖	えん せん		The Hanging Flap In Front Of Hat	висящо парче на предната част на шапка
綛		かせ かすり	Splashed Dye Pattern | Reel | Skein | (kokuji)	шарка на боядисване | макара | кълбо прежда
綟	れい	もじ	Yellowish Green | Coarse Mesh Linen	жълто-зелен | груб лен с рехава тъкан
綠	りょく ろく	みどり	Green | Chlorine	зелен | хлор
綢	ちゅう とう	まとう	Be Clothed In | Tie | Detailed | Fine	обличам се | връзвам | подробен, фин
綣	けん		Attachment | Affection	привързаност | обич
綦	き	あやぎぬ	Dark Grey | Variegated | Superlative	тъмносив | пъстър | превъзходен
綪	せん せい しょう そう		Dark Red	тъмночервен
綫	せん	すじ	Thread | Line	конец | линия
綬	じゅ	ひも	Ribbon	лента (на орден)
綮	けい		Emblem On Banner	емблема на знаме
綯	とう	な.う なわ よ.る	Twist | Make Rope	усуквам | правя въже
綰	わん	わが.ねる たが.ねる たか.ねる	Bend Around	навивам, извивам
綳	ほう ひょう	ま.く たば.ねる	Cloth To Carry An Infant On The Back | To Tie | To Bind	плат за носене на бебе на гръб | връзвам
綵	さい	あや あやぎぬ	Colorful	цветен, пъстър
綹	りゅう る	いと	Skein | Tuft | Lock | Wrinkle	кълбо прежда | кичур | къдрица | бръчка
綽	しゃく	あだ しな.やか ゆる.やか	Loose | Lenient	хлабав | снизходителен
緄	こん	おび	Cord | Woven Belt | Hem | Hemming	шнур | тъкан колан | подгъв
緅	しゅう しゅ そう す		Silk Of Purplish Color	коприна с пурпурен цвят
緇	し	くろ	Black Clothing | Priest	черно облекло | монах
緌	ずい に	かんむりのひも	Tassels Hanging From Hat	пискюли, висящи от шапка
緍	びん こん みん	さし つりいと なわ ぜにさし	Paper String	хартиен шнур
緎	よく いき きょく こく いく	ぬいかがり	Seam	шев
緕		かすり	Splashed Pattern Dyeing Or Weaving	шарено боядисване или тъкане
緖	しょ ちょ	お いとぐち	End Of Thread | Thread | Clue	край на конец | конец | следа, улика
緗	しょう そう	あさぎ	Light-yellow Color	светложълт
緘	かん	かん.する と.じる	Shut | Seal	затварям | запечатвам
緙	かく きゃく	ぬ.う	The Woof Of A Woven Item	вътък на тъкан
緜	めん	わた つら.なる	Cotton	памук
緝	しゅう	つむ.ぐ	Spin Thread | Bring Together | Shine	преда нишка | събирам | блестя
緞	どん たん		Damask	дамаска (вид тъкан)
緡	びん こん みん	さし つりいと なわ ぜにさし	Paper String	хартиен шнур
緣	えん	ふち へり よる	Hem | Margin | Reason | Cause | Karma | Fate	ръб, край | причина | съдба, карма
緤	せつ せち	きずな つな.ぐ	Leash	каишка, връв
緥	ほ ほう	むつき	Swaddling	повивка за бебе
緦	し	ぬの	Coarse Cotton Cloth Used For Mourning	груб памучен плат за траур
緪	こう		Rope	въже
緬	めん べん		Fine Thread | Burma	фина нишка | Бирма
緱	こう く	つか	Cord Binding On Hilt Of Sword	връв за увиване на дръжка на меч
緲	びょう みょう		Faint | Far Off	слаб, едва доловим | далечен
緵	そう す	いと	Net	мрежа
緶	へん	と.る	Hem | Plait | Braid | Queue	подгъв | плитка | плитка коса
緹	てい たい	あかぎぬ	Reddish Color | Red | Brown	червеникав | кафяв
縅		おど.す	The Thread/braid (of Armour) | (kokuji)	връзки на броня (плетени ленти)
縈	えい よう	めぐ.る	Entangle | Entwine | Coil	заплитам | увивам | навивам
縉	しん	さしはさ.む	Thin Red Cloth | High Officer	тънък червен плат | висш чиновник
縊	い えい	くび.る くび.れる	Strangle	душа, удушавам
縋	つい	すが.る	Cling | Hang On | Depend	вкопчвам се | уповавам се
縐	しゅう しゅ す しゅく	ちぢみ	Crepe | Crape | Wrinkles | Creases	креп (вид плат) | бръчки
縑	けん	きぬ	Fine Silk	фина коприна
縒	し さ	よ.る	Twist	усуквам
縕	うん おん	ふる.い	Old Cotton | Tangled Hemp | Raveled Silk | Vague | Confused	стар памук | заплетен коноп | неясен, объркан
縗	さい すい さ		Sackcloth Worn On Breast	вретище, носено на гърдите (при траур)
縝	しん ちん	あさいと	Detailed | Fine | Closely Woven	подробен | фин | гъсто тъкан
縟	じょく	しげし	Decoration	украса
縠	こく	もじり ちりめん	Crepe	креп (вид плат)
縡	さい	こと	Breath | Life	дъх | живот
縢	とう	かが.る かな から.げる むかばき	Cross-stitch | Darn	кръстат бод | щопане
縣	けん	か.ける	County | District | Subdivision	окръг | област | префектура
縭	り ち	かぎ.る	Bridal Veil | To Tie | To Bind	булчински воал | връзвам
縯	えん いん	なが.い	Long	дълъг
縱	じゅう	たて	Indulge In | Give Free Reign To	отдавам се на | давам свобода на | вертикален
縲	るい		Tie	връзвам | въже
縳	てん せん けん	しろぎぬ	Wrap	увивам
縵	まん ばん		Unpatterned Silk | Loose	едноцветна коприна без шарка | хлабав
縶	ちゅう しょう	つな.ぐ	Confine | Tie Up | Imprison | Shack	затварям | връзвам | затварям в плен
縷	る ろう	いと	Thread	конец | нишка
縹	ひょう	はなだ	Light Blue	светлосин
縺	れん	もつ.れる	Tangle | Knot | Fasten | Fetter	заплитам се | връзвам на възел
縻	び み	きずな	Rope	въже
總	そう	す.べて すべ.て ふさ	Collect | Overall | Altogether	събирам | цялостен, общ
縿	さん せん しょう そう	はたあし	Streamer	знаменце, лента на знаме
繃	ほう ひょう	まく たば.ねる	Wrap	увивам | бинтовам
繄	えい い	ほこぶくろ	Be | Particle | Sigh | Alas	частица, изразяваща въздишка
繅	そう	くる	Draw | Reel Silk From Cocoons | Elegant Compositions	навивам коприна от какавиди | изящни съчинения
繆	びゅう きゅう ぼく りょう	あやま.る まと.う	Error | Wrap Around	грешка | заблуда | увивам се
繇	よう ゆう ゆ ちゅう じゅ	したが.う	Reason | Cause	причина | повод
繋	けい	つな.ぐ かか.る か.ける	Tie | Fasten | Chain | Tether | Connect	връзвам | свързвам | привързвам | закачвам
繍	しゅう	ぬいとり	Sew | Figured Cloth	бродерия | везана тъкан
繐	けい え せい さい		Fine Cloth	фина тъкан
繒	しょう そう	きぬ	Silk Fabrics | Surname	копринена тъкан | (фамилно име)
繖	さん		Parasol | Umbrella	чадър | слънчобран
繘	きつ いつ いち きち	つるべなわ	Rope	въже
繙	はん ほん	ひもと.く	Peruse	преглеждам (книга) | чета внимателно
繚	りょう	まと.う めぐ.る	Put On | Twist Around	обвивам | увивам
繝	かん けん		A Method Of Dyeing	метод на боядисване?
繞	じょう にょう	めぐ.る まわ.る もとう.る まとう	Surround | Return	обкръжавам | заобикалям
繡	しゅう	ぬいとり	Embroider | Embroidery | Ornament	бродирам | бродерия | украса
繢	かい こつ ごち き	おりあまり	Draw | Sketch | Paint	рисувам | скицирам
繦	きょう	むつき ぜにさし	String Of Coins | Child's Obi | Nappy	низа монети | детски пояс | пелена
繧	うん		A Method Of Dyeing	метод на боядисване?
繩	じょう	なわ ただ.す	Rope | Cord	въже | канап
繪	かい え		Picture | Drawing | Painting | Sketch	картина | рисунка
繫	けい	つな.ぐ かか.る か.ける	Attach | Connect | Unite | Fasten	свързвам | привързвам | обединявам | закачвам
繮	きょう こう	たづな	Reins | Bridle	юзди | повод (за кон)
繯	けん かん	から.む	Noose | Hang Death | Tie | Bind	примка | бесило | връзвам
繳	しゃく きょう かく ぎゃく	かえ.す	Deliver | Submit | Hand Over	предавам | връчвам
繸	すい	ひも	Hem Or Border Of A Garment | Tassel	ръб на дреха | пискюл
繹	えき やく	たずね.る ぬ.く	Pull Out	изваждам | извличам
繻	しゅ	うすぎぬ	Satin	сатен
繼	けい	つ.ぐ まま-	Succeed | Inherit | Patch | Graft (tree)	наследявам | продължавам | кръпка | присаждам
繽	ひん	おおし	Disorder | Scattering	безредие | разпръскване
繾	けん てん きん	てあつい	Attached To | Inseparable | Entangled	привързан | неразделен | оплетен
繿	らん	ぼろ	Rags	дрипи
纁	くん	うすいあかいろ	Shade Of Red | Light Red	нюанс на червено | светлочервен
纂	さん	あつ.める	Editing | Compiling	редактиране | съставяне
纃		かすり	Splashed Pattern Dyeing Or Weaving | (kokuji)	шарено боядисване или тъкане
纆	ぼく もく	なわ	Cord	въже | канап
纇	らい	ふしいと	Knot | Blemish | Flaw | Wicked	възел | недостатък | петно | зъл
纈	けつ けち	しぼり	Tie-dyeing | Purblind	връзково боядисване | късоглед
纉	さん さぶ	つ.ぐ	Succeed To | Inherit	наследявам | продължавам
纊	こう	ぬめ わた	Cotton | Silk	памук | коприна
續	ぞく しょく こう きょう	つづ.く つづ.ける つぐ.ない	Continue | Carry On | Succeed	продължавам
纍	るい らい	つづ.る	Bind | Wind About | Link | Join	връзвам | увивам | свързвам
纎	せん		Fine | Delicate | Minute | Graceful	фин | деликатен | изящен
纏	てん でん	まつ.わる まと.う まと.める まと.まる まと.い	Wear | Wrap | Tie | Follow Around | Collect	увивам | обвивам | връзвам | събирам
纐	こう		Tie-dyeing | (kokuji)	връзково боядисване
纑	ろ る	ぬのいと	To Soften Hemp By Boiling | Thread	накисвам коноп | конец
纒	てん	まつ.わる まと.う まと.める まと.まる	Wear | Wrap | Tie | Follow Around | Collect	увивам | обвивам | връзвам | събирам
纓	えい よう		Crown String | Breast Harness	връзка на корона | нагръдник (сбруя)
纔	さん ざん さい	わずか ひたた	A Little	малко | леко
纕	しょう そう	うでまくり.する	Belt	колан | пояс
纖	せん		Fine | Slender | Thin Kimono	фин | тънък | изящен
纘	さん さぶ	つ.ぐ	Continue | Carry On | Succeed	продължавам
纚	し り さい しゃ	かみづつみ つづ.く	Long | Dangling | Kerchief | Rope	дълъг | увиснал | кърпа за глава | въже
纛	とう とく	はたぼこ おにがしら	Flag | Banner	знаме | стяг
纜	らん	ともづな	Hawser	дебело въже | котвено въже
缸	こう	かめ	Urn	урна | делва
缺	けつ けん	か.ける か.く	Lack | Gap | Fail	липса | недостиг | провал
缻	かん	かま	Pottery | Earthenware	глинен съд | керамика
缽	はち はつ		Earthenware Basin | Alms Bowl	глинен леген | паница за просия
缾	へい	びん	Jar | Bottle	делва | бутилка
罃	おう よう		Long Necked Jar Or Bottle	дългогърла делва
罄	けい きょう	むな.しい	Exhaust | Run Out | Use Up | Empty	изчерпвам | свършвам | изпразвам
罅	か け	ひび すき	Fissure | Crack | Hole	пукнатина | цепнатина | дупка
罇	そん	かめ	Goblet | Bottle | Wine-jar	бокал | делва за вино
罌	おう えい よう	もたい ほとぎ かめ	Vase	ваза
罍	らい	さかだる	Liquor Jar	делва за алкохол
罎	どん たん	びん	Bottle | Vial | Jar	бутилка | шишенце | делва
罏	ろ る	さかだ.る	Earthen Stand For Wine Jug	глинена стойка за винен съд
罐	かん	かま	Steam Boiler (left Side Only)	парен котел
网	もう ぼう	あみ	Net | Net Or Net Crown Radical (no. 122)	мрежа | радикал "мрежа"
罒	もう ぼう	あみがしら よこめ	Net Radical Variant (no. 122)	вариант на радикала "мрежа"
罓	もう ぼう	あみがしら よこめ	Net Radical Variant (no. 122)	вариант на радикала "мрежа"
罔	もう ぼう	あみ しい.る ない	Net	мрежа
罕	かん	まれ	Bird-catching Net | Rare	примка за птици | рядък
罘	ふ	うさぎあみ	Rabbit Catching Net	примка за зайци
罛	こ ろ く	うおあみ	Large Fishing Net	голяма рибарска мрежа
罝	しゃ しょ	あみ	Net For Catching Rabbits	мрежа за лов на зайци
罟	こ	あみ	Net	мрежа
罠	びん みん	わな あみ	Trap | Snare	капан | примка
罡	こう		The Name Of A Certain Stars | The God Who Is Supposed To Live In Them	название на звезда | богът, обитаващ я
罣	かい け けい	か.ける	Hinder | Disturb | Obstruct	преча | обезпокоявам | възпрепятствам
罥	けん	か.ける	Impede	възпрепятствам
罦	ふ ふう	あみ	Net	мрежа
罧	りん		Luring Fish With A Bonfire	примамване на риба с огън
罨	あん えん	あみ	Cover	покривам
罩	とう	こめ.る	Fish Basket Kept In Water	рибен кош, потопен във вода
罫	けい かい け		Ruled Line	линия (в разграфена хартия)
罭	よく いき きょく		Drag-net Made Of Fine Mesh	влачена мрежа с фини бримки
罱	だん ぐん なん らん		Fishing Net	рибарска мрежа
罸	ばつ ばち はつ	はっ.する	Punishment | Penalty	наказание | санкция
罹	り ら	かか.る	Catch | Get	заразявам се | боледувам от
罽	けい	うおあみ	Kind Of Woolen Fabric	вид вълнена тъкан
罾	そう		Large Square Net, Lowered And Raised From The Bank Of The River	голяма квадратна мрежа за риболов
罿	しょう しゅ とう ず	むそうあみ	Net Catch Birds	мрежа за птици
羀	りゅう る	やな うえ うけ	Fishing Trap	рибарски капан
羂	けん	わな	Trap | Snare	капан | примка
羃	べき		Power | Exponent	степен | показател
羆	ひ	ひぐま しぐま	Brown Bear	кафява мечка
羇	き は	おもが.い たづな たび つな.ぐ	Reins	юзди
羈	き は	おもが.い たづな たび つな.ぐ	Reins | Connection	юзди | връзка
羋	ば め ま び み		Bleat Of Sheep | Surname	блеене на овца | (фамилно име)
羌	きょう	ああ えびす	Barbarian	варварин
羐	ゆう ゆ	みちび.く いざな.う すす.める	To Lead | Guide	водя | направлявам
羑	ゆう ゆ	みちび.く いざな.う すす.める	Guide To Goodness	водя към добро | напътствам
羔	こう	こひつじ	Lamb	агне
羖	こ く	ひつじ	Black Ram	черен овен
羗	きょう	ああ えびす	Tribes In West China Strong | Educated | Obstinate | Particle	западнокитайско племе (истор.) | силен | образован | упорит
羚	れい りょう	かもしか	Antelope	антилопа
羜	ちょ しょ	こひつじ	Lamb	агне
羝	らん てい	おひつじ	Male Sheep | Ram	овен | мъжка овца
羡	い せん えん	うらや.む あまり	Envy | Admire | Praise | Covet	завист | възхищение | възхвала | копнеж
羢	じょう にゅ		Fine Woolen Fabrics	фина вълнена тъкан
羣	ぐん	む.れる むれ むら むら.がる	Group | Crowd | Multitude | Mob	група | тълпа | множество
羭	ゆ		Good	добър
羮	こう かん	あつもの	Hot Soup	гореща супа
羯	かつ けつ		Barbarian	варварин
羲	ぎ き		Used In Proper Names	използва се в собствени имена
羴	せん	なまぐさ.い	Rank Odour Of Sheep Or Goats	остра миризма на овце или кози
羶	せん	なまぐさ.い	Smelling Like A Sheep	миризма на овца
羸	るい	つか.れる よわ.い	Thin | Weak	слаб | немощен
羹	こう かん	あつもの	Hot Soup	гореща супа
羼	さん せん	まじりあ.う	Confuse | Mix | Interpolate	бъркам | смесвам | вмъквам
羿	げい		Legendary Archer	легендарен стрелец
翀	ちゅう じゅ	とびあ.がる	Fly Upward	летя нагоре
翃	こう		Fly	летя
翅	し	はね つばさ	(insect) Wings | Fly | Merely	крило (на насекомо) | летя | само
翆	すい	かわせみ みどり	Color Green | Kingfisher	зелен цвят | земеродно рибарче
翊	よく		Flying | Assist | Help | Respect	летя | помагам | уважение
翎	れい りょう	はね	Feather | Plume | Wing	перо | украса от пера | крило
翏	りゅう る りょう りく		The Sound Of The Wind | To Soar	шум на вятъра | издигам се
翕	きゅう	あ.う	Gather	събирам се
翛	しょう ゆう ゆ しゅく	はや.い	Look Of Rumpled Feathers | Bedraggled | Hasty | Rapid Flight	разчорлени пера? | забързан | бърз полет
翟	けき じゃく たく たい	きじ	Surname | Kind Of Pheasant	фамилно име | вид фазан
翡	ひ		Kingfisher	земеродно рибарче
翣	そう しょう	ひつぎかざり	Feathers Used Decorate Coffin | Large Wooden Fan	пера за украса на ковчег? | голямо дървено ветрило
翥	しょ	あ.がる	To Soar | To Fly Up	издигам се | летя нагоре
翦	せん		Scissors | Cut | Clip | Annihilate	ножица | режа | отрязвам | унищожавам
翩	へん	ひるが.える	Fluttering Of Flag	развяване на знаме
翬	き	と.ぶ	Pheasant | Variegated | To Fly	фазан | пъстър | летя
翮	かく ぎゃく れき りゃく	はねのもと	Stem Of A Feather | Quill	перо (стъбло) | перо за писане
翯	こく かく	つやがあ.る	Glistening Plumage | Reflection Of The Sun On Water	блестящо оперение | отблясък на слънце върху вода
翰	かん	はね ふで やまどり ふみ	Letter | Writing Brush	писмо | писалка
翳	えい	かげ かげ.る かざ.す きぬがさ くも.る くもり	Hold Aloft	държа високо | засенчвам | сянка
翹	ぎょう	あ.げる つまだ.てる	Excellence	превъзходство
翺	こう	か.ける	Soar | Roam	издигам се | скитам
翽	かい け	はばたき	Whirr	бръмчене на крила
翾	けん	とぶ	Fly | To Flit	летя | прехвърчам
翿	とう	はたぼこ	Streamer Adorned With Feathers	знаме, украсено с пера
耂			Variant Of Radical 125	вариант на радикал 125
耄	ぼう もう	おいぼ.れる	Senility	старческа немощ
耆	き し	おい.る	Senility	старост
耇	こう く	お.いる	Wrinkled Face Of The Elderly	набръчкано лице на старец
耈	こう く	お.いる	Old Age	старост
耋	てつ	としより	Old | Elderly	стар | възрастен
而	じ に	しこ.うして しか.して しか.も しか.れども すなわち なんじ しかるに	And Yet | And Then | But | However | Nevertheless	и все пак | и тогава | но | обаче | въпреки това
耍	さ しゃ	すばや.い	Frolic | Play | Amuse | Play With	лудувам | играя | забавлявам се
耎	ぜん ねん	よわ.い	Weak | Pliable | Soft | Yielding	слаб | гъвкав | мек | отстъпчив
耏	じ に だい ない	ほおひげ	Whiskers	мустаци
耑	たん せん	はし	Specialized | Concentrated	специализиран | съсредоточен
耒	らい るい	き く すき	Come | Plough | Three-branch Tree Radical (no. 127)	плуг | радикал „плуг“
耔	し	つちか.う	To Hoe Up The Earth Around Plants	окопавам растения
耘	うん	くさぎ.る	Weed	плевя
耙	は		Forked Hoe	вилообразна мотика | брана
耜	し	すき	Plough	плуг
耞	か け	からざお	Flail	цеп (за вършитба)
耠	こう	たがや.す	Till | Dig	обработвам земя | копая
耡	じょ	す.く すき	Plough | Spade	плуг | лопата
耤	せき じゃく しゃ	か.りる	Plough	плуг
耦	ごう ぐ ぐう		Plow Side By Side | Team Of Two	оря заедно | двойка (впряг)
耨	どう じょく ぬ じゅく	くさぎ.る くわ すき	Hoe	мотика
耬	ろう る		Drill For Sowing Grain	сеялка
耰	ゆう う	な.らす	Toothless Rake For Drawing Earth	грапа без зъби
耷	とう ちょう		Ears Hanging Down	увиснали уши
耻	ち	は.じる はじ は.じらう は.ずかしい	Shame | Humiliation | Ashamed	срам | унижение | засрамен
耼	たん ばん まん なん		Ears Without Rim	уши без ръб
耽	たん	ふけ.る	Addicted | Absorbed In	пристрастен | отдаден на нещо
耾	こう おう	ささや.く	Deafness	глухота
耿	こう	ひかり	Light	светлина
聃			Ears Without Rims | A Personal Name	уши без ръб | лично име
聆	れい りょう	きく	Listening | Realizing	слушам | осъзнавам
聊	りょう	いささか	Slightly	малко | леко
聒	かつ	かまびす.しい	Noisy	шумен
聘	へい	へい.する と.う め.す	Invite	поканвам на служба
聚	しゅう しゅ	あつ.まる	Assemble	събирам се
聟	せい	むこ	Son-in-law	зет
聢		しか しかと	Certainly | (kokuji)	сигурно | определено
聦	そう	さと.い みみざと.い	The Hearing | To Listen | Astute | Clever | Quick Of Apprehension	слух | проницателен | умен
聨	れん	つら.なる つら.ねる	Party | Gang | Clique	група | клика
聰	そう	さと.い みみざと.い	Wise | Fast Learner	мъдър | схватлив
聱	ごう ぎょう	きかない	Poor Sentences | Bent And Twisted | Too Complicate	тромав стил | извит | прекалено сложен
聲	せい しょう	こえ こわ-	Sound | Voice | Noise | Tone | Music	звук | глас | шум | тон
聳	しょう	そび.える	Rise | Tower	издигам се | извисявам се
聵	げ かい	つんぼ	Deaf	глух
聶	しょう じょう にょう	ささや.く	Whisper	шепна
聹	ねい		Noisy | Earwax	шумен | ушна кал
聽	ちょう	き.く ゆる.す	Careful Enquiry | Headstrong	слушам | разрешавам
聾	ろう	ろう.する つんぼ みみしい	Deafness | Deaf Person | Deafen	глухота | глух човек | оглушавам
聿	いち いつ	ふで ここに	Brush | Finally | Self | Relate | Follow | Here | Fast | Writing Brush Radical (no. 129)	четка за писане
肄	い	なら.う	Learn | Striving | Effort	уча | старание | усилие
肅	しゅく すく	つつし.む	Quietly | Softly | Solemnly	тихо | кротко | тържествено
肆	し	つら.ねる ほしいまま みせ	Four	четири
肈	ちょう じょう とう	はか.る はじ.める	To Commence | To Found | To Devise | At First | To Originate | To Strike	започвам | основавам | замислям
肋	ろく	あばら	Rib	ребро
肓	こう		Interior Region Of The Body Too Deep To Be Reached By Acupuncture	недостъпна за иглотерапия част от тялото?
肙			A Small Worm | To Twist | To Surround | Empty	малка ларва? | усуквам | обгръщам | празен
肚	と	はら	Belly | Stomach	корем | стомах
肛	こう		Anus	анус
肜	ゆう ゆ ちん	まつり	To Sacrifice On Two Successive Days	жертвоприношение в два последователни дни?
肤			Skin | Superficial | Shallow	кожа | повърхностен | плитък
肦	ふん はん	たか.い わ.ける	Large Head | Many | High | To Divide | To Distribute	голяма глава? | много | висок | деля | раздавам
肧	はい	はらみ はら.む	Embryo | Unfinished Things	ембрион | недовършено нещо
肫	しゅん さい すい		Gizzard Of Fowl | Honest | Sincere	воденичка на птица | честен | искрен
肬	ゆ ゆう	いぼ	Wart | Tumor | Goiter | Papule	брадавица | тумор | гуша | папула
肭	とつ じく		New Moon	новолуние
肱	こう	かいな ひじ まるい	Ability | Talent | Elbow | Arm	лакът | ръка | способност | талант
肴	こう	さかな	Accompaniment For Drinks	мезе
肸	きつ きち こち けつ けち	ひろ.がる	Spread Out | Smiling | Laughing	разпростирам се? | усмихнат | смеещ се
胄	ちゅう	かぶと ちすじ よつぎ	Lineage | Bloodline	род | родословие | потомство
胊	く ぐ きょう こく		Yoke	ярем
胏	し		Meat	месо
胔	し せき じゃく		Rotten Meat | Bones Of Dead Animals	гнило месо | кости на мъртви животни
胖	はん		Half A Sacrifice | Ribs | Abundant | Plentiful	половин жертвено животно? | ребра | изобилен | богат
胗	しん きん	くちのひび	Pustules Of Any Kind | Rash Or Eruption | Measles | Various Kinds Of Fever	пъпки | обрив | морбили | треска
胙	そ さく	ひもろぎ	Offerings To Gods	жертвени приноси за боговете
胛	こう	かいがらぼね	Shoulder Blade	лопатка
胝	ち	あかぎれ	Chap | Crack | Callus	пукнатина на кожата | мазол
胠	きょ こ きょう こう	わきのした	Open | Throw Away	отварям | изхвърлям
胥	しょ そ	あい み.る みな	Together | Mutual | Subordinate Official	заедно | взаимен | подчинен чиновник
胦			The Navel	пъп
胭	いん えん えつ	むせ.ぶ むせ.る のど の.む	Rouge | Cosmetics	руж | козметика
胮	ほう		To Swell	подувам се
胯	こう か こ	また	Crotch	чатал
胰	い	せにく	Pancreas | Soap	панкреас | сапун
胱	こう		Bladder	пикочен мехур
胳	かく ぎゃく	わき	Armpit | Arms	подмишница | ръка
胶	こう ぎょう	こえ はぎのほね	Glue | Gum | Resin | Rubber | Sound | Shin Bone	лепило | гума | смола | каучук
胹	じ に	に.る	Cooked | Well Done	сготвен | добре сварен
胺	あつ あち	にお.う	A Mine	мина?
胼	へん		Callus | Corn	мазол
胾	し	きりみ	Minced Meat | Cut Meat Into Piece	накълцано месо | нарязано на парчета месо
脃	せい せつ	もろ もろ.い よわ.い	Gland	жлеза
脆	ぜい せい せつ	もろ.い よわい	Brittle | Fragile | Easy To Beat | Sentimental | Susceptible	крехък | чуплив | сантиментален | податлив
脉	みゃく	すじ	Vein (blood, Ore) | Pulse | Hope	вена | пулс | надежда
脍			Minced Meat Or Fish	накълцано месо или риба
脖	ほつ ぼち		Neck	врат
脗	もん びん みん ふん	あ.う	Coinciding | Agreeing	съвпадащ | съгласуван
脘	かん げん		Internal Cavity Of Stomach	стомашна кухина
脛	けい	すね はぎ	Leg | Shin	пищял | крак
脞	さ	こまかい	Minced Meat | Trifles	накълцано месо | дреболии
脣	しん	くちびる	Lip	устна
脤	しん	ひもろぎ くちびる	Raw Meat For Sacrifice	сурово месо за жертвоприношение
脧	さい すい さ せん	へる	Reduce | Contract | Exploit | Reproductive Organ Of Infant	намалявам | свивам | експлоатирам
脬	ほう ひょう	ぼうこう	Bladder	пикочен мехур
脯	ふ ほ	こじし ほじし	Dried Meat	сушено месо
脰	とう ず	うなじ	The Neck	врат
脵	こ	また もも	Thighs | Haunches | Rump | Share	бедра | задни части | дял
脾	ひ		Spleen	далак
腆	てん	あつ.い	Much | Abundant | Kind | Considerate	изобилен | щедър | внимателен
腊	せき しゃく ろう	ほじし	Year End Sacrifice | Dried Meat	жертвоприношение в края на годината? | сушено месо
腋	えき せき	わき	Armpit | Side	подмишница | страна
腌	よう おう えん	しおづ.け	Salt | Pickle | Be Dirty	соля | мариновам | мръсен
腑	ふ	はらわた	Viscera | Bowels	вътрешности | черва
腒	きょ こ	ほじし	Game	дивеч
腓	ひ	ふくらはぎ こむら こぶら	Calf (of Leg)	прасец
腔	こう		Body Cavity	телесна кухина
腟	ちつ		Vagina	вагина
腠	そう す	きめ	Between The Skin And The Flesh	тъкан между кожата и плътта?
腡	ら か け かい		Lines	линии на дланта?
腥	せい しょう	なまぐさ.い	Bloody | Smelling Of Fish | Raw Smelling	кървав | миризлив на риба | суров на мирис
腦	のう どう	のうずる	Brain | Memory	мозък | памет
腭	がく	あご はぐき	Palate | Roof Of Mouth	небце
腮	さい	あご えら	Jaw	челюст
腯	とつ とち とん	こ.える	Strong	силен
腱	けん きん		Tendon	сухожилие
腴	ゆ	あぶら こえ.る	Fat | Grease | Growing Fat	тлъст | мазнина | затлъстявам
腿	たい	もも	Thigh | Femur	бедро
膀	ぼう ほう		Bladder	пикочен мехур
膂	りょ ろ	せぼね	Backbone	гръбнак
膃	おつ		Fat | Corpulent	тлъст | закръглен
膄	しゅう にゅ	やせ.る か.ける	Become Emaciated	измършавявам
膆	そ	こ.える	The Corpse Of A Bird Or Fowl | Fat	труп на птица? | тлъстина
膈	かく		Diaphragm	диафрагма
膊	はく	ほじし	Arm	ръка
膋	りょう	あぶ.る	Fat	мазнина
膏	こう	あぶら	Fat | Grease | Lard | Paste | Ointment | Plaster	мехлем | мазнина | паста
膓	ちょう	はらわた	Guts | Bowels | Intestines | Viscera	черва | вътрешности
膕	かく こく きょく	ひかがみ	Hollow Of Knee	подколянна ямка
膘	ひょう しょう	あばら	Fat | Rump	тлъстина | задница
膛	とう		Chest | Hollow Space | Cavity	гърди | кухина
膣	ちつ		Vagina	вагина
膤	せつ	ゆき たら そり	Snow | (kokuji)	сняг
膩	じ に	あぶら あぶらあか	Smooth | Oily	гладък | мазен
膰	はん	ひもごり ひもろぎ	Offerings To Gods	жертвени приноси за боговете
膲	しょう	みのわた	The Three Divisions Of The Viscera (med.)	три дяла на вътрешностите (кит. медицина)?
膴	こ く ぶ む	ほじし	Fine	фин
膵	すい		Pancreas | (kokuji)	панкреас
膸	ずい		Marrow | Pith	костен мозък | сърцевина
膺	よう おう	むね	Breast | Strike	гърди | удрям
膽	たん	きも	Gall Bladder | Bravery | Courage	жлъчен мехур | смелост | храброст
膾	かい け	なます	Raw Fish Salad	сурова риба на резени
膿	のう どう	う.む うみ	Pus | Fester | Discharge	гной | гноясвам
臀	でん とん	しり	Buttocks | Hips | Butt | Rear	седалище | задник
臁			Calf	прасец
臂	ひ	ひじ	Elbow	лакът
臃	よう	はれもの	Swell Up | Swelling | Fat	подувам се | подуване | дебел
臈	ろう		Year-end Sacrifice | Dried Meat	жертвоприношение в края на годината | сушено месо
臉	けん せん れん		Area Between Eye And Cheek | Face	буза | лице
臊	そう	あぶら	Rank | Rancid | Frowzy | Fetid | Bashful	вмирисан | гранясал | зловонен | срамежлив
臍	せい さい	へそ ほぞ	Navel	пъп
臏	ひん		The Kneecap	капачка на коляното
臑	じ どう じゅ でい	すね	Leg | Shin	крак | пищял
臕	ひょう		Fat | Gross | Sleek	дебел | тлъст | лъскав
臘	ろう		12th Lunar Month	дванадесети лунен месец
臙	えん	のど べに	Rouge	руж
臚	ろ りょ		Skin | Tell | Report	кожа | съобщавам | докладвам
臛	こく かく	あつもの	Broth	бульон
臝	ら	はだか	Be Bare | Nude	гол | оголен
臟	ぞう	はらわた	Viscera | Bowels	вътрешности | черва
臠	れん	きりみ	Witness	късче месо | свидетел?
臤	かん けん こう きょう	かた.い	Hard | Wise	твърд | мъдър
臥	が	ふせ.る ふ.せる ふ.す	Bend Down | Bow | Lie Prostrate	навеждам се | кланям се | лежа проснат
臧	ぞう そう	よい	Good | Bribe | Servant	добър | подкуп | слуга
臬	げつ		Law | Rule | Door Post	закон | правило | вратна каса
臲	げつ げち	あや.うい	Jumpy | Jittery | Worried	нервен | тревожен | разтревожен
臺	だい たい	うてな われ つかさ	Stand | Counter For Vehicles	стойка | брояч за превозни средства
臻	しん	いた.る	Arrive | Reach | Gather	пристигам | достигам | събирам се
臽	かん げん こん	おとしあな	Pit | Hole	яма | дупка
臾	ゆ よ よう		A Little While | Urging	кратко време | подканяне
臿	そう しょう	うすじく	To Separate The Grain From The Husk	отделям зърното от плявата
舀	よう	く.む	Dip | Ladle	загребвам | черпак
舁	よ	か.く	Bear | Carry	нося | пренасям
舂	しょう	うすつ.く うすづ.く つ.く	Pound (mortar) | Sink | Set (sun)	чукам (в хаван) | потъвам | залязвам (за слънцето)
舃	しゃく さく せき たく	かささぎ	Shoe | Sole Of A Shoe | Magpie	обувка | ходило на обувка | сврака
舄	しゃく さく せき たく	かささぎ	A Shoe | The Sole Of A Shoe | Magpie	обувка | ходило на обувка | сврака
舅	きゅう	しゅうと	Father-in-law	тъст | свекър
與	よ	あた.える あずか.る くみ.する ともに	Participate In | Give | Award | Impart | Provide | Cause	участвам | давам | награждавам | предавам | предоставям
舉	きょ	あ.げる あ.がる こぞ.る	Raise | Plan | Project | Behavior | Actions	вдигам | план | проект | поведение | действия
舊	きゅう	ふる.い もと	Old Things | Old Friend | Old Times | Former | Ex-	стари неща | стар приятел | отминали времена | бивш
舍	せき しゃ	やど.る	Inn | Hut | House | Mansion	хан | колиба | къща | имение
舐	し	ねぶ.る な.める	Lick | Lap Up | Burn Up | Taste | Undergo | Underrate | Despise	облизвам | полизвам | вкусвам | подценявам | презирам
舒	じょ しょ	の.べる	Stretch | Loosen | Open | Relax | Mention	протягам | разхлабвам | отварям | отпускам се
舓	し	ねぶ.る な.める	To Lick | To Lap Up | To Burn Up | To Taste | To Undergo | To Underrate | To Despise	облизвам | полизвам | вкусвам | подценявам | презирам
舔	てん	な.める	Lick With Tongue | Taste	облизвам с език | вкусвам
舖	ほ		Shop | Store	магазин
舚	てん		To Put Out The Tongue	изплезвам език
舝	かつ げち	くさび	Linch-pin	шплент на ос | чека
舡	こう せん	ふね	Boat | Ship	лодка | кораб
舢	さん		Sampan	сампан (лодка)
舨	はん		Sampan	сампан (лодка)
舫	ほう	もや.う もやいぶね	Moor | Berth	акостирам | привързвам лодка
舮	ろ	とも へさき	Bow Or Prow Of Boat	нос на лодка
舲	れい りょう	こぶね	Small Boat With Windows | Houseboat	малка лодка с прозорци | лодка-къща
舳	じく ちく ちゅう	へ へさき とも	Bow | Prow	нос на кораб
舸	か	ふね	Large Boat	голяма лодка
舺	こう ぎょう	ふね	Place Name In Taiwan | Taipei	Тайпе | име на място в Тайван
艀	ふ	はしけ	Sampan | Lighter | Barge	сампан | лихтер | шлеп
艄	そう しょう	とも	Stern Of A Vessel	кърма на кораб
艅	よ		Despatch Boat	куриерска лодка
艋	ぼう もう みょう	ふね	Small Boat	малка лодка
艎	こう おう	ふね	Fast Boat	бърза лодка
艑	へん		Small Boat	малка лодка
艖	さ しゃ さい せ	こぶね ふね	Raft | Boat	сал | лодка
艗			Bow Of Junk	нос на джонка
艘	しょう しゅう そう	ふね	Counter For Small Boats	брояч за малки лодки
艙	そう		Hold (ship)	трюм
艚	そう		Boat	лодка
艜	たい		Long Narrow Vessel With Two Masts	дълъг тесен съд с две мачти
艝		そり	Sled | Sleigh | (kokuji)	шейна
艟	どう しょう とう	いくさぶね	Fighting Ship	боен кораб
艢	ろ しょう ぞう	とも ほばしら	Bow | Stern	нос | кърма
艣	ろ	やぐら かい	Stern Oar | Scull	кърмово весло | гребло
艤	ぎ	ふなよそおい	Landing A Boat	приставане на лодка
艨	もう ぼう	いくさぶね	Fighting Ship	боен кораб
艪	ろ	やぐら かい	Oar | Tower	весло | кула
艫	ろ	とも へさき	Bow | Prow | Stern	нос | кърма
艭	そう		Ship	кораб
艮	こん ごん	うしとら	Northeast (oriental Zodiac) | Stopping | Good Radical (no. 138)	североизток | спиране
艱	かん けん	なや.む かた.い なや.み	Difficult | Trying | Be Distressed | Parent's Funeral Ceremony | Mourning | Perilous	труден | изпитание | страдам | погребение на родител | траур
艴	ほつ ふつ ふち はい	おこ.る	The Countenance Changing	промяна на изражението (от гняв)
艷	えん	つや なま.めかしい あで.やか つや.めく なま.めく	Luster | Glaze | Polish | Charm | Colorful | Captivating	блясък | глазура | полирам | чар | пленителен
艸	そう	くさ	Grass | Plants | Grass Radical (no. 140)	трева | растения
艹			Grass | Radical Number 140	трева
艾	かい げい	もぐさ よもぎ おさ.める か.る	Moxa | Sagebrush | Wormwood | Mugwort	мокса | пелин | обикновен пелин
芃	ほう ぶ ふう	さかん	Luxuriant Growth	буен растеж
芊	せん	しげ.る	Exuberant And Vigorous Foliage	буйна зеленина
芍	しゃく		Peony	божур
芎	きゅう く		Kind Of Herb	вид билка
芑	き	ちさ	White Millet	бяло просо
芒	ぼう こう もう	すすき のぎ のげ	Pampas Grass | Beard (grain)	пампасова трева | остен на класче
芔	き け	くさ	General Term For Plants	общо название за растения
芚	とん ちゅん		Green Sprout | Foolish	зелен кълн | глупав
芟	せん さん	か.る	Cut | Clip | Trim | Harvest | Mow	режа | подрязвам | окосявам | жъна
芡	けん		Plant Allied To The Water-lily	растение сродно на водната лилия
芣	ふう ふ	さかん	Medicinal Plantago	лечебен живовляк
芧	ちょ しょ よ	みくり	Chestnut Oak	кестенов дъб
芨	きゅう こう	そくず	Name Of A Plant | The Roots Are Used For Various Purposes	вид растение с полезни корени
芩	きん ごん けん	じしばり	Salt Marsh Plant	растение от солен блатист терен
芪	き し ち	はなすげ	Celery	целина
芫	げん がん		Type Of Vetch	вид бакла
芬	ふん	かおり こうば.しい	Perfume	аромат | парфюм
芮	ぜい ねい ぜつ ねち		Tiny | Small | Water's Edge	мъничък | малък | брега на вода
芰	き	ひし	Water Caltrop	воден кестен (растение)
芷	し	くさ	Angelica | Type Of Iris	ангелика | вид перуника
芻	すう しゅう す	まぐさ	Grass Cutting | Hay	сено | фураж
芼	ぼう もう	はびこ.る	To Choose | To Select | Greens	избирам | подбирам | зеленчуци
芾	ひ はい ふつ ふち		Flower | Small | Little | Lush	цвете | малък | буен
芿	じょう にょう		Grass Which Has Been Cut And Re-grown | Wild Grass	прекосена и отново поникнала трева? | дива трева
苐	てい だい い	つばな	Sequence | Number | Grade | Degree	ред | номер | степен
苒	ぜん		Flourishing | Luxuriant	буен | разкошен
苓	れい りょう	みみなぐさ	Plant | Herb | Mushroom	растение | билка | гъба
苔	たい	こけ こけら	Moss | Lichen	мъх | лишей
苕	ちょう しょう	えんどう	Rush Plant	тръстикоподобно растение?
苙	りゅう きゅう		Type Of Herb | Pigsty	вид билка? | кочина
苜	もく ぼく		Clover | Medic	детелина | люцерна
苞	ほう ひょう	つと	Husk | Bract | Straw Wrapper | Souvenir Gift | Bribe	обвивка (на растение) | сламена опаковка | подарък сувенир | подкуп
苟	こう く	いやしく.も	Any | At All | In The Least	какъвто и да е | изобщо | поне
苡	い し わ	くさ	Adlay | Plantain	адлай? | живовляк
苢	い し わ	くさ	Barley | Coix Agretis	ечемик | коикс?
苣	きょ	ちしゃ	Torch	факла
苧	ちょ	お からんし からむし	Hemp | Flax	коноп | лен
苪	へい ひょう	あき.らか	Bright | Shining | Splendid	светъл | блестящ | великолепен
苯	ほん		Benzene | Luxuriant	бензен | буен
苳	とう	ふき	Butterbur | Bog Rhubarb	фуки (растение)? | блатен ревен?
苴	そ さ しゃ しょ	つと あさ	Husk | Bract | Straw Wrapper | Souvenir Gift | Bribe	обвивка (на растение) | сламена опаковка | подарък сувенир | подкуп
苶	でつ ねち じょう にょう	つか.れる	Weary | Tired	уморен | изтощен
苷	かん こん		Licorice	женско биле
苹	へい びょう ほう	ほ	Duckweed | Mugwort	воден лещник? | пелин
苺	ばい まい	いちご	Strawberry	ягода
苻	ふ		Kudzu-like Plant	растение, подобно на кудзу?
苽	こ	こも まこも	Bullrush | Zizania Latifolia	папур | дива ориз трева?
苾	ひつ びち へつ	かお.る	Smell | Fragrance | Aroma	мирис | аромат
茀	ふつ ぶち ほつ ぼち ひ	ふさ.ぐ	Overgrown With Grass | Weedy	обрасъл с трева | плевелив
茁	さつ せち きつ きち	めば.え	Sprout | Flourish | Vigorous	кълн | процъфтявам | буен
范	はん	いがた	Bee | Law | Casting Mould	пчела | закон | калъп за отливане
茆	えん ぼう	その かや ぬなわ	Garden | Farm | Yard	градина | ферма | двор
茇	はつ ばち はい ふつ ふち	ね	Grass | Thatch	трева | слама за покрив
茈	し さい じゅ	むらさき	Plant Yielding A Red Dye	растение за червена боя?
茖	かく		Mountain Leek | Garlic	планински лук | чесън
茘	れい り れん	おおにら	Scallion | Small Onion	малко кромидче | лук резене
茞	しん		Fragrant Plant | Angelica	ароматно растение | девесил
茢	れつ れち れい	あしのほ	Sedges | Rushes	острица | тръстика
茣	ご		Mat | Matting	рогозка | постелка
茫	ぼう	とお.い	Wide | Extensive	широк | обширен
茬	し	しげ.る	Harvest	жетва
茭	けき きゃく こう きょう	まぐさ	An Aquatic Grass | The Stalks Of Which Are Eaten As A Vegetable	водна трева? | стъбла, ядени като зеленчук?
茯	ふく ぶく ひ び		Type Of Mushroom	вид лечебна гъба (пория)?
茱	しゅ		River Ginger Tree | Oleaster	дива маслина (елеагнус)?
茲	し じ	ここ.に し.げる	Here	тук
茴	うい かい		Fennel	резене
茵	いん	しとね	Cushion | Mattress	възглавница | дюшек
茷	はい ひつ ほち	しげ.る	Flutter | Flower	трептя | цвете
茸	じょう にゅ	きのこ たけ しげ.る	Mushroom	гъба
茹	じょ にょ	ゆ.でる う.でる	Boil | Seethe	варя | кипя
荀	じゅん しゅん		Type Of Plant | Proper Name	вид растение?
荃	せん そん せつ せち さつ	からしあえ	Aromatic Herb | Fine Cloth	ароматна билка | фин плат
荄	かい	ね	Roots	корени
荅	とう	あずき こた.える	Adzuki Beans | Thick	адзуки боб | дебел
荇	こう ぎょう	はなじゅんさい	Water Plant | Nymphoides Peltalum	водно растение | нимфоидес?
荊	けい	いばら	Thorn | Brier | Whip	трън | къпина | камшик
荍	きょう しゅう しゅ	ぜにあおい	Buckwheat | Herbal Medicine	елда | билково лекарство
荐	せん	しきりに	Mat | Repeatedly	рогозка | многократно
荑	てい だい い	つばな	Sprouts | Tares	кълнове | плевели
荔	れい り れん	おおにら	Lychee	личи
荣			Glory | Honor | Flourish | Prosper	слава | чест | разцвет | просперитет
荳	とう ず	まめ	Bean | Nutmeg	боб | мускатово орехче
荵	にん じん	しのぶ	Hare's Foot Fern	папрат заешка лапа?
荸	ほつ ぼち		Water Chestnut	воден кестен
荼	た ず と だ	にがな	A Weed	плевел
荽	い すい に		Coriander	кориандър
莀	しん どう のう		To Farm | Farmer | Agriculture	земеделие | земеделец
莅	り れい	るい のぞ.む つ.く	Proceed To | Assume A Post	явявам се | встъпвам в длъжност
莆	ふ ほ		Kind Of Legendary Tree	легендарно дърво?
莇	じょ	あさがら	Chinese Matrimony Vine | Tilling Public Fields | Corvee | Surname	годжи бери (лоза)? | обработване на общински земи? | трудова повинност?
莊	そう しょう ちゃん	ほうき おごそ.か	Broom	метла
莎	さ しゃ	はますげ	Sedge	острица
莒	きょ こ	いも	Hemp-like Plant | Taro | Herb	коноповидно растение? | таро | билка
莓	ばい まい	いちご	Wild Strawberry	дива ягода
莖	けい きょう	くき	Stem | Stalk	стъбло
莘	しん		Long | Numerous | Marsh Plant Whose Root Is Used For Medicine	дълъг | многоброен | блатно растение с лечебен корен?
莙	きん くん うん	も	Species Of Water Plant	вид водно растение?
莚	えん	むしろ	Straw Mat	сламена рогозка
莛	てい じょう	くき	Stalks Of Grasses, Etc.	стъбла на треви
莜	てき じゅく ちょう じょう	くさとり	Avena Nuda	гол овес?
莝	さ	きりわら	To Chop Straw Fine For Animals	нарязвам слама за фураж?
莟	がん かん	つぼみ	Bud (plant)	пъпка (на растение)
莠	ゆう	はぐさ	Appears Good But Is Bad | Type Of Weed Which Resembles Rice	привидно добър, но лош | плевел, приличащ на ориз
莢	きょう	さや	Pod | Hull | Husk | Shell | Case	шушулка | люспа | обвивка
莧	かん けん	ひゆ	Edible Greens | Amaranth	ядивна зеленина | амарант
莨	ろう	たばこ	Tobacco	тютюн
莩	ふ ひょう		Membrane Lining Inside Reed | Very Thin	ципа вътре в тръстика? | много тънък
莪	が		Type Of Thistle	вид магарешки бодил?
莫	ばく ぼ まく も ない	くれ なか.れ なし	Must Not | Do Not | Be Not	не бива | недей | не
莱	らい り	あかざ あわち こうがい	Goosefoot | Pigweed	лобода
莵	と つ	うさぎ	Dodder (plant)	повитица (растение)
莽	ぼう もう	くさ	Grass | Grassy Field	трева | тревисто поле
莿	し せき しゃく	とげ	Thorn	трън
菀	えん おん うつ うち うん	その つ.む	Luxuriance Of Growth	буен растеж
菁	せい しょう		Turnip	ряпа
菇	こ く	からすうり	Mushrooms	гъби
菉	りょく ろく	かりやす	The Green Bamboo | Greenish Bamboo	зелен бамбук
菎	こん		A Kind Of Fragrant Herb	ароматна билка?
菏	か	くさ	River In Shandong Province	река в провинция Шандун
菑	し さい	あれち	To Weed Grass | Land Under Cultivation	плевя трева | обработваема земя
菔	ほく ふく	だいこん	Turnip	ряпа | дайкон
菘	すう しゅう		Type Of Rape Plant	вид рапица
菟	と つ	うさぎ	Dodder (plant)	повитица (растение) | заек
菠	は ほ	ほうれんそう	Spinach	спанак
菡			Buds | Lotus Buds	пъпка | пъпка на лотос
菰	こ	こも まこも	Reed Used For Matting	тръстика за рогозки
菲	ひ	うす.い	Thin | Inferior	тънък | долнокачествен
菴	あん	いおり いお	Hermitage	скит | усамотена колиба
菶	ほう ふ ぼ		Species Of Water Plant | Flower	вид водно растение | цвете
菷	しゅう そう	ほうき	Broom	метла
菸	えん よ おん		Smoke | Soot | Tobacco | Cigarettes	дим | сажди | тютюн | цигари
菹	しょ しゃ	つけもの	Salted Or Pickled Vegetables	туршия
菻	りん		Kind Of Thistle	вид магарешки бодил
菼	たん	おぎ	Rush Or Sedge	тръстика | острица
菽	しゅく	まめ	Beans	боб
萁	き かい	まめがら	Kind Of Grasses | Bean Stocks & Pods	вид треви | бобени стъбла и шушулки
萃	すい さい	あつ.まる	Collect | Gather | Assemble	събирам | събирам се
萄	どう とう		Grape Vine | Wild Grape	грозде
萆	ひ へい はつ ばち		The Castor-oil Plant (also Used For Other Plants)	рицин (растение)
萇	ちょう		Type Of Plant	вид растение
萊	らい り	あかざ あれわ こうがい	Goosefoot | Weed | Fallow Field	лобода | плевел | угар
萋	せい さい		Luxuriant Growth | Beautiful	буен растеж | красив
萍	へい ひょう	うきくさ	Floating Plants	водна леща
萑	かん すい	おぎ	Grass Used For Making Mats | Huanpu | Place Famous For Robbers	трева за рогозки
萓	ぎ		Day Lily	хемерокалис (лилия)
萕	せい ざい	ひと.しい ととの.える なづな	Water-chestnuts | Caltrop	воден кестен
萠	ほう	も.える きざ.す めばえ きざ.し	Show Symptoms Of | Sprout | Bud | Malt	покълвам | пъпка | малц
萢		やち やら	Bog | Wetlands | Used In Proper Names | (kokuji)	блато | мочурище
萪	か		Type Of Wisteria	вид глициния
萵	わ		Lettuce	маруля
萸	ゆ		Oleaster | River Ginger Tree	дива маслина (лох)
萹	へん	にわやなぎ	Grass	трева
萼	がく	うてな	Calyx | Cup	чашка (на цвете)
葆	ほう ほ	し.げる	Dense Growth | Keep | Adhere To | Conceal	буен растеж | запазвам | придържам се | скривам
葊	あん	いおり いお	Cottage	колиба
葍	ふく	ひるがお	Plant	поветица (растение)
葎	りつ	むぐら	Creepers | Trailing Plants | Vines	пълзящи растения
葑	ほう ふ ふう	かぶら	The Rape-turnip	ряпа-рапица
葒	こう ぐ	おおたで	Herb	билка
葚	ちん しん	さわら あてぎ くわのみ	Mulberry Fruit	черница (плод)
葜	かつ	くさ	Smilax China	смилакс (растение)
葠	しん せん	にんじん ちょうせんにんじん	Ginseng	женшен
葡	ぶ ほ		Wild Grape | Portugal	грозде | Португалия
葢	がい かい こう	ふた けだ.し おお.う かさ かこう	Cover | Lid | Flap	капак | похлупак | клапа
董	とう	ただ.す	Correct	поправям | коригирам
葩	は	はな	Flower | Petal	цвете | листенце
葫	こ		Garlic	чесън
葭	か	よし あし	Reed	тръстика
葮	だん たん	むくげ	Rose Of Sharon | Althea	хибискус
葯	やく		Pollen Pod At Tip Of Stamen | Type Of Tall Grass	прашник | висока трева
葱	そう	ねぎ	Stone Leek | Welsh Onion	лук батун
葳	い		Luxuriant | Flourishing | Used For Various Plants	буен | разцъфтял
葷	くん		Garlic	чесън и остри зеленчуци
葸	さい し	よい	Afraid | Bashful	страхлив | срамежлив
葹	し	おなもみ	Cocklebur	репей (растение)
葺	しゅう	あし ふ.く ふき	Thatch | Cover | Shingle | Tile	покривам покрив | слама за покрив | керемида
葽	よう		Type Of Grain | Polygala Japonica	вид зърнена култура | полигала
蒂	てい たい	へた	Peduncle | Stem Of Plants	дръжка на плод
蒄	かん		Type Of Plant	вид растение
蒐	しゅう	あかね あつ.まる あつ.める	Gather	събирам
蒓	しゅん	ぬなわ	An Edible Water | Plant-brasenia	водна пъпка (бразения)
蒜	さん	にんにく ひる のびる	Garlic	чесън
蒞	り れい るい	のぞ.む つ.く	Reach | Arrive | Manage	пристигам | управлявам
蒟	こん く		Devil's Tongue (plant)	аморфофалус (дяволски език)
蒡	ぼう ほう		Burdock	репей
蒦	わく きゃく かく やく	はかり ものさし のり	To Measure | To Calculate	меря | изчислявам
蒨	せん	あかね	Lush Vegetation | Luxuriant Growth	буйна растителност
蒭	しゅう す すう	まぐさ	To Cut Grass | Hay | Fodder	сено | фураж
蒯	かい け		Rush, Of Which Various Things Are Made	острица (растение)
蒱	ほ ぶ		Gambling Game With Dice	хазартна игра със зарове
蒴	さく	そくず	(seed) Capsule	семенна кутийка
蒹	けん	おぎ	Type Of Reed	тръстика
蒺	しつ じち しょく じ き	はまびし	Furze | Gorse	прещип
蒻	じゃく にゃく		A Kind Of Water Plant	вид водно растение
蒽	おん		Anthracene	антрацен
蒿	こう	よもぎ	Mugwort	пелин
蓀	そん		Aromatic Grass | Iris | Flower	ароматна трева | перуника
蓁	しん		Dense Growth | Thicket	гъсталак
蓂	べい めい みょう べき		Lucky Place	щастливо място?
蓆	せき	むしろ	Straw Mat | Matting	сламена рогозка
蓇	こつ こち		Follicles Of Plants	мехунка (плод)
蓊	おう	とう	Flower Stalk | Vigorous Growth	стрък на цвете | буен растеж
蓌	さ しゃ さい すい	いつわ.る	Pretend | Crouch	преструвам се | прикляквам
蓍	し	めどぎ	Yarrow | Sericea | Stalks Used For Divination	бял равнец | стъбла за гадаене
蓏	ら	うり くさのみ	Fruit Growing On Low Plants | Melon	плод на пълзящо растение | пъпеш
蓐	じょく にく	しとね	Bed	легло
蓑	さ さい	みの	Straw Raincoat	сламен дъждобран
蓓	はい	つぼみ	Bud	пъпка
蓖	ひ へい		Castor-oil Plant	рицин
蓙	ざ	ござ	Mat | Matting | (kokuji)	рогозка
蓚	しゅう		(used Only In Compounds)	среща се само в съставни думи (оксалова киселина)?
蓧	ちょう しょう	しの	Bamboo Basket | Weeder | Rake	бамбукова кошница | плевачка | гребло
蓪	とう つ	あけび	Paper-plant | Aralia Papyrifera	хартиено растение (аралия)
蓬	ほう ぶ	よもぎ	Sagebrush | Wormwood | Mugwort	пелин
蓯	そう す しょう しゅ	かぶら	Medicinal Herb	лечебна билка
蓰	し		To Increase Five-fold	увеличавам пет пъти
蓴	しゅん	ぬなわ	Type Of Water Plant	вид водно растение
蓷	たい つい すい	めはじき	Leon Urus Sibiriacus | Mother War	леонурус (билка)?
蓺	げい		Art | Talent | Ability | Craft	изкуство | талант | умение | занаят
蓽	ひつ ひち	まめ	Species Of Bean | Piper Longtum	вид боб | дълъг пипер
蓿	しゅく		Clover | Medic	люцерна | детелина
蔀	ほう だ だん ぶ	しとみ	Latticed Shutters	решетъчни капаци | дъсчени щори
蔂	るい ら らい	もっこ	Basket	кошница
蔆	りょう	ひし	Water Chestnut	воден кестен
蔇	き きけ		Luxuriant Growth | Extreme | Reach	буен растеж | краен предел | достигам
蔌	そく そう す	な やさい	Vegetables	зеленчуци
蔓	まん ばん	はびこ.る つる	Vine | Tendril | Influence | Connections | Good Offices | Spread | Sprawl | Thrive | Rampant | Powerful	лоза | увивно стъбло | връзки, влияние | разпространявам се | бруйно раста
蔔	ふく ほく		Giant Radish | Daikon	дайкон | голяма ряпа
蔕	てい たい	へた	Calyx | Stem	чашка (на цвят) | дръжка (на плод)
蔗	しゃ しょ	さとうきび	Sugar Cane	захарна тръстика
蔘	しん さん		Luxurious Growth Of Grass	буен растеж на трева
蔚	うつ い	うち おとこよもぎ	Dense Growth	гъст растеж
蔛			A Small Orchid-like Plant It Bears White Flowers A Dendrobium	малко орхидеевидно растение с бели цветове?
蔞	ろう る りゅう く	よもぎ	Artemisia Stelleriana	вид пелин?
蔟	ぞく そう	まぶし	Gather Together	събирам се накуп
蔣	しょう そう	まこも はげ.ます	Surname | Hydropyrum Latifalium	фамилно име | вид дива ориз
蔥	そう	ねぎ	Scallions | Onions | Leeks	лук | праз
蔫	えん おん	しぼ.む	Withered | Faded | Decayed | Calm	повехнал | увяхнал | спокоен
蔬	そ しょ	あおもの	Greens | Vegetables	зеленчуци
蔯	ちん じん	かわらよもぎ	Variety Of Artemisia	вид пелин
蔲	こう く		Nutmeg	мускатово орехче
蔴	ま まあ	あさ	Hemp | Applied To Other Plants Furnishing Textile Fibres	коноп | влакнести растения
蔾			Kind Of Bramble	вид къпина
蔿	い か け		Surname | Place Name	фамилно име | топоним
蕀	きょく		Milwort	изтравниче (вид растение)
蕁	じん たん		A Kind Of Grass	коприва | вид трева
蕆	てん	いまし.める	Finish | Complete | Solve	завършвам | приключвам | решавам
蕈	じん しん	きのこ たけ	Mushroom | Toadstool | Fungus	гъба | мухоморка
蕊	ずい	しべ	Pistil | Stamen	плодник | тичинка
蕋	ずい	しべ	Pistil | Stamen	плодник | тичинка
蕎	きょう	そば	Buckwheat	елда
蕑	かん げん	ふじばかま	Agueweed | Valeriana Villosa | Climbing Plant	вид блатна трева | валериана | катерещо растение
蕓	うん	あぶらな	Rue | Herb Used Keep Insects Away	седефче (растение против насекоми)
蕕	ゆう ゆ		Foul-smelling Grass	миризлива трева
蕘	じょう	たきぎ きこり	Firewood	дърва за огрев
蕙	けい え	かおりぐさ	Species Of Fragrant Orchid	ароматна орхидея (вид)
蕚	がく	うてな	Calyx | Cup	чашка (на цвят) | купа
蕝	せつ せち せい さい		Handful	шепа
蕞	さい せつ せち		Little | Small | Tiny | Petty	мъничък | дребен | незначителен
蕡	ふん はん ぼん	しげ.る	Hemp Seeds | Plant With Abundant	конопено семе | буен растеж
蕢	かい け き	あ.れる	Edible Amaranth | Straw Basket	ядливо амарантово растение | сламена кошница
蕣	しゅん	むくげ あさがお	Rose Of Sharon | Althea	хибискус (индийска роза) | слез
蕤	に そう しょう すい		Drooping Leaves | Fringe Soft | Delicate	увиснали листа | нежен | деликатен
蕩	とう	とろ.かす とろ.ける うご.く	Melt | Be Charmed | Captivated	топя се | омайвам се | увличам се | разпуснат живот
蕪	ぶ む	かぶ かぶら あれる	Turnip	ряпа
蕭	しょう	よもぎ	A Weed | Mugwort | Lonely | Silent | Calm	пелин | самотен | тих | спокоен
蕷	よ	いも	Yam	ямс
蕹	よう ゆ	あつ.める	Ipomoea Aquatica - Used As A Vegetable	водна спанак (кангконг)
蕾	らい	つぼみ	Bud (plants, Mushrooms Not Yet Opened)	пъпка (на цвете)
薀	うん おん	たくわ.える つ.む	Pile Up | Store | Hornwort	трупам | съхранявам | роголистник
薁	いく おう	にわうめ	Vine	лоза
薅	こう	くきをと.る	To Weed | To Eradicate	плевя | изкоренявам
薆	あい き け	かく.す	To Cover | To Hide | To Conceal	покривам | крия | скривам
薇	ら び	ぜんまい	An Edible Fern	ядлива папрат | роза
薈	かい わい		Luxuriant Vegetation	буйна растителност
薉	わい え	あ.れる	Dirty | Unclean | Immoral | Obscene	мръсен | нечист | неморален | непристоен
薊	けい き かい け	あざみ さく とげ	Thistle	бодил | магарешки трън
薌	きょう こう	こくもつ	Fragrant Smell Of Grain | Aromatic	аромат на зърно | ароматен
薏	よく おく い		Seed Of Job's Tears | Lotus Seed	семе на йов сълзи | семе на лотос
薐	ろう	ほうれんそう	Spinach	спанак
薑	きょう こう	はじかみ	Ginger	джинджифил
薓	しん せん	にんじん ちょうせんにんじん	Ginseng	женшен
薗	えん おん		Garden | Yard | Farm	градина | двор | ферма
薘	たつ だち	おおばこ	Plantago Major	живовляк
薙	てい ち	な.ぐ なぎ か.る	Mow Down (the Enemy)	покосявам (враг)
薛	せつ		Type Of Mugwort	вид пелин
薜	へい		Type Of Vine	вид лоза
薟	れん けん こん	やぶからし	Vine	лоза
薢	かい け		Woody Climbing Plant	дървесно катерещо растение
薤	かい	らっきょう にら	Scallion | Shallot	лук шалот
薧	こう	はかば	Dried Food	сушена храна
薨	こう	こう.じる みまか.る	Die	умирам (за благородник)
薯	しょ	いも	Potato	картоф | сладък картоф
薰	くん	かおる かおりぐさ かおり	A Medicinal Herb | To Cauterize	лечебна билка | каутеризирам
薶	ばい まい り	うず.める	To Bury | To Stop Up | Dirty | Filthy	заравям | запушвам | мръсен | нечист
薸	ひょう	うきぐさ	Duckweed	водна леща
薹	たい	とう あぶらな	Seed Pod	семенна шушулка | стрък на цъфнало растение
薺	せい ざい	ひと ととの.える なずな	Water-chestnuts | Caltrop	воден кестен | троскот
薾	し に でい ない	さ.く	Luxuriant Growth Of Flower	буен цъфтеж на цветя
薿	ぎ ぎょく ごく	しげ.る	Flower	цвете | буен растеж
藇	しょ よ	うつく.しい	Fine	изящен | фин
藉	しゃ せき じゃく	かり.る ふ.む	Carpet | Lend | Borrow | Make Excuses | Spread Out	постилка | заемам, вземам назаем | извинявам се | разстилам
藊	へん	ふじまめ	Kind Of Bean With Flat Pods	вид боб с плоски шушулки
藎	しん	こぶなぐさ	Kind Of Weed | Faithfulness	вид плевел | вярност
藐	びょう ばく	かろ.んじる とお.い	Make Light Of | Far Away | Beautiful	подценявам | далечен | красив
藕	ぐう ぐ ごう	はすのね	Lotus | Lotus Root | Arrowroot	лотос | корен на лотос | аройник
藘	りょ ろ		Madder	брош (растение)
藙			Dogwood	дрян
藚	しょく ぞく	おもだか	Water Plant	водно растение
藜	れい	あかざ	Goosefoot | Wild Spinach	лобода | див спанак
藟	るい ら りゅう	かずら ふじかずら	Vine | Creeper | To Wind	лоза | пълзящо растение | вия се
藥	やく	くすり	Medicine | Chemical | Enamel | Gunpowder | Benefit	лекарство | химикал | глазура | барут
藦	ば ま		Edible Mushrooms	ядливи гъби
藪	そう	やぶ	Thicket | Bush | Underbrush | Grove	гъсталак | храсталак | горичка
藶	れき りゃく		Kind Of Plant	вид растение
藷	しょ じょ	いも	Potato	картоф | сладък картоф
藹	あい		Flourishing | Luxuriant | Harmonize | Graceful | Noble | Refined	буен, разцъфнал | хармоничен | изящен | благороден
藺	りん	い	Rush, Used For Tatami Covers | Surname	тръстика (за татами) | фамилно име
藾	らい		Type Of Mugwort | Cover | Hide	вид пелин | покривам | крия
藿	かく すい		Lophanthus Rugosus | Betony	лечебна билка (вид)
蘀	たく じゃく	おちば	Falling Leaves And Barks	опадали листа и кора
蘂	ずい	しべ	Pistil | Stamen	плодник | тичинка
蘄	き け きん ごん		Variety Of Artemisia Seek	вид пелин?
蘅	こう ぎょう		Fragrant Plant The Root Is Medicinal	ароматно растение с лечебен корен
蘆	ろ	あし よし	Reed | Rush	тръстика | папур
蘊	うん	つ.む	Pile Up	натрупвам
蘋	ひん	うきくさ	Duckweed	водна леща
蘑	ま	ひらたけ	Type Of Edible Mushroom	вид ядлива гъба
蘒	き	は.ぎ	Used In "meiboku Sendaihagi"	храстова леспедеца?
蘓	そ す	よみがえ.る	Be Resurrected | Resuscitated | Revived	възкръсвам | съживявам се
蘖	げつ	ひこばえ	Sprout	филиз | издънка
蘗	はく びゃく	きはだ きわだ	Stump | Sprout	пън | филиз
蘘	にょう しょう そう のう	みようが	Kind Of Wild Ginger	вид див джинджифил
蘚	せん	こけ	Moss	мъх
蘞	れん けん こん	やぶからし	Wild Vine | Vitis Pentaphylla	дива лоза
蘢	ろう		Dragon Grass	драконова трева?
蘤			Flower | Blossoms	цвете | цвят
蘧	く きょ		Plant Which Resembles Wheat But Has No Edible Grain	растение, подобно на пшеница, без ядливо зърно
蘯	とう	とろ.かす あら.う うご.く	To Toss About | To Swing | To Rock	люлея | разклащам
蘰		かつら	Surname | (kokuji)	фамилно име | венец от лози (в коса)?
蘸	さん	ひた.す	Dip | Remarry	потапям | встъпвам във втори брак
蘺	り	くさびえ	Gracilaria Verrucosa	вид червена водорасъл?
蘿	ら	つた	Ivy	бръшлян
虀	せい さい	あ.える	Minced Pickles | Leeks | Mix | Salt	накълцани туршии | праз | смесвам | сол
虆	るい ら りゅう	かずら ふじかずら	Entwine | Basket For Carrying Dirt	увивам се (за растение) | кошница за пренасяне на пръст
虍	こ		Tiger Spots | Mottled | Tiger Or Tiger Crown Radical (no. 141)	тигрови петна | петнист | радикал „тигър“
虒	し てい だい ち	けもの	An Amphibious Beast Resembling A Tiger With One Horn | Place Name	митично земноводно, подобно на тигър с рог | географско название?
虓	おう よう こう きょう	うそぶ.く いか.る しし たた.く	Roar	рев | рева
虔	けん	つつし.む	Respect	почит | благочестие
處	しょ	ところ -こ お.る	Place | Locale | Department	място | местност | отдел
虖	こ く けい きょう	ほ.える	To Cry | To Shout | To Howl	викам | крещя | вия
虛	きょ こ	むなしい	False | Worthless | Empty | Hollow	лъжлив | безполезен | празен | кух
號	こう	さけ.ぶ よびな	Mark | Sign | Symbol | Number	знак | символ | номер
虡	きょ ご	はし.る	Support Structure For Bell	опорна конструкция за камбана
虢	ほう かく	つめあと	Name Of Ancient Feudal State In Shenxi And Hunan	название на древна феодална държава (в Шенси и Хунан)?
虣	ほう	しいたげる	Cruel | Violent | Passionate	жесток | брутален | страстен
虧	き	か.ける	Wane (moon)	намалявам се (за луната)
虩	けき きゃく さく しゃく	おそ.れる	Fright	страх | уплаха
虬	きゅう く きょう	みずち	Young Dragon	млад дракон
虯	きゅう く きょう	みずち	Young Dragon	млад дракон
虱	しつ	しらみ	Lice | Vermin	въшка | паразит
虷	かん	ぼうふら	Worm	червей | ларва на комар?
虺	き かい け	まむし	Large Poisonous Snake	голяма отровна змия
虻	ぼう	あぶ	Gadfly | Horsefly	конска муха
蚋	ぜい ねい ぜつ ねち	ぶゆ ぶよ ぶと か	Gnat | Sand Fly	мушица | дребна муха
蚌	ぼう ほう びょう	はまぐり どぶが.い	Clam	мида
蚍	ひ	おおあり	Mussels | Various Shellfish	миди | различни мекотели
蚑	き げ	はう	Tip-toe	пълзя | вървя на пръсти
蚓	ず いん	みみず	Earthworm	земен червей
蚘	かい ゆう	かいちゅう はらのむし	Tapeworm	тения | глист
蚜	か け	あぶらむし	Plant Louse | Aphids	листна въшка
蚝			Hairy And Poisonous Caterpillars	космата отровна гъсеница
蚡	ふん	もぐらもち	Mole	къртица
蚣	こう しょう		Centipede | Grasshopper	стоножка | скакалец
蚤	そう	のみ はやい	Flea	бълха
蚦	ぜん ねん ざん なん てん	にしきへび	Boa Constrictor	боа (удав)
蚧	かい		Red Spotted Lizard (used As Medicine)	червено петниста гущерица (използвана като лекарство)?
蚨	ふ		Kind Of Water-beetle Cash | Then Dollars And Money Generally	вид водно бръмбарче? | пари, монети (общо)?
蚩	し		Fool | Make A Fool Of	глупак | подигравам се
蚪	と		Tadpole	попова лъжичка
蚫	ほう	あわび	Abalone | Dried Fish | Surname	морско ухо (абалон) | сушена риба | фамилно име
蚯	きゅう	みみず	Earthworm	земен червей
蚰	ゆう		Millipede	многоножка
蚱	さく しゃく さ しゃ		Grasshopper | Locust	скакалец | акрида
蚳	ち し てい たい		Ant Eggs	мравешки яйца
蚵	か		Oyster	стрида
蚶	かん		Ark Shell	вид мида (аркова мида)?
蚿	けん		Millipede	многоножка
蛀	しゅ	きくいむし	Insects That Eat Books | Clothes	молец (дървояд)
蛄	こ		Mole Cricket | Cicada	земеровка | цикада
蛅	ねん せん		Caterpillar	гъсеница
蛆	そ しょ	うじ	Worm | Grub | Maggot	червей | ларва | личинка на муха
蛉	れい		Dragonfly | Moon Moth	водно конче
蛎	れい	かき	Oyster	стрида
蛑	ぼう む もう		Marine Crab	морски рак
蛔	かい ゆう	かいちゅう はらのむし	Intestinal Worms	чревни глисти
蛕	かい	かいちゅう	The Common Intestinal Worms | The Tape-worm	обикновени чревни глисти | тения
蛙	あ わ	かえる かわず	Frog	жаба
蛛	ちゅ しゅ		Spider	паяк
蛞	かつ		Kind Of Slug	плужек (безчерупчен охлюв)
蛟	こう きょう	みずち	Dragon	дракон
蛣	きつ きち けつ けち けい		(dung) Beetle	торен бръмбар
蛤	こう	はまぐり	Clam	мида
蛩	きょう	こおろぎ	Cricket	щурец
蛬	きょう	ころぎ きりぎりす	Cricket	щурец
蛯		えび うば	Shrimp | (kokuji)	скарида
蛸	そう しょう	たこ	Octopus	октопод
蛹	よう	さなぎ	Chrysalis | Pupa	какавида
蛺	きょう こう りょう	ちょう	Kind Of Butterfly	вид пеперуда
蛻	ぜい せい たい	もぬ.ける ぬけがら	Insect Moulting	линеене (при насекоми) | захвърлена ципа
蛾	ぎ が	ひむし	Moth	нощна пеперуда
蜀	しょく ぞく	いもむし	Green Caterpillar | Szechwan	зелена гъсеница | Съчуан
蜃	しん		Clam	мида
蜆	けん	しじみ	Fresh-water Clam	сладководна мида
蜇	てつ てち	さ.す	Jellyfish	медуза
蜈	ご		Centipede	стоножка
蜉	ふ		Kind Of Ant | May Fly	вид мравка | еднодневка
蜊	り	あさり	A Kind Of Bivalve	вид двучерупчест мекотел
蜋	ろう りょう		Mantis | Dung Beetle | Insect	богомолка | торен бръмбар
蜍	しょ		Toad	крастава жаба
蜎	えん けん	ぼうふら	Mosquito Larva	ларва на комар
蜑	たん	あま	Egg	яйце?
蜒	えん たん		Meandering | Serpentine	виещ се | извиващ се
蜓	えん てん てい じょう		Dragonfly | Millipede | Lizard	водно конче | стоножка | гущер
蜔	てん		Inlaid Shell-work	инкрустация от миди?
蜘	ち	くも	Spider	паяк
蜚	ひ	あぶらむし	Beetle | Cockroach	бръмбар | хлебарка
蜡	しょ わ じゃ せき しゃく	うじむし	Wax | Candle | Waxy | Glazed | Maggot	восък | свещ | восъчен | глазиран | ларва
蜣	きょう こう きゃく かく		Dung Beetle	торен бръмбар
蜥	しゃく せき	とかげ	A Lizard	гущер
蜨	しょう そう		Butterfly	пеперуда
蜩	ちょう	ひぐらし せみ	Clear-toned Cicada	цикада
蜮	よく いき こく わく	いさごむし	Fabulous Creature Like A Turtle | Toad	митично същество (подобно на костенурка)? | крастава жаба
蜱	ひ ひょう	だに	Tick | Mite	кърлеж | акар
蜴	えき		Lizard	гущер
蜹	ぜい ねい ぜつ ねち	ぶゆ ぶよ ぶと か	Gnat | Mosquito	мушица | комар
蜺	げい げつ げち	つくつくぼうし	Reflection Of Rainbow	отражение на дъга?
蜻	せい		Dragonfly	водно конче
蜾	か ら	じがばち	The Solitary Wasp	самотна оса
蜿	えん わん		Meandering	виещ се
蝀	とう つ		Rainbow	дъга
蝃	てい たい せつ せち	にじ	Rainbow	дъга
蝉	せん ぜん	せみ	Cicada	цикада
蝋	ろう	みつろう ろうそく	Wax	восък
蝌	か		Tadpole	попова лъжичка
蝍	そく しょく		Centipede	стоножка
蝎	かつ	さそり すくもむし	Scorpion	скорпион
蝓	ゆ		Slug | Snail	охлюв без черупка | охлюв
蝕	しょく	むしば.む	Eclipse | Occultation | Be Defective	затъмнение | покриване (астр.) | разяждам се
蝗	こう	いなご ばった	Locust	скакалец
蝘	えん おん		Gecko | Kind Of Cicada	гекон | вид цикада
蝙	へん	こうもり	Bat	прилеп
蝝	えん けん	いなご	The Larva Of Locust	ларва на скакалец
蝟	い	はりねずみ	Hedgehog	таралеж
蝠	ふく		Bat	прилеп
蝡	ぜん だ ねん じゅ にゅ	うごめ.く	Eumenes Polifomis | Kind Of Wasp	вид оса?
蝣	ゆう		Mayfly	еднодневка
蝥	ぼう む めう ぶ		Fly Which Is Used Similarly To Cantharides	бръмбар, използван като кантарида?
蝨	しつ	しらみ	Lice | Vermin	въшка | паразит
蝪	えき		Lizard	гущер
蝮	ふく	まむし	Viper | Adder | Asp	усойница | змия
蝯	えん おん	てながざる	Ape	маймуна
蝱	ぼう もう みょう ぶう	あぶ	Horsefly | Gadfly	конска муха | овод
蝴	こ		Butterfly	пеперуда
蝸	か	かたつむり	Snail	охлюв
蝻	なん		Immature Locusts	млад скакалец
蝼			A Mole Cricket | Gryllotalpa Africana	щурец къртичар
蝿	よう	はえ はい	Fly	муха
螂	ろう		Mantis	богомолка
螃	ほう ひょう		Crab	рак
螄	し	にな	Kind Of Snail With Spiral Shell	вид охлюв със спираловидна черупка
螆	し		Hairy And Poisonous Caterpillars	космата отровна гъсеница
螉	お おう		Wasp	оса
螋	しゅう		Spider Millipede	паякообразна стоножка
螌	はん		Striped | Poisonous Fly	ивичеста отровна муха?
螓	しん	なつぜみ	Small Cicada With A Square Head	малка цикада с квадратна глава
螕	へい ひ	だに おおあり	Tick | Mite	кърлеж | акар
螗	とう	なつぜみ	Kind Of Cicada	вид цикада
螘	ぎ	あり	Ant	мравка
螙	と	きくいむし	Grubs In Wood | Worms In Books, Clothes, Etc | Used Figuratively Of Corrupt Officials	ларва, ядяща дърво | молец (в книги, дрехи) | продажен чиновник (прен.)
螞	ば め		Ant | Leech	мравка | пиявица
螟	めい みょう	ずいむし	Injurious Parasite	вреден паразит
螢	けい	ほたる	Firefly	светулка
螣	とう ちん じん		Mythological Wingless Dragon Of	митичен безкрил дракон?
螫	せき かく	さ.す	Bee Sting	ужилване от пчела
螬	そう しゅう じゅ		Grubs In Fruit	ларва в плод
螭	ち	みずち	Dragon Whose Horns Have Not Grown | Cruel	дракон без рога | жесток
螮	てい たい		Rainbow	дъга
螯	ごう	はさみ	Claws	щипки
螳	とう		Mantis	богомолка
螵	ひょう		Chrysalis	какавида
螺	ら	にし にな	Small, Edible, Helical Fresh-water Mollusk	малък сладководен спираловиден мекотел
螻	ろう る	けら	Mole Cricket	щурец къртичар
螽	しゅう	いなご	Grasshopper	скакалец
螾	いん	みみず	The Earthworm	земен червей
螿	しょう そう		Kind Of Cicada	вид цикада
蟀	しゅつ		Cricket | Grasshopper	щурец | скакалец
蟁	ぶん	か	Mosquito | Gnat	комар | мушица
蟄	ちつ ちゅう	ちっ.する かく.れる	Hibernation Of Insects	зимен сън на насекоми
蟆	ば ま	ひき	Toad	крастава жаба
蟇	ば ま	ひき	Toad	крастава жаба
蟈	かく よく いき	いさごむし	Small Green Frog | Cicada	малка зелена жаба | цикада
蟊	ぼう む	ねきりむし	Fly Which Is Used Similarly To Cantharides	бръмбар, използван като кантарида?
蟋	しつ		Cricket | Grasshopper	щурец | скакалец
蟐	じょう	もみ	Toad | Mantis | (kokuji)	крастава жаба | богомолка
蟒	ぼう もう	うわばみ おろち	Boa Constrictor | Python	боа | питон
蟕	すい し		Species Of Tortoise Found Near The Mouth Of The Yellow River	вид костенурка (от делтата на Хуанхъ)?
蟖	し	けむし	Moth Larva | Grasshopper	гъсеница на молец | скакалец
蟜	きょう		Insect	насекомо
蟠	はん	わだかま.る わらじむし	Coiled Up	навит | свит
蟢	き		Caulk | Spider	паяк
蟣	き け	しらみ	Louse Eggs | Nits	гниди
蟥			Leech	пиявица
蟪	けい え	つくつくぼうし	Kind Of Cicada	вид цикада
蟫	いん たん どん	しみ	The Insect, Commonly Known As The Silver-fish, Which Destroys Books, Clothing, Etc.	сребриста молец (унищожава книги, дрехи)?
蟬	せん ぜん	せみ	Cicada | Continuous	цикада | непрекъснат
蟭	しょう しゅう しゅ		Very Small Bug	много малко насекомо
蟯	ぎょう じょう		Intestinal Worm	чревен паразит
蟲	ちゅう き	むし	Insect | Bug | Temper	насекомо | буболечка
蟳	じん	がざみ	Kind Of Crab	вид рак
蟶	てい	まて	Razor Clam	мида бръсначка?
蟷	とう		Mantis	богомолка
蟺	せん たん	みみず	Earthworm	земен червей | глист
蟻	ぎ	あり	Ant	мравка
蟾	せん		Toad	крастава жаба
蟿	けい き		Acrida Chinensis	вид скакалец?
蠁	きょう どう	にしどち	Larvae | Grubs	ларва | личинка
蠃	ら か	かたつむり	The Solitary Wasp	самотна оса
蠅	よう	はえ はい	Fly	муха
蠆	たい たつ たち		Kind Of Scorpion	вид скорпион?
蠋	ちょく しょく どく ぞく	けむし	Caterpillar	гъсеница
蠍	かつ	さそり	Scorpion	скорпион
蠎	ぼう もう	うわばみ おろち	Python | Boa Constrictor	питон | боа
蠏	かい	かに	Crab	рак
蠐	せい ざい し		Maggots | Grubs	ларва | личинка
蠑	えい		Newt | Turban Shell	тритон | морска раковина?
蠓	ぼう む	かつおむし	Midges | Sandflies	мушица | пясъчна мушица
蠔	こう	かき	Oyster	стрида
蠕	ぜん だ ねん じゅ にゅ	うごめ.く	Crawling Of A Worm	пълзене (на червей)
蠖	わく かく		Inchworm | Geometer	гъсеница педомерка
蠙	へん ひん	どぶがい	Oyster	стрида
蠛	べつ めち	かつおむし	Flies | Small Insects Produced In Damp Places	мушица | дребно насекомо (във влажни места)?
蠜	はん ぼん	いなご	Grasshopper	скакалец
蠟	ろう	みつろう ろうそく	Wax | Candle | Waxy | Glazed	восък | свещ | восъчен | глазиран
蠡	れい らい り ら	にな ひさご	Worm-eaten | Conch	прояден от червеи? | раковина
蠢	しゅん	うご.めく	Wriggle	гърча се | мърдам се
蠣	れい	かき	Oyster	стрида
蠧	と	きくいむし	Worm-eaten	прояден от червеи
蠨	しょう	あしたかぐも	Kind Of Spider With Long Legs	вид паяк с дълги крака?
蠭	ほう	はち	Bees | Hornets | Wasps	пчела | стършел | оса
蠮	えつ えち		Bee	пчела
蠱	こ や	まじ まじこ.る	Rice Worm | Lead Astray	оризов червей? | подвеждам
蠲	けん けい け	やすで	The Millipede Sometimes Confounded With The Grow-worm | Bright | Clear	стоножка? | ярък | чист
蠵	けい き え い		Type Of Turtle | Large Turtles	вид костенурка | голяма костенурка
蠶	さん てん	かいこ こ	Silkworms	копринена буба
蠹	と	きくいむし	Moth | Insects Which Eat Into Clot	молец | прояден от молци?
蠻	ばん	えびす	Barbarian	варварин
衁	こう	ち	Blood	кръв
衂	じく	はなぢ	Nosebleed	кървене от носа
衄	じく	はなぢ	Nosebleed	кървене от носа
衅	きん	ちぬ.る すき ひま	Consecrate Sacrificial Vessels By Smearing Blood | Rift	освещавам с кръв? | пукнатина
衈	じ に		The Blood Of A Sacrificial Fowl Which Was Sprinkled On The Doors And Vessels	кръв от жертвена птица (за освещаване)?
衉	かく きゃく		Vomit	повръщам
衊	べつ めち ばつ まち		Smear | Slander | Defile	изцапвам | клеветя | осквернявам
衍	えん	あまり しく はびこ.る	Overflowing	преливащ | изобилен
衎	かん	よろこ.ぶ	Give Pleasure | Be Pleased | Happy	радвам се | щастлив
衒	げん けん	てら.う	Show Off | Display | Pretend	перча се | показвам се
衕	とう ず		Alley | Lane	уличка
衖	こう	ちまた	Lane | Alley	уличка
衙	が ぎょ ご		Government Office	правителствена служба
衚	こ		Lane | Alley | Side Street	уличка
衜	とう	みち	Way | Path	път
衞	えい え	まも.る	Defense	отбрана
衢	く	みち	Crossroads	кръстопът
衤		ころも	Clothes | Clothing Radical (no. 145	дрехи (радикал)
衩	さい しゃ さ		The Open Seam Of A Garment Which Allows Freedom Of Movement	разрез на дреха (за свобода на движение)?
衫	さん		Thin Kimono	тънко кимоно
衲	どう のう	ころも	Mend | Priestly Vestments | Priest	кърпя | монашеско расо | монах
衵	じつ	あこめ	Everyday Clothing | Underwear	всекидневни дрехи | бельо
衹	き し てい たい	たまたま	Only | Merely | But	само | единствено | но
衽	じん にん	こくび おくみ しとね	Neck Of A Garment | Gusset | Gore	яка на дреха | клин (шев)
衾	きん	ふすま	Quilt | Bedding	юрган | завивка
袂	べい けつ	たまと たもと	Sleeve | Foot (of Hill) | Edge	ръкав | подножие (на хълм) | край
袍	ほう	わたいれ	Coat	палто
袒	たん	かたぬ.ぐ	Baring The Shoulder | Strip To Waist	оголвам рамо | събличам се до кръста
袗	しん		Thin Kimono | Embroidery	тънко кимоно | бродерия
袙	ばつ は	あこめ	Warrior's Headband	лента за глава на воин
袚	はつ はち ひ	ふく	Greave | Knee-pads | Buskins	наколенник | висок ботуш?
袜	ばつ まち	たび	Socks | Stockings	чорапи
袞	こん		Imperial Robes	императорска роба
袟	ちつ じち	さや	Book Cover | Satchel Or Bag	корица на книга | чанта
袠	ちつ じち		Book Cover | Satchel Or Bag	корица на книга | чанта
袢	はん		Summer Kimono | Short Clothing	лятно кимоно | къса дреха
袤	ぼう	ながさ	Length	дължина
袪	きょ こ	そで	Sleeves | Cuff	ръкав | маншет
袮	でい ね ち		Ancestral Shrine | Embroidery	храм на предците | бродерия
袰		ほろ	Hood | Top | Awning | Cover | (kokuji)	качулка | покрив | навес | покривало
袱	ふく		Cloth Wrapper	плат за увиване
袵	じん にん	こくび おくみ しとね	Neck Of A Garment | Gusset | Gore	яка на дреха | клин (шев)
袷	こう きょう	あわせ	Lined (kimono)	подплатено кимоно
袺	けつ けち かつ	つまどる	Hold Up	повдигам | придържам
袽	じょ にょ	やぶれごろも	Clothes	дрехи
袿	けい	うちき うちかけ うちぎ	Ancient Ordinary Kimono	старинно всекидневно кимоно
裀	いん	みごろ	Mat | Coverlet | Underwear	постелка | завивка | бельо
裃		かみしも	Old Ceremonial Garb | Samurai Garb | (kokuji)	старинна церемониална дреха | самурайска дреха
裄		ゆき	Sleeve Length | (kokuji)	дължина на ръкав
裊	ちょう じょう にょう	しなや.か	Curling Upwards | Wavering Gently	виещ се нагоре | леко полюшващ се
裋	しゅ たん	したぎ	Cotton Clothes Of A Boy Servant	памучна дреха на слуга-момче?
裌	こう きょう	あわせ	Lined Garment	подплатена дреха
裍	こん	なる	Border Or Band On The Edge Of A Dress	кант на дреха
裎	てい ちょう じょう	はだか	To Take Off The Clothes And Expose The Body | To Carry In The Girdle	събличам се, оголвам тялото | нося в пояса?
裒	ほう	ほ.める	Collect | Gather | Assemble | Praise	събирам | хваля
裔	えい	すそ	Descendant | Border	потомък | край, граница
裘	きゅう ぐ	かわごろも けごろも	Leather Clothing	кожена дреха
裙	くん	もすそ	Hem | Underwear	подгъв | бельо
裛	おう よう ゆう	ふくろ	To Wrap And Bind | Damp | Book Bag	увивам и връзвам | влажен | торба за книги
裝	そう しょう	よそお.う よそお.い	Dress | Pretend | Disguise | Profess	обличам | преструвам се | маскирам се
裡	り	うち うら	Reverse | Inside | Palm | Sole | Rear | Lining | Wrong Side	вътрешност | опакова страна | подплата
裨	ひ	おぎな.う たす.ける ます	Help	помагам
裯	ちゅう じゅ とう	はだぎ	Coverlet | Bedspread	завивка
裰	たつ たち	つくろう	To Mend Clothes	кърпя дрехи | поправям дреха
裱	ひょう	ひれ	To Mount Maps Or Scrolls | To Paste	монтирам карта или свитък | лепя
裲	りょう	うちかけ	Ancient Robe	старинно наметало | сватбена роба с шлейф
裳	しょう	も もすそ	Skirt	пола
裴	はい ひ べ	たちもとお.る	Long Robes	дълга роба | дълги одежди
裵	はい ひ べ	たちもとお.る	Surname | Look Of A Flowing Gown	фамилно име | развята роба
裹	ほう か	つつ.む	Wrap | Pack Up | Cover | Conceal	увивам | опаковам | покривам | скривам
裼	せき てい	はだぬ.ぐ	To Bare The Shoulder	оголвам рамо
褂	けい かい け	うちき うちかけ	Ancient Ordinary Kimono	старинно ежедневно кимоно
褄		つま	Skirt | (kokuji)	подгъв на пола | долен край на кимоно
褊	へん	せま.い	Narrow | Small	тесен | малък
褌	こん	ふんどし	Loincloth	препаска за слабини
褎	しゅう じゅ ゆう ゆ	そで たもと	Sleeve | Ample Flowing Robes	ръкав | широка развята роба
褏	しゅう じゅ ゆう ゆ	そで たもと	Sleeve | Ample Flowing Robes	ръкав | широка развята роба
褓	ほ ほう	むつき	Diaper	пелена
褕	ゆ よう とう ず	はねかざり	Shirt	риза
褘	い きく き	ひざかけ	Ceremonial Gowns Of A Queen	церемониална роба на кралица
褙	はい	はだぎ	Paper Or Cloth Pasted Together	залепени заедно хартия или плат
褚	ちょ しゃ	わたいれ	Bag | Valise | Stuff | Pad | Surname	торба | куфар | пълнеж | подплата | фамилно име
褝	たん ぜん	ひとえ	Thin Kimono | Undergarment	тънко кимоно | долна дреха
褞	うん おん	ぬのこ	Robe	роба
褥	じょく	しとね	Cushion | Mattress | Bedding	възглавница | матрак | постелка
褦	だい ない	ひがさ	Stupid | Dull | Ignorant | Doltish	глупав | тъп | невеж
褧	けい きょう	ひとえ	Unlined Clothes | Light Overcoat	дреха без подплата | лек връхен халат
褪	たい とん	あ.せる ぬ.ぐ	Fade | Discolour	избледнявам | обезцветявам се
褫	ち	うば.う	Rob	ограбвам
褱	かい え	ふところ なつ.かしい なつ.かしむ なつ.く なつ.ける いだ.く おも.う	To Carry In The Bosom Or The Sleeve | To Wrap | To Conceal	нося в пазвата или в ръкава | увивам | скривам
褲	こ	ずぼん	Trousers | Pants	панталони
褵	り	おび きんちやく	Bridal Veil	булчински воал
褶	しょう しゅう ちょう	かさね.る	Pleats	плисе | гънка
褸	ろ る ろう	いと	Rags	дрипи
褺	ちょう じょう	かさねごろも	Dirty | Ragged | Undress | To Treat With Irreverence	мръсен | дрипав | събличам | отнасям се непочтително
褻	せつ	けが.れる な.れる	Filthy	мръсен | нечист
襀	せき しゃく	ひだ	Pleat | Fold | Tuck | Crease	плисе | гънка | ръб
襁	きょう	むつき	Diaper	пелена
襃	ほう	ほ.める	Praise | Extol	хваля | възхвалявам
襆	ほく ぼく	もすそ	Hood Or Cowl	качулка
襌	たん ぜん	ひとえ	Thin Kimono | Undergarment	тънко кимоно | долна дреха
襍	ざつ ぞう	まじ.える まじ.る	Mixed | Blended | Mix | Mingle	смесен | размесвам
襏	はつ はち ふつ ふち	あらぬの	Raincoat	дъждобран
襖	おう	ふすま あお	Opaque Sliding Door	плъзгаща се врата от плат | фусума
襚	すい		Grave Clothes	погребални одежди
襛	じょう にゅ じゅう	あつ.い	Fine Clothes	изящни дрехи
襜	せん たん	まえか.け	Flutter | Shaking Or Vibrating	развявам се | треперя
襞	へき ひゃく	ひだ しわ	Pleat | Fold | Tuck | Crease	плисе | гънка | ръб
襠	とう	ふんどし まち	Gusset | Gore	клин (шев) | вложка в плат
襡	しょく ぞく たく しゅ じゅ	ながじゅばん	Short Coat	късо палто
襢	たん せん ちん	はだぬぎ	Strip | Lay Bare | Bared | Naked	оголвам | гол
襤	らん	ぼろ	Rags	дрипи
襦	じゅ	したぎ はだぎ	Underwear	бельо | долна дреха
襪	べつ ばつ		Socks	чорапи
襫	せき しゃく		Raincoat	дъждобран
襭	けつ	つまばさ.む はさ.む	Tuck Into One's Obi	затъквам в пояса
襮	はく ほく	えり	Collar | To Expose	яка | оголвам
襯	しん	はだぎ	Underwear	бельо | долна дреха
襴	らん りん		A Kind Of Cloth	вид плат
襵	しょう ちょう	ひだ たた.む ぬ.う ぬいめ ま.く	Pleat In A Skirt	плисе на пола
襷		たすき	Cord To Hold Up Sleeves | (kokuji)	връв за прибиране на ръкави
襻	はん	つけひも	Loop | Belt Or Band	примка | лента
襼	げい	そで	'kimono' Sleeve	ръкав на кимоно
襾	あ	け	Cover | Place On Top Of | West Radical Variant (no. 146)	покривам | поставям отгоре
覀			Variant Of Radical 146	вариант на радикал „запад“?
覃	たん えん		Extend | Deep | Large	простирам се | дълбок | голям
覈	かく けつ	しら.べる	Investigate	разследвам
覊	き は	おもが.い たづな たび つな.ぐ	Reins | Connection	юзди | връзка
覐	かく	おぼ.える さ.ます さ.める さと.る	A Sleep | To Realize | To Feel	сън | осъзнавам | чувствам
覓	べき えき みゃく	もと.める	Seek	търся
覔	べき えき みゃく	もと.める	To Search For | To Look After	търся | грижа се за
覗	し	のぞ.く うかが.う	Peep | Peek | Come In Sight	надничам | поглеждам крадешком | показвам се
覘	てん	のぞ.く うかが.う	Peep | Peek	надничам | поглеждам крадешком
覜	ちょう	み.る	Mission	мисия
覡	げき けき	かんなぎ みこ	Diviner | Medium	гадател | медиум
覥	てん	はじ.る	Ashamed	засрамен
覦	ゆ	ねが.う	Coveting High Rank	копнея за висок сан
覩	と	み.る	See	виждам
覬	き		Coveting High Rank	копнея за висок сан
覯	こう	あ.う	Happening To Meet	случайна среща
覰	そ しょ きょ しゅ す	うかが.う み.る あら.い	To Spy | To Watch For	шпионирам | дебна
覲	きん	まみ.える	See | Have An Audience With	виждам | имам аудиенция с
覵	かん けん へん えん	みる うかが.う まぜる	Steal Look | Peep At | Spy On	хвърлям крадешком поглед | надничам | шпионирам
覶	ら らん れん	み.る	To Look About | Order | Sequence | Complicated Thought Which Is Not Easy To Express	оглеждам се | ред | последователност
覷	そ しょ きょ しゅ す	うかが.う み.る あら.い	Peep At | Watch | Spy On	надничам | наблюдавам | шпионирам
覺	かく	おぼ.える さ.ます さ.める さと.る	Memorize	запомням
覼	ら らん れん	み.る	Explain In Detail	обяснявам подробно
覽	らん	み.る	Look At | Inspect | Perceive	гледам | разглеждам | възприемам
覿	てき	あ.う	Meet | See	срещам | виждам
觀	かん	み.る しめ.す	Outlook | Look | Appearance | Condition | View	възглед | изглед | вид | състояние
觔	きん	すじ	Catty	кин (мярка за тегло)?
觕	そ そう じょう	あら.い	Coarse | Rough | Rude	груб | недодялан
觖	けつ けち き けい	か.ける	To Long For | Dissatisfied | To Criticize	копнея за | недоволен | критикувам
觚	こ	さかずき	Cup	чаша
觜	し すい	くちばし はし	Beak | Bill	клюн
觝	てい	ふ.れる	Touch | Feel | Collide With | Conflict With	докосвам | сблъсквам се | влизам в конфликт
觥	こう	つのさかずき	Cup Made Of Horn | Obstinate	рог за пиене | упорит
觧	かい げ	と.く と.かす と.ける ほど.く ほど.ける わか.る さと.る	Notes | Key | Explanation | Understanding	обяснение | разбиране | ключ
觩	きゅう く	ま.がる	Strong	силен
觫	そく		To Start | Tremble With Fear	треперя от страх
觭	き	かたむ.く	One Turning Up And One Turning Down	един рог нагоре, друг надолу?
觱	ひつ ひち うつ うち	ひちりき	Tartar Horn | Chilly Wind	татарски рог (инструмент) | студен вятър
觳	こく かく		An Ancient Measure | Goblet | Mean | Frightened	древна мярка | бокал | дребнав | уплашен
觴	しょう	さかずき	Cup	чаша за вино | бокал
觶	し	さかずき	Wine Goblet Made From Horn	рог за вино | чаша за вино, изработена от рог
觸	しょく	ふ.れる さわ.る	Touch | Feel | Hit | Proclaim | Announce | Conflict | Contact	докосвам | пипам | удрям | обявявам | сблъсък | контакт
觿	けい え すい き	くじり つのぎり	Bodkin Made Of Ivory | Horn	шило от слонова кост? | рог
訇	こう けん きん		The Sound Of A Crash	трясък | гръм
訊	じん しゅん しん	き.く と.う たず.ねる	Request | Question | Investigate	питам | разпитвам | разследвам
訌	こう		Get Confused	вътрешен раздор | размирица
訏	く こ	いつわ.る	Boast | Exaggerate | Great | Broad	хваля се | преувеличавам | велик | широк
訐	けつ	あば.く	Divulge | Reveal	разкривам | издавам тайна
訑	し い た たん		Deceive | Cheat | Arrogant	мамя | измамвам | надменен
訒	じん にん	なや.む	Hesitate Say | Be Reluctant Speak	колебая се да говоря | неохотен да говоря
訕	さん せん	そし.る	Abuse | Slander | Vilify | Ridicule	клеветя | хуля | подигравам се
訖	きつ	お.える お.わる ついに	Come To An End | Reach | Arrive At | Finally	приключвам | стигам до | накрая
訛	か	なま.る なま.り あやま.る	Accent | Dialect	акцент | диалект
訝	が げ	いぶか.る	Doubt	съмнение | недоумение
訠	しん	いわ.んや は.ぐ はぎ	Much More | Still More | The Gums	още повече | венци на зъбите?
訡			To Chant | To Moan | To Sigh	напявам | стена | въздишам
訢	きん こん き	よろこ.ぶ	Pleased | Delighted | Happy	доволен | радостен | щастлив
訣	けつ	わかれ わかれ.る	Separation | Part | Secret	раздяла | тайна | тайна техника
訥	とつ	ども.る	Stutter	заеквам
訦	しん	まこと	Sincere | Faithful	искрен | верен
訬	そう しょう みょう	みだ.れる	Clamour | Uproar | Annoyance	шум | врява | досада
訶	か	しか.る せ.める	Scold	смъмрям | гълча
註	ちゅう		Notes | Comment | Annotate	бележка | коментар | анотирам
訽	こう く	ののし.る はじ はずかし.める	Blame	виня | упреквам | срам
訾	し せい さい そ	つとめない そし.る	Bad-mouth | Criticize | Defects	клеветя | критикувам | недостатък
詀	たん てん せん		Garrulous | To Whisper | To Joke	бъбрив | шептя | шегувам се
詁	こ	よみ	Exegesis | Critical Analysis Of Classical Texts	тълкуване на класически текстове? | екзегеза
詅	れい りょう	てら.う	To Sell	продавам
詆	てい たい	そし.る しか.る	Vilify | Denounce	клеветя | осъждам
詈	り	ののし.る	Ridicule	подигравам се | хуля
詎	きょ ご	なんぞ	Interjection Used To Express Surprise	възклицание за учудване?
詑	い た だ	わ.びる わ.び あざむ.く	Deceive | Delude	мамя | заблуждавам
詒	い たい	あざむ.く	Deceive | Cheat | Give | Leave Behind	мамя | измамвам | давам | оставям
詖	ひ は	かたよ.る	Argue | Biased | One-sided	спорвам | пристрастен | едностранчив
詗	きょう ちょう けい	さぐ.る	To Spy Upon | To Give Information | Shrewd	шпионирам | давам сведения | хитър
詘	くつ くち ちゅつ ちゅち とつ	つ.まる	Bend | Stoop | Crouch | To Yield	навеждам се | прекланям се | отстъпвам
詛	そ しょ	のろ.う	Curse	проклинам | проклятие
詡	く	ほこ.る	Boast | Brag | Popular | Well Known | To Flatter	хваля се | известен | лаская
詧	さつ さち せつ せち	みる あきらか.にする	To Examine Into Judicially | To Find Out	разследвам съдебно | откривам истината
詬	こう く	ののし.る はじ はずかし.める	Ridicule	подигравам се | хуля
詭	き	いつわ.る	Lie | Deceive	лъжа | измама | софистика
詵	しん せん	と.る	Inquire | Question | Numerous	разпитвам | многоброен
詹	せん たん		Surname | Talk Too Much | Verbose	фамилно име | бъбрив | многословен
詻	がく ぎゃく りゃく らく	いいあらそ.う	Orders	заповеди
詼	かい	たわむれ	Jest	шега
詾	きょう く	うった.える いいたて.る み.ちる おど.す	Noisily | Uproarious | Troublesome	шумно | врява | неспокоен
詿	かい け か	あやま.る	Error | Mistake | Deceive | Mislead	грешка | мамя | заблуждавам
誂	ちょう	あつら.える いど.む	Order	поръчвам
誃	し ち い	わか.れる	Part	разделям се
誄	るい	しのびごと	Condolence Message	съболезнователно послание
誅	ちゅう ちゅ	ちゅう.する ころ.す せ.める	Death Penalty	смъртно наказание | екзекутирам
誆	きょう ごう	いつわり	Cheat | Swindle | Lie	мамя | измамвам | лъжа
誑	きょう	たばか.る たぶら.かす た.らす	Cheat | Coax	мамя | подмамвам
誒	き かい あい い	あ	An Exclamation Of Confirmation	възклицание за потвърждение?
誖	ほつ ぼち ふつ ふち	みだ.す	Obstinate | Disorderly | Perverse	упорит | безреден | извратен
誚	しょう	せ.める	Censure | Blame	порицавам | виня
誡	かい	いまし.める	Admonish | Warn | Prohibit	предупреждавам | поучавам | забранявам
誣	ふ	しい.る し.いる あざむ.く	Slander	клеветя
誥	こう	つ.ぐ	State | Give Instructions	заявявам | давам указания
誦	しょう じゅ ず	とな.える よ.む	Recite | Chant	рецитирам | напявам
誧	ほ ふ		Huge | To Admonish	огромен | поучавам
誨	かい	おし.える	Instruct	поучавам | наставлявам
誩	けい きょう ごう たん とん	あらそいいう	To Quarrel | To Wrangle	карам се | препирам се
誶	すい さい しゅつ	せ.める ののし.る	Speak Ill Of | Vilify | Berate | Interrogate	хуля | порицавам | разпитвам
誹	ひ はい	そし.る	Ridicule | Slander	хуля | клеветя
誾	ぎん ごん		Speak Gently | Respectful	говоря мило | почтителен
諂	てん	へつら.う	Flatter	лаская
諆	き	あざむ.く	To Cheat	мамя
諉	ずい に い	わずら.わす	Pass Buck | Lay Blame On Others	прехвърлям вината на другиго
諊	きく こく	しらべ.る	To Male A Judicial Investigation	разследвам съдебно
諍	そう しょう	いさか.う あらそ.う いさ.める うった.える	Quarrel	карам се | спор
諐			Fault	вина | грешка
諑	たく	うったえ	Slander | Gossip | Rumors	клевета | клюка | слух
諕	こう か て	さけ.ぶ	To Intimidate	заплашвам
諗	しん じょう にょう	いさ.める	Consult Carefully With | Counsel	съветвам се | давам съвет
諚	じょう		Command | (kokuji)	заповед
諛	ゆ	へつら.う へつら.い	Flatter	лаская
諝	しょ	さとい	Knowledge | Discrimination | Treachery	знание | разграничение | предателство
諞	へん		Flattering | Glibness	ласкателство | празнословие
諟	し てい たい	ただ.す	To Examine | To Consider | Honest	изследвам | обмислям | честен
諠	けん	かまびす.しい わす.れる	Forget | Noisy	забравям | шумен
諡	えき し	おくりな	Posthumous Name	посмъртно име
諢	こん		Joke | Jest | Colloquial	шега | разговорен език
諤	がく	わめ.く あご	Speaking The Truth	говоря истината открито
諫	かん	いさ.める	Admonish | Dissuade	предупреждавам | разубеждавам
諬	けい	ひら.く さと.す	To Open | To Begin | To Explain | To Inform | Letter	отварям | започвам | обяснявам | писмо
諱	き	いみな い.む	Posthumous (real) Name	истинско посмъртно име | табу име
諳	あん おん	そら.んじる	Memorize | Recite From Memory	запомням наизуст | декламирам наизуст
諴	かん げん こん	やわ.らぐ	In Harmony | In Agreement	в хармония | в съгласие
諵	なん だん ねん		Mutter	мърморя
諶	しん	まこと	Sincere | Faithful | Surname	искрен | верен | фамилно име
諷	ふう	そら.んじる	Hint | Satirize	намеквам | сатира
諺	げん	ことわざ	Proverb	пословица
諼	けん	かまびす.しい わす.れる いつわ.る	Forget | Lie | Cheat | Deceive	забравям | лъжа | мамя
謂	い	い.う いい おも.う いわゆる	Reason | Origin | History | Oral Tradition	причина | произход | предание
謅	そう しょう しゅう しゅ	もてあそ.ぶ	Play With Words | Quip | Talk Nonsense	играя си с думи | говоря глупости
謆	せん	まど.わす	Beguile | Cajole	прилъгвам | подмамвам
謇	けん	ども.る	Stutter | Speak Frankly	заеквам | говоря откровено
謊	こう	いつわ.る	Lie	лъжа
謌	か	うた うた.う	Sing | Recite | Carol | Poem | Tanka | Slander | Defame	пея | рецитирам | песен | танка | клеветя
謐	ひつ	しずか	Quiet	тих | спокоен | тишина
謑	けい か け	はじ	Shame | Disgrace	срам | позор
謔	ぎゃく きゃく	たわむ.れる	Sport With	шегувам се | закачам се
謖	しょく しゅく	た.つ	Arise	издигам се | ставам
謗	ぼう ほう	そし.る	Slander | Disparage | Censure | Criticize	клеветя | злословя | укорявам | критикувам
謚	えき し	おくりな	Laughing	посмъртно име | смях?
謟	とう	うたが.う	Flatter | Suspect | Be Uncertain | Doubt	лаская | подозирам | съмнявам се
謠	よう	うた.う うた	Chant (esp. Noh) | Folksong | Ballad	напев (обикн. в театър но) | народна песен | балада
謦	けい	しわぶき	Coughing	кашлица
謨	ぼ も	はか.る	Plan | Deliberate	план | обмислям
謫	たく ちゃく	せ.める とが.める	Crime	престъпление | заточение?
謬	びゅう びょう みゅう	あやま.る	Mistake	грешка | заблуда
謭	せい せん	あさ.い	Shallow | Stupid	плитък | глупав
謷	ぎょう ごう ぎゅう く	やかま.しい	Slander | To Revile | Huge | Big	клеветя | хуля | огромен | голям
謼	こ く こう きょう	よ.ぶ	To Shout | To Mourn | To Invoke	викам | оплаквам | призовавам
謾	まん ばん	あざむ.く あなど.る	Despise	презирам
譁	か け	かまびす.しい	Noisy	шумен
譅	しゅう どう のう		Wriggling	гърча се | извивам се
譆	き い	ああ	Scream	крясък | писък
譈	たい ずい	うら.む	Dislike	неприязън | отвращение
證	しょう	あかし	Proof | Evidence | Certificate | Testify | Verify | Guarantee | Witness	доказателство | свидетелство | удостоверение | потвърждавам | свидетел
譌	か	なま.る あやま.る	Accent | Dialect	акцент | диалект
譍	よう おう	こた.える	Answer	отговор
譎	けつ きつ	いつわ.る いつわ.り	Deceive	мамя | лъжа
譏	き	そし.る	Slander | Disparage | Censure | Criticize	клеветя | злословя | укорявам | критикувам
譔	せん	おし.える	Eulogize | Compose | Write	възхвалявам | съчинявам | пиша
譖	しん せん	そし.る	Slander	клеветя
譙	しょう すい	しか.る	Tower | Surname	кула | фамилно име
譚	たん	はなし	Talk	разказ | приказка
譛	しん せん	そし.る	Slander | False Accusation	клевета | лъжливо обвинение
譟	そう	さわ.ぐ	Shout | Be Noisy	викам | шумя
譫	とう せん たん	うわごと たわごと うるさくしゃべ.る	Delirious Talk	налудничава реч | бълнуване
譬	ひ	たと.える たと.え	Illustrate	онагледявам | сравнявам
譭	き		To Slander | To Defame	клеветя | оклеветявам
譯	やく	わけ	Translate | Decode | Encode	превеждам | разшифровам | кодирам
譱	ぜん	よ.い い.い よ.く	Virtuous | Good | Goodness	добродетелен | добър | доброта
譴	けん	せめ.る	Reproach	упрек | порицание
譸	ちゅう ちゅ じゅ	のろ.う	Deceive | Cheat | Hurried | Bustling	мамя | лъжа | забързан | оживен
譹	こう	さけ.ぶ たぶら.かす	To Shout | Roar | Terrify | Swiftly	викам | реввам | плаша | бързо
譼	かん		To Supervise | To Confine A Government Establishment	надзиравам | управлявам държавна служба
譽	よ	ほ.まれ ほ.める	Fame | Reputation | Praise	слава | репутация | похвала
譾	せい せん	あさ.い	Shallow | Stupid	плитък | глупав
讀	どく とく とう	よ.む	Read | Study | Pronounce	чета | уча | произнасям
讁	たく ちゃく	せ.める とが.める	Punish | Fault | Blame	наказвам | вина | укорявам
讅	しん	つまび.らか	Know In Detail	знам подробно | вниквам
變	へん	か.わる か.える	Change | Strange	промяна | странен
讋	しょう とう	おそ.れる	Fear | Envy | Loquacious	страх | завист | бъбрив
讌	えん	うたげ	Banquet	пир | банкет
讍	がく	わめ.く あご	Honest Speech	искрена реч?
讎	しゅう	あだ かたき	Enemy | Revenge	враг | мъст
讐	しゅう	あだ むく.いる あ.たる	Enemy | Revenge	враг | мъст
讒	ざん さん	そし.る	Defamation	клевета
讓	じょう	ゆず.る	Allow | Permit | Yield | Concede	позволявам | отстъпвам | преотстъпвам
讕	らん	そし.る	Accuse Falsely | Slander | Libel	лъжливо обвинявам | клеветя
讖	しん		Omen	поличба | предзнаменование
讙	かん けん	かまびす.しい	Noisy | Disputatious	шумен | свадлив
讚	さん	ほ.める たた.える	Praise | Picture Title	похвала | надпис на картина
讜	とう	ただしいことば	Counsel | Advice | Speak Out	съвет | откровена реч
讞	げつ げち げん	さば.く	Decide | Judge | Verdict | Decision	решавам | съдя | присъда | решение
讟	とく とう	うら.む	Slander | Utter Evil Words	клеветя | злословя
谺	こ か	こだま	Tree Spirit	ехо | горски дух
谽	かん こん けん		Mouth | Opening	уста | отвор
谿	けい	たに たにがわ	Valley	долина
豁	かつ	ひら.ける ひろ.い	Empty	празен | открит | широк
豇	こう	ささ.げる	Small Kidney Bean	дребен боб
豈	かい がい き	あに	An Interjection Of Surprise	частица за изненада или риторичен въпрос
豉	し	みそ	Fermented Beans	ферментирал боб | мисо
豋	とう	たかつき	Ceremonial Vessel	церемониален съд
豌	えん わん		Pea	грах
豎	じゅ	たて た.てる こども	Vertical | Child	вертикален | дете
豏	かん げん	めば.える	Half-grown Beans	полуузрял боб
豐	ほう ぶ	ゆた.か とよ	Bountiful | Excellent | Rich	изобилен | отличен | богат
豓	えん	つや なま.めかしい あで.やか つや.めく なま.めく	Beautiful | Captivating | Plump | Voluptuous	красив | очарователен | пищен | чувствен
豔	えん	つや なま.めかしい あで.やか つや.めく なま.めく	Plump | Voluptuous | Beautiful	пищен | чувствен | красив
豕	し		Pig | Hog | Pig Radical (no. 152)	прасе | свиня | радикал прасе (бр. 152)
豗	か	う.つ	Clamour	врява | шум
豘	とん	ぶた	Small Pig	прасенце
豝	は へ		Sow (female Pig)	женско прасе
豢	けん かん	やしな.う	Raising Domestic Animals	отглеждам домашни животни
豣	けん	いのこ	Pig Of 3 Years	тригодишно прасе
豦	きょ ご	やめない	Wild Boar | To Fight	дива свиня | боря се
豨	き け		Pig | Large Hog	прасе | едра свиня
豫	よ しゃ	あらかじ.め	Relaxed | Comfortable | At Ease	спокоен | удобен | отпуснат
豬	ちょ	い いのしし	Pig | Hog	прасе | свиня
豭	か け	おすのいのこ	Boar | Male Pig	глиган | мъжко прасе
豳	ひん はん へん		(arch.) State During Zhou Dynasty	архаично название на държава от периода Джоу
豵	そう す しょう しゅ	いのこ	Young Pig	младо прасе
豶	ふん		Castrate Pig	кастрирано прасе
豸	たい ち		Snake | Legless Insect | Badger Or Clawed Dog Radical (no. 153)	змия | безкрако насекомо | радикал животно с нокти (бр. 153)
豹	ひょう ほう		Leopard | Panther	леопард | пантера
豺	さい	やまいぬ	Jackal	чакал
豻	かん		Prison | Kind Of Wild Dog	затвор | вид диво куче
豼	ひ		Brave Heraldic Beast	храбро митично животно
貂	ちょう	てん	Marten | Sable	пор | самур
貅	きゅう		Brave Heraldic Beast	храбро митично животно
貆	かん けん	むじな	Small Badger | Porcupine	малък язовец | дикобраз
貉	かく はく	むじな	Badger	язовец | енотовидно куче
貊	はく みゃく	えびす	Barbarians	варвари
貍	り らい	たぬき	A Fox-like Animal	енотовидно куче
貎	げい		Lion | Wild Beast | Wild Horse	лъв | диво животно | див кон
貓	びょう	ねこ	Cat	котка
貔	ひ		Brave Heraldic Beast	храбро митично животно
貘	ばく みゃく		Tapir	тапир
貛	かん けん	まみだぬき	Badger	язовец
貜	きゃく かく けき く わく	おおざる	Ape	маймуна
貤	い し	かさ.ねる	Steps | Grade | Strata | Series	стъпало | степен | пласт | серия
貭	しつ しち ち	たち ただ.す もと わりふ	Matter | Material | Substance	материя | материал | вещество
貮	に じ	ふた.つ そえ	Number Two	числото две
貲	し	たから	Treasure | Assets | Pay A Fine	съкровище | имущество | глоба
貳	に じ	ふた.つ そえ	Two	две
貶	へん	けな.す おとし.める おと.す	Degrade | Disparage | Belittle | Demote	принизявам | омаловажавам | унижавам | понижавам
貺	きょう こう	たま.う	Give | Grant | Bestow | Surname	давам | дарявам | фамилно име
貽	い	おく.る	Leave Behind | Gift	оставям в наследство | подарък
賁	ふん ひ ほん		Decorate	украсявам
賅	かい	た.りる	Prepared For | Inclusive	подготвен | всеобхватен
賈	こ か	あきな.い あきな.う う.る か.う	Buy | Tradesman	купувам | търговец
賉	しゅつ しゅち そつ そち	うれ.える	To Give Alms	давам милостиня
賍	そう		Bribery	подкуп
賎	せん ぜん	いや.しい いや.しむ いや.しめる しず やす.い	Despise | Low-life | Poverty	презирам | нисш | беднота
賏	えい よう おう	くびかざり	Pearls Or Shells Strung Together	нанизани перли или миди
賑	しん	にぎ.わい にぎ.やか にぎ.わす にぎ.わう	Flourish | Be Bustling | Prosperity	процъфтявам | оживен | просперитет
賕	きゅう く	まいない	Bribe	подкуп
賙	しゅう しゅ	あた.える	Give For Charity	давам за благотворителност
賚	らい	たま.う たまもの	Gift	подарък
賝	ちん	たから	Previous	предишен
賡	ぞく しょく こう きょう	つづ.く つづ.ける つぐな.う	Continue	продължавам
賣	ばい	う.る う.れる	Sell | Betray | Show Off	продавам | предавам | парадирам
賤	せん ぜん	いや.しい いや.しむ しず やす.い	Despise | Low-life | Poverty	презирам | нисш | беднота
賨	そう ず	みつ.ぐ	Tribute Paid In Cloth By The Tribes In Szechwan And Yunnan Under The Han Dynasty	данък в плат, плащан от племената в Съчуан и Юннан по времето на династия Хан?
賬	ちょう	とばり	Accounts | Bill | Debt | Credit	сметки | фактура | дълг | кредит
賴	らい	たのむ たよる たより	Rely | Depend On | Accuse Falsely	разчитам | завися | набеждавам
賵	ふう ふ ぼう	おく.る	Gift	подарък
賸	よう しょう	ます	Leftovers | Residue | Remains	остатъци | утайка | останки
賺	たん れん	すか.す	Coax	примамвам | придумвам
賻	ふ		Condolence Gift	погребален дар
賽	さい		Dice | Temple Visit	зар | посещение на храм
賾	さく じゃく	おくぶか.い	Abstruse | Deep | Profound	неясен | дълбок | задълбочен
贁	はい	やぶ.れる	To Defeat | To Spoil Or Be Spoiled | To Corrupt Or Be Corrupted	побеждавам | развалям (се) | покварявам (се)
贃	わん	す.かす	To Earn | To Make A Profit	печеля | извличам печалба
贄	し	にえ	Offering | Sacrifice	жертвоприношение | дар
贇	いん		Beautiful	красив
贉	たん どん	てつけ	Earnest Money | Silk Label On Boo	капаро | копринен етикет на топ плат?
贊	さん	たす.ける たた.える	Help | Support | Assist | Aid	помагам | подкрепям | съдействам
贍	せん	すく.う	Have Enough Of | Add To	достатъчен | издържам някого
贏	えい	あまり	Victory | Surplus	победа | излишък
贐	しん	はなむけ	Going Away Present | Parting Gift	прощален подарък
贒	けん	かしこ.い	Virtuous | Worthy | Good | Able	добродетелен | достоен | способен
贓	そう		Bribery	подкуп | крадени вещи
贔	ひ		Strength | Power	сила | мощ
贖	しょく	あがな.う	Redeem	изкупвам вина
贗	けん がん げん	ただ.しくない にせ にせもの	Counterfeit | False	фалшив | подправен
贛	こう く かん こん	たま.う	Jiangxi Province | Places Therein	Дзянси (провинция в Китай)
赧	たん	あから.める	Get Red	изчервявам се
赫	かく	あかい あか かがや.く	Suddenly | Brighten | Illuminate | Light Up	внезапно | озарявам | светя | блестя
赬	てい ちょう	あか	Deep Red	тъмночервен
赭	しゃ	あかつち	Red	червен | охра
赱	そう	はし.る	Walk | Go On Foot | Run | Leave	вървя | ходя пеша | тичам | тръгвам
赿	ち てい		Late Slow | Dilatory | Tardy | To Delay | Dull | Stupid	бавен | муден | закъснял | глупав
趁	ちん	お.う	Go To | Follow	отивам | следвам
趂	ちん		To Take Advantage Of | To Avail Oneself Of | To Follow | To Go	възползвам се | следвам | отивам
趄	しょ		Weak | Lame	слаб | куц
趑	し	ゆきなや.む	Can't Move | To Falter	не мога да мръдна | колебая се
趕	かん	お.う	Pursue | Follow | Expel | Drive Away	преследвам | следвам | прогонвам
趟	とう ちょう じょう	おど.る	Time | Occasion | Take Journey	брояч за пътувания | случай | пътувам
趦	し	ゆきなや.む	Can't Move | To Falter	не мога да мръдна | колебая се
趨	すう そく	しゅ おもむ.く はし.る	Run | Go | Quick | Tend Towards	тичам | вървя бързо | клоня към
趫	きょう ちょう	すばや.い	Nimble	пъргав
趯	かん やく	さけ.ぶ	Jump	скачам
趲	さん そ	ち.る	Go In Hurry | Hasten | Urge	бързам | подканям
趵	はく ほう ひょう さく しゃく	う.つ	Noise Of Tramping Feet	шум от тропащи крака
趷	げ こつ		To Jolt	друсам | разтърсвам
趹	けつ けち けい け	はし.る	Kick With Hoof | Horse's Gallop	ритам с копито | галопирам
趺	し ふ	あし	Foot | Calyx | Sitting In The Lotus Position	стъпало | чашка на цвете | седя в лотосова поза
趼	けん	つまだ.つ	Callous Skin On Hands Or Feet | Blisters	мазол | мехур
趾	し	あと はや.い	Footprint | Remains	следа от стъпка | останки
跂	き	つまだ.つ むつゆび	Stand On Tiptoes	изправям се на пръсти
跅	たく せき しゃく	ゆる.む	Careless | Lax | Dissolute	небрежен | разпуснат
跆	たい	ふ.む	Trample	тъпча
跋	はつ ばつ	おくがき ふ.む	Epilogue | Postscript	послеслов
跌	てつ	あやまつ つまず.く	Stumble	препъвам се
跎	た	つまず.く	Slip | Stumble | Falter | Vacillate	подхлъзвам се | препъвам се | колебая се
跏	か		Sitting In The Lotus Position	седя в лотосова поза
跑	ほう びょう はく	だく あが.く	Run | Flee | Leave In Hurry | Trot | Trotting	тичам | бягам | тръгвам набързо | тръс
跕	ちょう	ふ.む	Shuffle	влача крака
跖	せき	あしのうら	Sole Of The Foot	ходило | стъпало на крак
跗	ふ	あしのこう	The Instep	горна част на стъпалото
跙	しょ しゃ そ	ゆきなや.む	Weak | Lame	слаб | куц
跚	さん		Stagger | Reel | Stumble	залитам | клатушкам се
跛	は ひ	びっこ ちんば	Lame | Lameness | Odd Shoe	куц | куцота
跟	こん	くび.す	Heel	пета
跣	せん	はだし	Barefooted	бос
跤	こう きょう	すね	Stumble | Fall Down | Wrestle	препъвам се | падам | боря се
跥	た	ゆ.く	Stamp Feet	тропам с крака
跧	せん しゅん そん	け.る	Crouch	клеча | свивам се
跨	こ か	また.がる またが.る また.ぐ	Be | Sit Or Stand Astride | Extend Over | Straddle	яздя нещо | обхващам | простирам се над
跪	き	ひざまず.く	Kneel	коленича
跫	きょう		Sound Of Footsteps	звук от стъпки
跬	き かい け	ひとあし	To Step | Stride Equal To Half A Pace	правя крачка | полукрачка
跱	ち じ	とど.まる	Stop	спирам
跲	こう きょう きゅう	つまず.く	Hood | Cowl | Turban | Stumble	препъвам се | качулка | тюрбан
跴	さい	お.う	Step On | Tread On | Search For	стъпвам на | тъпча | издирвам
跼	きょく	こご.む くぐま.る かが.む せぐく.まる	Bow | Stoop | Bend Over | Crouch	навеждам се | прегърбвам се | приклякам
跿	と		Barefoot	бос
踆	しゅん そん	しりぞ.く	Squat	клякам | отстъпвам
踈	そ しょ	うと.い うと.む まば.ら	Neglect | Careless | Lax	занемарявам | небрежен | рядък | отчужден
踉	ろう りょう		Stagger | Falter	залитам | олюлявам се
踋	きゃく きゃ かく	あし	The Foot Or Feet | Cast Of A Play	крак | стъпало | актьорски състав
踌			Hesitate | Falter | Smug | Self-satisfied	колебая се | самодоволен
踐	せん	ふ.む	Step On | Trample | Practice | Carry Through	стъпвам на | тъпча | изпълнявам | осъществявам
踔	とう ちょう	たく ふ.む	To Get Ahead | To Stride | To Excel	изпреварвам | крача | превъзхождам
踖	せき しゃく さく	ふ.む	Trample On | Tread On | Walk On	тъпча | стъпвам на | вървя по
踝	か	くるぶし	Ankle	глезен
踞	きょ こ	うずく.まる	Crouch | Cower	клякам | свивам се
踟	ち		Hesitate	колебая се
踠	えん おん わ	かが.む もが.く	Write | Struggle | Be Impatient	боря се | нетърпелив | превивам се
踡	けん	かが.む	Curled | Coiled	свит | нагънат | прегърбен
踢	てき ちゃく しゃく	け.る	Kick	ритам
踣	ほく ほう はい	たお.れる	To Stumble And Fall Prone Stiff In Death	строполявам се | падам мъртъв
踦	き	かたあし	The Shin | To Pierce | To Touch	пищял | един крак | пронизвам
踧	しゅく てき じゃく	いきやすい	Uneasiness | Nervousness | Level	безпокойство | нервност | равен
踰	ゆ よう	こ.える	Go Beyond	преминавам | надминавам
踱	たく じゃく	はだし	Stroll | Pace | Walk Slowly	разхождам се | крача бавно | вървя
踴	よう	おど.る	Jump | Dance | Leap | Skip	скачам | танцувам | подскачам
踵	しょう	かかと くび.す きび.す つ.ぐ	Heel	пета
踶	てい だい ち じ	ふ.む	Paw	лапа | тъпча
踹	せん たん	かかと	Trample | Tread | Kick	тъпча | ритам | пета
踽	く		To Walk Alone | Self-reliant	вървя сам | самостоятелен
蹀	ちょう じょう	ふ.む	To Skip | To Dance | To Put The Foot Down	подскачам | танцувам | стъпвам
蹁	へん	よろめ.く	To Walk With A Limp	куцам | залитам
蹂	じゅう	ふ.む	Step On	тъпча | потъпквам
蹇	けん	いざ.る あしなえ なや.む	Cripple	куц | сакат | измъчвам се
蹈	とう	ふ.む	Step On | Trample | Carry Through | Appraise | Evade Payment	стъпвам на | тъпча | изпълнявам | оценявам
蹉	さ	つまず.く	Stumble	препъвам се
蹊	けい	みち わた.る	Path	пътека | пресичам
蹋	とう	ふ.む	Step On | Tread On | Stumble | Slip	стъпвам на | тъпча | подхлъзвам се
蹌	そう しょう	うご.く よろ.めく	Move | Stagger	движа се | залитам
蹏	てい	ひづめ	Hoof	копито
蹐	せき		Stealthy Footsteps	предпазливи стъпки | промъквам се
蹔	さん	とっしん.する	Temporary | Fleeting | Ephemeral	временен | мимолетен | краткотраен
蹕	ひつ	さきばらい	One Who Preceeds King In Procession	глашатай пред процесия
蹙	しゅく せき	せ.まる	A Tight Place | Scowl | Approaching	притеснено място | мръщя се | приближавам се
蹜	しゅく すく		Walk Carefully	вървя внимателно
蹝	し	ふ.む	Sandal	сандал
蹟	せき しゃく	あと	Remains | Traces | Footprint	следа | останки | историческа забележителност
蹠	せき	あしうら あしのうら	Sole Of Foot	ходило | стъпало на крака
蹡	しょう よう そう		To Limp | Walking | In Motion	куцам | вървя | в движение
蹢	てき じゃく たく	たたず.む	Hoof | Falter | To Hesitate	копито | колебая се | спирам се
蹣	まん はん	よろ.めく	Staggering | Tottering	залитам | олюлявам се
蹤	しょう	あと	Footprints | Traces | Tracks	следа | диря
蹩	へつ べち	ふ.む	To Limp	куцам
蹬	とう	よろめ.く	Step On | Tread On | Lose Energy	стъпвам на | тъпча | губя сили
蹭	そう しょう	よろめ.く	Procrastinate | Dilly Dally	протакам | мотая се
蹰	ちゅう ちゅ しゅう じゅ	ためら.う	Hesitate | Waver | Falter	колебая се | въртя се нерешително
蹱	しょう しゅ ちょう ちゅ	ためら.う	To Stagger Along | To Fall	залитам | падам
蹲	そん しゅん	つくば.う うずくま.る	Crouch | Squat | Cower	клякам | свивам се | приклякам
蹶	けつ けい	たお.れる つまず.く	Stumble	препъвам се | падам
蹹	とう	ふ.む	To Tread On | To Stamp | To Walk	тъпча | стъпвам | тропам
蹺	きょう	みがるい	Raise One's Foot	повдигам крак | пъргав
蹻	きょう きゃく がく		Strong | Brave | Sandals | Shoes	силен | храбър | сандали
蹼	ぼく ほく	みずかき	Webfoot | Web	ципа между пръстите | плавателна ципа
躁	そう	さわ.ぐ	Noisy	шумен | неспокоен | възбуден
躂	たつ たち	つまず.く	Stumble | Slip	препъвам се | подхлъзвам се
躄	へき	いざ.る いざ.り	Crawl | Cripple	пълзя | куц | сакат
躅	ちょく たく		Tap With The Feet | Ruins	тропам с крака | развалини
躇	ちょ ちゃく	ためら.う	Hesitate	колебая се
躉	とん	はしけ	Sell Or Buy Wholesale | Store	продавам на едро | купувам на едро | склад
躊	ちゅう ちゅ しゅう じゅ	ためら.う	Hesitate	колебая се
躋	せい さい	のぼ.る	Climb	изкачвам се
躐	りょう	ふ.む	To Stride Over | To Step Across	прекрачвам | прескачам
躑	てき	しゃが.む たちもとお.る	Squat | Sit On Heels | Loiter	клякам | седя на пети | бавя се
躒	れき りゃく らく	うご.く	Walk | Move	вървя | движа се
躓	ち	つまず.く	Stumble	препъвам се | спъвам се
躔	てん	ふ.む	Movement Of The Sun/moon Through The Heavens	движение на слънцето и луната по небето
躕	ちゅう ちゅ しゅう じゅ	ためら.う	Hesitate | Waver | Falter	колебая се | въртя се нерешително
躙	りん	にじ.る ふ.む	Edge Forward | Trample	придвижвам се бавно | тъпча
躚	せん	ま.う	Wander About | Walk Around | Revolve	скитам | обикалям | въртя се
躛	えい え かい け	ふ.む	Exaggerate	преувеличавам
躝	らん たん	こ.える	To Pass | To Step Over | To Creep | To Twine Round	преминавам | прекрачвам | пълзя | увивам се
躞	しょう	ゆ.く	To Walk	вървя
躡	じょう	ふ.む	Step On	стъпвам на | тъпча
躧	し り さい しゃ	くつ	Sandal	сандал | обувка
躩	きゃく かく けき	すすまない	Take Quick | Short Steps	правя бързи къси стъпки
躪	りん	にじ.る ふ.む	Edge Forward | Trample	придвижвам се бавно | тъпча
躬	きゅう きょう	み	Body | Self	тяло | себе си | лично
躭	たん	ふ.ける	To Delay | To Loiter | To Hinder	бавя | мотая се | преча
躯	く	むくろ からだ	Body | Corpse | Tree With Rotten Core	тяло | труп | кухо дърво
躰	たい てい	からだ かたち	The Body | Substance | Object | Reality	тяло | същност | форма
躱	た	かわ.す	Dodge | Parry | Avoid	избягвам | отбивам | уклонявам се
躳	きゅう きょう	み	Body | Self	тяло | себе си
躶			Bare | Nude | Undress | Strip	гол | разсъблечен | разсъбличам се
躺	とう	ふ.す	Lie Down | Recline	лежа | полягам
躾		しつ.ける しつけ	Training | (kokuji)	възпитание | дисциплина | обучение в добри маниери
軀	く	むくろ からだ	Body	тяло | труп
軄	しょく そく		To Govern | To Oversee | To Manage | To Direct Official Duty | Office	управлявам | надзиравам | служебен пост
軅		やがて たか	Soon After | Presently | Almost | All But | No More Than | After All | Falcoln | Hawk	скоро | в крайна сметка | сокол | ястреб
軆	たい てい	からだ かたち	Body | Group | Class | Unit	тяло | група | клас | единица
軈		やがて	Soon After | Presently | Almost | All But | No More Than | After All | (kokuji)	скоро | в крайна сметка
軋	あつ	きし.る きし.む	Squeak | Creak | Grate	скърцам | стържа
軏	げつ がち ごつ ごち	くさび	Cross-bar At End Of Poles Of Cart	напречна греда в края на дръжките на каруца | клин
軔	じん にん じ に	はどめ	Block That Keeps Wheel From Moving	спирачен клин за колело
軛	やく あく	くびき	Yoke	хомот | ярем
軜	どう のう だい ない	たづな	Reins	юзди | поводи
軣	こう	とどろ.かす とどろ.く	Rumble | Explosion | Blast	тътен | трясък | взрив
軨	れい りょう	てすり	Lattice Work On Front And Sides	решетка отпред и отстрани на кола
軫	しん	よこぎ	Sad | Revolve	тъжен | въртя се
軰	はい	-ばら やから やかい	Row Of Carriages | Generation | Class | Series A Kind | Denotes The Plural	ред от коли | поколение | клас | род | означава множествено число
軷	はつ ばち はい		Sacrifice	жертвоприношение
軹	し き しん	あな じくがしら	End Of Axle | Divergent	край на ос | отклоняващ се
軺	よう しょう ちょう		Small Light Carriage	малка лека кола
軻	か		Difficult Progress	труден напредък
軼	いつ てつ	すぎ.る	Pass Along	изпреварвам | минавам покрай
軾	しょく しき	しきみ	Front Railing On A Carriage	предна перила на кола
輀	じ	ひつぎぐるま	Hearse	катафалка
輅	ろ	くるま	Carriage	кола | каляска
輇	せん ちゅん けん		Cart Wheel With No Spokes	колело без спици
輈	ちゅう ちゅ しゅう しゅ		Shaft	теглич | оглобла
輊	ち		Low	нисък
輌	りょう		Numerary Adjunct For Vehicles	брояч за превозни средства
輏	ゆう ゆ	かる.い	Light | Light Carriage	лек | лека кола
輒	ちょう	すなわち わきぎ	Promptly | Easily | I.e.	незабавно | лесно | тоест
輓	ばん	おそ.い ひ.く	Pull	тегля | дърпам
輕	けい	かる.い かろ.やか かろ.んじる	Light | Easy | Simple | Gentle	лек | лесен | прост | нежен
輗	げい ぎ	くさび	Cross Bar At End Of Carriage Pole	напречна греда в края на теглич
輘	りょう ろう	ひきつぶ.す	Car-rut | Rumbling Of A Cart	коловоз | тропот на кола
輙	ちょう	すなわち わきぎ	Sides Of Chariot Were Weapons	незабавно | лесно | тоест
輛	りょう		Counter For Large Vehicles	брояч за големи превозни средства
輜	し	こにだ ほろぐるま にぐるま	Wagon | Dray | Canopied Cart	фургон | каруца с покрив | товарна кола
輞	ぼう もう	わ	Exterior Rim Of Wheel	джанта на колело
輟	てつ	や.める	Stop | Mend	спирам | прекратявам | поправям
輠	か わ が げ	あぶらつぼ	Grease Pot Hung Under Axle Of Cart	съд за смазка под ос на кола
輥	こん	まわる	Turn Round | Revolve | Roller	въртя се | ролка
輦	れん	たごし てぐるま	Palanquin	паланкин
輧	びょう へい	あつ.まる かく.す	Curtained Carriage Used By Women	завесена кола за жени
輬	りょう	ねぐるま	Hearse | Carriage	катафалка | кола
輭	ぜん ねん なん	ねぐるま	Flexible | Pliable | Weak | Feeble	гъвкав | податлив | слаб
輮	じゅう にゅ	おおわ	Exterior Rim Of Wheel	джанта на колело
輯	しゅう	あつ.める やわ.らぐ	Gather | Collect | Compile	събирам | съставям
輳	そう	あつ.まる	Gather	събирам се
輴	ちゅん		Sled	шейна
輵	かつ かち あつ えち		Great Array Of Spears And Chariots	голямо множество от копия и колесници
輶	ゆう ゆ	かる.い	Light Carriage | Trifling | Light	лека кола | незначителен | лек
輹	ふく	とこしばり	Connection Between Axle And Carriage	връзка между ос и кола
輻	ふく	や	Spoke (wheel)	спица (на колело)
輾	てん ねん	きし.る めぐ.る	Squeak	скърцам
輿	よ	かご こし	Palanquin | Bier | Public Opinion | The Earth	паланкин | носилка за ковчег | обществено мнение | земята
轀	おん うん		Hearse	катафалка
轂	こく	こしき	Hub (of Wheel)	главина на колело
轅	えん	ながえ	Shaft	теглич
轆	ろく	ころ	Pulley | Roller	скрипец | ролка
轇	こう きょう	とおくながい	Complicated | Confused | Dispute	сложен | объркан | спор
轉	てん	ころ.がる ころ.げる ころ.がす ころ.ぶ まろ.ぶ うたた うつ.る	Shift | Move | Turn	местя | движа | обръщам
轊			Axle-tip	край на ос
轌		そり	Sleigh | Sled | (kokuji)	шейна
轎	きょう	かご	Palanquin | Litter	паланкин | носилка
轏	さん ぜん		Sleeping Cart	кола за спане
轑	ろう りょう	たわ.める	Rut	коловоз
轒	ふん		Chariot	колесница
轔	りん	ひび.き	Rumbling Of Vehicles | Threshold	тропот на превозни средства | праг
轕	かつ かち けち	かしま.しい	Great Array Of Spears And Chariots	голямо множество от копия и колесници
轗	かん こん		Difficulty | Misfortune	трудност | нещастие
轘	かん けん	くるまざき	Tear Asunder Between Chariots	разкъсван между колесници
轜	じ	ひつぎぐるま じしゃ	Hearse	катафалка
轝	よ	こし	Envy | Hate | Dislike | Resentment	завист | омраза | неприязън | негодувание
轞	かん げん	ひび.き	Vehicle For Transporting Prisoners	кола за превоз на затворници
轡	ひ	くつわ たづな	Bit (horse)	юзда | конски мундщук
轢	れき	ひ.く きし.る	Run Over	прегазвам
轣	れき		Creaking Sound	скърцане
轤	ろ		Pulley	скрипец
辜	こ	つみ	Sin | Crime	грях | престъпление
辟	へき ひ	きみ ひら.く め.す	False | Punish | Crime | Law	лъжлив | наказвам | престъпление | закон
辠	さい せ	つみ そしる	Crime | Sin | Vice | Evil | Hardship	престъпление | грях | порок | зло | трудност
辡	へん	うった.える	Recrimination | Wrangling	взаимни обвинения | спор
辤	じ	や.める	Words | Speech | Sentence | Expression Or Phrase | Message	думи | реч | изречение | израз | послание
辥	せつ せち	つみ	Variety Of Marsh Grass	вид блатна трева
辦	はん	つと.める	Manage | Do | Handle | Deal With	управлявам | върша | справям се
辧	べん へん	わきま.える わ.ける はなびら あらそ.う	Manage | Do | Handle | Deal With	управлявам | върша | справям се
辨	べん へん	わきま.える わ.ける はなびら あらそ.う	Discrimination | Dispose Of | Distinguish	различавам | разпореждам се | отличавам
辭	じ	や.める	Words | Speech | Expression | Phrase	думи | реч | израз
辮	べん へん	あ.む	Braid	плитка коса
辯	べん へん	わきま.える わ.ける はなびら あらそ.う	Speech | Dialect	реч | диалект
辵	ちゃく		Walk | Walking | Road Radical (no. 162)	вървя | ходене | радикал "път" (№162)
辶	ちゃく		Walk | Walking | Road Radical Variant (no. 162)	вървя | ходене | вариант на радикал "път" (№162)
辷		すべ.る すべ.らす	Glide | Skate | Slip | Fail In Exams | (kokuji)	плъзгам се | кънкирам | подхлъзвам се | скъсвам изпит
达	たつ たち てい たい	なめ.らか すべ.る たっす.る	Arrive At | Reach | Intelligent | Smooth | Slippery	пристигам | достигам | умен | гладък | хлъзгав
辿	てん	たど.る たどり	Follow (road) | Pursue	следвам път | проследявам
迁	せん	うつ.る うつ.す みやこがえ	Move | Shift | Change | Transfer | Relocate A Capital City	местя се | премествам | променям | пренасям столица
迂	う		Roundabout Way	заобиколен път
迄	きつ	まで およ.ぶ	Until | Up To | As Far As | To The Extent	до | докато | дотук
迆	い た	な.なめ	Wind | Walk Out Of Straight Path	лъкатуша | отклонявам се от прав път
迊	そう	めぐ.る めぐ.らす	To Go Round | To Make A Circuit | To Make A Revolution | To Turn Round	обикалям | правя обиколка | завъртам се
迋	おう	ゆ.く あざむ.く	Travel | Go To | Deceive | Scare	пътувам | отивам | мамя | плаша
迍	ちゅん とん		Falter | Hesitate	колебая се | запъвам се
运	うん	はし.る	Run | Simplified Form Of Kanji For Luck | Fortune | Ship | Transport	бягам | опростена форма на йероглифа за късмет | съдба | превозвам
迓	が げ ぎょ ご	むか.える	To Go To Meet | To Receive | As A Guest	посрещам | приемам като гост
迕	ご	であ.う	Obstinate | Perverse	инат | извратен
迚		とても	Some Way Or Other | Very | (kokuji)	по някакъв начин | много
迢	ちょ ちょう		Far Off | Distant	далечен | отдалечен
迣	せい てい れい	さえぎ.る	To Leap Over	прескачам
迤	い た	な.なめ	Wind | Walk Out Of Straight Path	лъкатуша | отклонявам се от прав път
迥	けい ぎょう	はるか	Far | Distant	далечен | отдалечен
迨	たい	いた.る	Until | When | Seize | Arrest	докато | когато | залавям
迩	じ に	ちか.い	Approach | Near | Close	приближавам се | близък
迯	とう	に.げる に.がす のが.す のが.れる	Escape | Flee | Abscond | Dodge	бягам | избягвам | укривам се
迴	かい え		Go Around	обикалям
迸	ほう ひょう	ほとばし.る はし.る	Gush Out | Spurt	бликам | шуртя
迹	せき しゃく	あと	Mark | Print | Impression	следа | отпечатък
迺	ない だい あい	の すなわ.ち なんじ	In Other Words | Thou | You | Possessive Particle	тоест | ти (архаична частица)?
迻	い	うつ.る	To Shift | To Transfer | To Translate	премествам | прехвърлям | превеждам
适	かつ がち	はや.い	Go | Reach | Appropriate | Suitable	отивам | достигам | подходящ
逄	ほう	ふさ.ぐ	Surname	китайско фамилно име?
逅	こう	あ.う まみ.える	Meet	срещам
逈	けい ぎょう	はるか	Distant | Far | Separated | Different	далечен | отдалечен | различен
逋	ほ ふ	のが.れる	Flee	бягам
逌	ゆう ゆ	ゆる.やか	Please | Smiling | Complacent	доволен | усмихнат
逍	しょう		Saunter | Loaf	разхождам се безцелно | скитам
逎	しゅう	せま.る つよ.い	Strong | Unyielding | Forceful	силен | непреклонен
逑	きゅう	つれあ.い	Pair | Gather | Meet	чифт | събирам се | срещам
逕	けい	みち こみち さしわたし ただちに	Path	пътека
逖	てき	とお.い	Far	далечен
這	しゃ げん	は.う は.い むか.える この	Crawl | Creep | Grovel | Trail (vines)	пълзя | лазя
逛	きょう こう	はし.る	Ramble | Stroll | Roam | Wander	скитам | разхождам се
逞	てい	たくま.しい	Sturdy | Brawny | Bold	як | здрав | силен
逡	しゅん	しりぞ.く	Saunter | Go Back	отстъпвам | колебая се
逧		さこ せこ	Ravine | Valley | (kokuji)	дере | клисура
逩	ほん かむ	はし.る	To Run Quickly	тичам бързо
逬	ほう ひょう へい	はし.る ほとばし.る しりぞ.ける つかう	To Scatter | To Expel | To Crack | To Split | To Jump	пръскам се | разпръсквам | цепя
逭	かん	のが.れる	To Escape From | To Flee | To Avoid	бягам | избягвам
逯	りょく ろく たい だい		Leave Without Reason | Surname	напускам без причина? | фамилно име
逴	たく ちゃく	とお.い	Argue | Quarrel | Squabble | Far	карам се | споря | далечен
逵	き	おおじ	Broad Road	широк път | кръстовище
逶	い		Long | Winding | Oblique	извит | лъкатушещ
逷	けき ちゃく てき	とお.い	Distant | Far Away	далечен
逹	たつ だ	-たち	Arrive At | Reach | Intelligent	пристигам | достигам | интелигентен
逼	ふく ひつ ひょく ひき	せま.る むかばき	Urge | Force | Imminent | Spur On	принуждавам | наближавам | неотложен
逾	ゆ	いよいよ こ.える	Pass | Go Beyond	преминавам | надминавам
遁	とん しゅん	のが.れる	Flee | Escape | Shirk | Evade | Set Free	бягам | избягвам | укривам се
遄	せん	しばしば	To Hurry | To Go To And Fro	бързам | отивам и връщам се
遉	てい	うかが.う さすが	As Might Be Expected	както се очакваше?
遏	あつ	とど.める と.める	Stop | Suppress	спирам | потискам
遐	か	とお.い なんぞ	Distant	далечен
遑	かん こう	いとま ひま	Leisure	свободно време | отдих
遒	しゅう	せま.る つよ.い	Strong | Powerful	силен | мощен
遖		あっぱれ	Bravo | Admirable | (kokuji)	браво | възхитителен
遘	こう	あ.う まみ.える	Meet	срещам
遙	よう	はる.か	Far Off | Distant | Long Ago	далечен | отдавнашен
遛	りゅう		Take Walk | Stroll	разхождам се
遝	とう	いりま.じる	Mixed | Abundant | Assorted	смесен | изобилен
遞	てい	かわ.る たがいに	Hand Over | Deliver | Substitute	предавам | доставям | заместник
遢	とう		Careless | Negligent | Slipshod	небрежен | немарлив
遨	ごう	あそ.ぶ	Play | Enjoyment	играя | забавление
遯	とん	のが.れる	Deceive | Hide | Conceal | Flee	мамя | крия се | бягам
遰	てい せい たい	さる	Grunting Sound Of Pigs | Clash	грухтене на прасета? | сблъсък
遲	ち	おく.れる おく.らす おそ.い	Late | Tardy | Slow | Delay	късен | бавен | забавям
遴	りん	なや.む	Select | Choose | Surname	избирам | подбирам
遶	にょう じょう	めぐ.る	Surround	заобикалям | обкръжавам
遹	いつ いち しゅつ じゅち	かたよ.る	Comply With | Obey | Shun | Avoid	подчинявам се | спазвам | избягвам
遽	きょ	あわ.てる あわただ.しい すみやか にわか	Fear | Agitation | Confusion | Hurry	страх | суетене | бързане
邀	よう	むか.える もと.める	Go To Meet | Call	посрещам | каня
邁	まい ばい	ゆ.く	Go | Excel	отивам | превъзхождам
邂	かい	あ.う	Meet Unexpectedly	срещам случайно
邃	すい	おくぶか.い	Deep | Profound	дълбок
邅	けん てん	なや.む	Hesitant | Faltering	колебая се | разколебан
邇	じ に	ちか.い	Approach | Near | Close	приближавам се | близък
邈	ばく まく	とお.い	Far | Distant | Remote | Slight	далечен | отдалечен | незначителен
邉	へん	あた.り ほと.り -べ	Edge | Margin | Side | Border	край | граница | страна
邊	へん	あた.り ほと.り -べ	Edge | Margin | Side | Border	край | граница | страна
邋	りょう ろう	くじく	Rags	парцали
邌	れい らい ち じ	ね.る おもむろ おそい	Parade | Walk Slowly	шествие | вървя бавно
邏	ら	めぐ.る	Go Around | Conceal	патрулирам | обикалям
邐	り	つづ.く	Meandering | Winding	лъкатушещ | извит
邕	よう ゆ		Former Or Literary Name For Nann	старинно название на град в Китай?
邗	かん		An Ancient Place In The State Of Wu	древно място в китайската държава У?
邘	う く		State In Henan Province	древна държава в провинция Хънан, Китай?
邙	ぼう もう		Mountain In Henan Province	планина в провинция Хънан, Китай?
邛	きょう ぐ		In Distress | Mound	бедствие | могила
邠	ひん		County In Shaanxi Province	окръг в провинция Шанси, Китай?
邢	けい ぎょう		Surname | State In Today's Hebei	фамилно име | древна държава в днешен Хъбей?
邨	そん	むら	Village | Hamlet | Rustic	село | селце
邯	かん		Place Name | Tree Cricket	топоним? | дървесен щурец?
邰	たい		Surname | State In Today's Shaanxi	фамилно име | древна държава в днешен Шанси?
邱	きゅう	おか	Hill	хълм
邲	ひつ びち ひ		Good-looking | Name Of A Place	красив | топоним?
邳	ひ		Department In The State Of Lu, In What Is Now Shantung Or N. China	административна област в древната държава Лу, днешен Шандун?
邴	へい ひょう		Name Of A City In The Ancient State Of Song In What Is Now Shandong | Pleased	доволен | топоним?
邵	しょう		Place Name	топоним?
邶	はい		Place In Today's Henan Province	място в днешна провинция Хънан?
邽	けい け		Name Of A County In Han Dynasty	окръг от династията Хан?
邾	ちゅ しゅ		Feudal State Which Existed Bc 700-469, Now In Shandong	феодална държава в древен Шандун?
郃	こう ぎょう	あ.う	County In Shaanxi Province	окръг в провинция Шанси, Китай?
郄	けき きゃく		Surname	фамилно име
郅	しつ しち ちつ ちち	いた.る	To Go Up To | Flourishing A Superlative	издигам се | разцъфтявам
郇	しゅん かん		An Ancient Feudal State In Shaanxi	древна феодална държава в Шанси?
郈	こう く		Place In Shandong Province	място в провинция Шандун?
郌	けい け		Name Of An Ancient Hsien In Modern Gansu/shaanxi Area	древен окръг в района на Гансу/Шанси?
郕	せい じょう		State In Shandong Province	държава в провинция Шандун?
郗	ち き け		City Under The Chou Dyn. | Surname	град от династията Джоу | фамилно име
郙	ふ		To Be Exiled | Delay Payment For	бивам заточен | забавям плащане?
郛	ふ	くるわ	Earthwork Enclosure Around A Castle	земен насип около крепост
郜	こう こく		Name Of Fief In Shandong Bestowed On The Eldest Son Of Wen Wang	феод в Шандун?
郝	かく せき しゃく		Surname | Place In Today's Shanxi	фамилно име | място в Шанси (Китай)
郞	ろう	おとこ	Gentleman	младеж | господин
郟	こう きょう		County In Henan Province | Surname	окръг в Хънан (Китай) | фамилно име
郢	えい		Place Name	място в Китай
郤	げき きゃく けき		Crevice | Interstice	пролука | процеп
郯	たん		Name Of A Small Ancient Principality Which Was Situated In What Is Now Part Of Shantung And Kiangsu	древно княжество в Китай
郰	しょう しゅう しゅ さん		Birthplace Of Confucius | Place In Shantong	родно място на Конфуций | място в Шандун (Китай)
郴	ちん		County In Hunan Province | Surname	окръг в Хунан (Китай) | фамилно име
郾	えん おん		County In Henan Province	окръг в Хънан (Китай)
郿	び み		County In Shaanxi Province	окръг в Шаанси (Китай)
鄀	じゃく にゃく ちゃく		State In Henan Province	древна държава в Хънан (Китай)
鄂	がく		Place Name | Frankly	място в Китай (Хубей) | откровен
鄆	うん		Surname | An Ancient Town's Name	фамилно име | древен град в Китай
鄈	き		Slippers | Sandals | Dance Shoes	чехли | сандали | танцови обувки
鄍	べい めい みょう		Town In Shandong Province	град в Шандун (Китай)
鄐	ちく きく		Town In Henan Province	град в Хънан (Китай)
鄔	お う よ		Various Place Names | Surname | Transliteration Of Sanskrit "u"	различни местни имена | фамилно име | транслитерация на санскритското „u“
鄕	きょう ごう	さと ふるさと さきに	Country | Rural | Village	родно място | село | провинция
鄖	うん		County In Hubei Province	окръг в Хубей (Китай)
鄗	こう かく		County In Hebei Province	окръг в Хъбей (Китай)
鄘	よう ゆ		State In Henan Province	древна държава в Хънан (Китай)
鄙	ひ	ひな ひな.びる いや.しい	Lowly | The Country | The Countryside | Be Countrified	долен, просташки | село, покрайнини | провинциален
鄚	ばく まく		Place In Today's Hebei Province	място в Хъбей (Китай)
鄜	ふ ろく		County In Shaanxi Province	окръг в Шаанси (Китай)
鄞	ぎん ごん		County In Zhejiang Province	окръг в Джъдзян (Китай)
鄠	こ		County In Shaanxi Province	окръг в Шаанси (Китай)
鄢	えん おん		Name Of A District In Honan	окръг в Хънан (Китай)
鄣	しょう		Name Of Ancient City In N. Jiangsu | Near Shandong	древен град в Дзянсу (Китай)
鄧	とう		Surname	фамилно име (Дън)
鄩	しん		County In Shandong Province	окръг в Шандун (Китай)
鄯	せん		District In Gansu During The Tang Dynasty	окръг в Гансу по времето на династия Тан (Китай)
鄰	りん	とな.る となり	Neighbor | Neighborhood	съсед | квартал
鄱	は ひ はん		County And Lake In Jiangxi	окръг и езеро в Дзянси (Китай)
鄲	たん		Place Name	място в Китай (Хандан)
鄴	ぎょう ごう		Place In Today's Honan Province	място в Хънан (Китай)
鄶	かい け		State In Today's Henan Province	древна държава в Хънан (Китай)
鄹	しゅう しゅ		Name Of A State | Surname	древна държава | фамилно име
鄺	こう		Surname	фамилно име
酃	れい りょう		The Spirit Of A Being | Which Acts Upon Others Spirit | Divine | Efficacious	божествен? | чудодеен?
酆	ふう ほう		Name Of Zhou Period State	държава от периода Джоу (Китай)
酇	さん さ	あつ.まる	Collect | Small Administration	събирам | малка административна единица
酈	り れき りゃく		Place In Today's Henan Province	място в Хънан (Китай)
酊	てい	よう	Intoxication	опиянение | пиянство
酋	しゅう じゅ	おさ ふるざけ さけのつかさ	Chieftain	вожд | главатар
酏	い	きびさけ あまさけ よねさけ	Millet Wine	просено вино
酖	たん ちん	ふ.ける	Addiction | Poison	пристрастеност | отрова
酗	く		Drunk | To Become Violent Under The Influence Of Alcohol	пиянство | буйство след употреба на алкохол
酘	とう		Rebrew | Ferment Again	повторно ферментирам | варя повторно
酚	ふん		Carbolic Acid | Phenol	фенол | карболова киселина
酡	た	あか.らむ	Flushed | Rubicund	зачервен (от алкохол) | почервенял
酣	かん	たけなわ	Height Of | Thick Of | Full Swing	разгар | кулминация
酤	こ く	ひとよざけ	To Deal In Spirits	търгувам с алкохол
酥	そ		Milk	масло, крем | мляко
酧	しゅう しゅ とう	むく.いる	To Pledge With Wine	вдигам тост с вино
酩	めい	よう	Sweet Sake	сладко саке
酲	てい		Hangover	махмурлук
酳	しん いん		Drunken Babbling | Offer	пиянско бърборене | поднасям (напитка)
酴	と ず	さけのもと	Leaven | Yeast | Wine	квас | мая | вино
酹	らい るい らつ らち	そそ.ぐ	To Pour Out A Libation | To Sprinkle	правя възлияние | поръсвам
酺	ほ ぶ	うたげ	Drink With Others | Drink Heavily	пирувам | пия много
醁	りょく ろく	うまざけ	Kind Of Green-colored Wine	вид зеленикаво вино
醂	らん りん	あわ.す さわ.す	Remove Astringency | Bleach In Water	премахвам стипчивост | избелвам във вода
醃	えん あん おん		Marinate | Pickle | Salt	мариновам | туршия | осолявам
醅	はい ふう ふ	どぶろく	Unstrained Spirits	нецедено вино
醆	さん せん	さかずき	Wine Cup	чаша за вино
醇	じゅん しゅん	もっぱら こい あつい	Pure Sake' | Purity | Affection	чист (алкохол) | чистота | привързаност
醉	すい	よ.う よ.い	Get Drunk | Feel Sick | Poisoned | Elated | Spellbound	напивам се | прималявам | омайвам се
醊	てつ てち ちい	まつ.る	To Pour Wine In A Libation	правя възлияние с вино
醋	さく	す	Vinegar	оцет
醐	ご こ		Boiled Butter	гхи, пречистено масло
醑	しょ	うまざけ	To Strain Spirits	прецеждам спиртни напитки
醓	たん とん	ひしお	Salted Meat | Brine From Pickled Meat	осолено месо | саламура
醗	はつ	かも.す	Fermentation | Brewing	ферментация | варене (на алкохол)
醞	うん	かも.す	Liquor | Spirits | Wine | Fermentation	алкохол | ферментация
醡	さ しゃ		Wine Press	преса за вино
醢	かい	ひしお ししびしお しおから	Salted Meat	осолено месо
醨	り	うすざけ	Dregs Of Wine	утайка от вино
醪	ろう	もろみ にごりざけ	Unrefined Sake Or Shoyu	нерафинирано саке | мътеница от соев сос
醫	い	い.やす い.する くすし	Medicine	медицина | лекар
醬	しょう	ひしお	Any Jam-like Or Paste-like Food	соев сос | паста
醭	ほく	かび	Moulds On Liquids | Scum	мухъл (върху течности) | пяна
醮	しょう	まつ.る	Religious Service (taoist Or Buddhist)	религиозен обред (даоистки или будистки)
醯	けい かい		Vinegar	оцет
醰	たん どん		Bitter Taste In Wine | Rich | Full Flavoured	горчив вкус (на вино) | богат на вкус
醱	はつ	かも.す	To Brew For The Second Time	варя повторно
醲	じょう にゅ どう にょう		Strong Wine | Dense | Thick	силно вино | гъст
醴	れい らい	あまざけ	Sweet Sake	сладко саке
醵	きょ		Contribution For A Feast (potluck)	вноска за общо пиршество
醺	くん	よう	Hunger	опиянен?
醼	えん	さかもり	Offer Food And Wine One's Guests	гощавам гости с храна и вино
醽	れい りょう		Kind Of Wine	вид вино
釀	じょう	かも.す	Brew | Cause	варя (ферментирам) | причинявам
釁	きん	ちぬ.る すき ひま	Smear With Blood	мажа с кръв
釂	しょう	のみほ.す	Drain	изпивам до дъно
釃	し しょ そ	こ.す	Strain	прецеждам
釄			Wine Brew For The Second Time	повторно варено вино
釅	げん	す さけ こい	Thick | Strong (beverage)	гъст | силен (за напитка)
釆	はん べん さい	と.る いろどり のごめ	Separate | Divide | Topped Rice Radical (no. 165)	разделям | отделям
釉	ゆう	うわぐすり	Glaze | Enamel	глазура | емайл
釋	しゃく せき	とく す.てる ゆる.す	Explain	обяснявам | тълкувам
釐	り	おさ.める さいわ.い りん	Few | Tenth Of A Bu	малко | десета част от бу (стара мерна единица)
釓	ひゅう ぐ きゅう わん	いしゆみ	Gadolinium (element)	гадолиний
釔	いつ	いとりう.む	Yttrium (element)	итрий
釖	とう	かたな そり	Knife | Sword	нож | меч
釗	しょう きょう そう	けず.る	Endeavor | Strive | Encourage | Cut	старание | насърчавам | режа
釙	はく	あらがね ぽろにうむ	Polonium (element)	полоний
釛	こく	かね	Gold	злато
釟	はち はつ		Forge | Temper | Anneal	кова | закалявам
釡	ふ	かま	Kettle | Cauldron | Iron Pot	котел | казан
釤	さん せん	おおがま	Samarium (element)	самарий
釦	こう く	ぼたん	Button	копче
釩	はん ほん	はら.う	Vanadium (element)	ванадий
釪	う		Alms Bowl | Small Bell	просешка паница | звънче
釬	かん	こて	Solder	спойка | запоявам
釭	こう く	かりも	Tire Of Wheel | Band	гума на колело | обръч
釯	ぼう	ほこさき きっさき	Point Of Sword | Sharp Point	връх на меч | остър връх
釱	てい だい たい	あしかせ	Fetters | To Fetter	окови | оковавам
釵	さい さ	かざし かんざし	Ornamental Hairpin	украшение за коса | фиба
釶	し		Halberd	алебарда
釷	と	とりうむ	Thorium (element)	торий
釹	じょ		Neodymium (element)	неодим
釼	けん	つるぎ	Sword | Dagger | Saber	меч | кама | сабя
釽	へき ひゃく はく	はながき さ.く	Farmer's Hoeing Fork	земеделска мотика
釿	きん		Hatchet | Adze	брадвичка | тесла (инструмент)
鈀	は へ	いくさぐるま	Palladium (element)	паладий
鈁	ほう	さかつぼ	Francium (element)	франций
鈄	とう ず		Wine Flagon	делва за вино
鈆	えん	なまり	Lead	олово
鈇	ふ	おの	Axe | Hatchet	брадва | секира
鈉	どう のう	きた.える	Sodium (element) | Natrium | Sharpen Wood	натрий
鈌	えつ えち けい け けつ けち	さ.す	To Pierce | To Stab | To Take	пронизвам | пробода | вземам
鈎	こう く	かぎ	Hook | Barb | Gaff | Brackets	кука | кукичка | скоба
鈐	けん かん ごん しん	すき	Lock | Latch | Stamp | Seal	ключалка | печат | подпечатвам
鈑	ばん はん		Sheet Metal	ламарина
鈒	そう しゅう きゅう こう	てぼこ	Spear	копие
鈔	しょう		Selection | Summary | 1/10 Shaku	подбор | резюме
鈕	ちゅう じゅう	ぼたん つまみ	Button	копче | дръжка
鈞	きん	ひと.しい	Equal | Important Point	равен | важен момент
鈣	かい	かるしうむ	Calcium (element)	калций
鈤	じつ	げるまにうむ	Germanium (element)	германий
鈥	か こう		Holmium (element)	холмий
鈦	た	ちたにうむ	Titanium (element)	титан
鈩	ろ	いろり	Hearth | Fireplace | Furnace	огнище | пещ
鈬	たく		Bell | Surname	звънец
鈮	でい ない	いとまきのあし	Niobium (element)	ниобий
鈰	し	けん せりうむ	Cerium (element) | Selenium	церий
鈳	あ か		Columbium (element) | Niobium	ниобий
鈶	し い たい	たりうむ	Thallium (element)	талий
鈷	こ		Cobalt	кобалт
鈸	はつ ばち	すず	Cymbals	чинели
鈹	かわ		Beryllium (element)	берилий
鈺	ぎょく ごく	たから	Rare Treasure	рядко съкровище
鈾	ちゅう ゆう	うらにうむ	Uranium (element)	уран
鈿	でん てん	かんざし	Ornamental Hairpiece	украшение за коса
鉀	こう きょう	よろい かりうむ	Potassium (element) | Kalium	калий
鉅	きょ	はがね	Big | Great	голям | велик
鉈	しゃ	なた ほこ	Hatchet	сатър
鉉	けん	つ.る	Handle	дръжка
鉋	ほう びょう	かんな	Carpenter's Plane	ренде (инструмент) | рендосвам
鉍	ひ ひつ ひち	びすます	Bismuth (element)	бисмут
鉏	しょ そ	すき	Hoe | Eradicate | Eliminate	мотика | изкоренявам | премахвам
鉐	せき じゃく		Brass	месинг
鉑	はく	ぷらちな	Platinum (element) | Thin Sheet Of Metal	платина
鉗	けん かん	つぐ.む くびかせ	Shut Up	затварям устата | запушвам (устата)
鉚	りゅ	よいかね	Gold	злато
鉞	えつ	まさかり	Battleaxe	бойна брадва
鉤	こう く	かぎ はり ばり	Hook | Barb | Gaff | Brackets	кука | кукичка | скоба
鉥	じゅつ しゅつ しゅち	ながいはり	Needle	игла
鉦	せい しょう	かね	Bell | Gong | Chimes	гонг | звънец
鉶	けい ぎょう	かなえ	Sacrificial Cauldron	жертвен котел
鉷	こう ぐ		Trigger	спусък
鉸	こう きょう	はさみ	Hinge | Shears | Scissors	панта | ножица
鉻	らく かく きゃく	も.る	Chromium (element)	хром
鉼	へい	おおばん	Plate	плоча | пластина
鉿	こう きょう	おちこむおと	Hafnium (element)	хафний
銍	ちつ ちち しつ しち	かま	Sickle	сърп
銓	せん	はか.る	Measure | Scales | Weigh	мерна везна | тегля
銖	しゅ		Measuring Unit, 1/16 Of A Ryou | Percent | Small | Slight	стара мерна единица (1/16 рьо) | малък | незначителен
銛	せん てん	もり すき	Harpoon | Gaff	харпун
銜	かん	くつわ くわ.える	Horse's Bit	юзда | хапка на юзда
銠	ろう	るてにうむ	Rhodium (element) | Ruthenium	родий
銤	べい	おすみうむ	Osmium (element)	осмий
銥	い	いりじうむ	Iridium (element)	иридий
銧	こう	らじうむ	Point Of A Sword | Radium (element)	връх на меч | радий
銨	あん		Ammonium	амоний
銫	しょく	せしうむ	Cesium (element)	цезий
銲	かん がん	こて	Solder | Weld | Leg Armor | Greaves	запояване | наколенник
銶	きゅう ぐ	のみ	Chisel	длето
銷	しょう そう	け.す と.ける かわ.す とろ.かす	Erase | Shut (door)	изтривам | затварям (врата)
銹	しゅ しゅう	さび	Rust | Tarnish	ръжда | потъмнявам
銻	てい だい		Antimony (element) | Stibium	антимон
銼	さ そく	かま	Carpenter's File | File Smooth	пила (инструмент) | изглаждам
鋀	とう ず	とりうむ	Thorium (element)	торий
鋁	りょ ろ	やすり あるみにうむ	Aluminium (element)	алуминий
鋂	ばい まい ぼう みょう	くさり	Bit Cup	част от юзда? | верижка
鋃	ろう		Lock Lanthanum	окови?
鋅	し しん	こはい	Zinc (element)	цинк
鋆	いん	かね	Gold (element) | Character Used In Personal Name	злато (в лично име)
鋇	はい	あつがね ばりうむ	Barium (element)	барий
鋈	よく おく わく	しろがね めっき	Silver Plating	посребряване
鋌	てい じょう	じがね	Ingots | Bars Of Metal | Hurry	кюлче | метална пръчка | бързане
鋍	ほつ ぼち	あきこぼ.れる べりりうむ	Beryllium (element)	берилий
鋏	きょう	はさみ はさ.む つるぎ	Scissors	ножица
鋐	こう おう	うつわ	State In Today's Hubei Province	старинна китайска област (в днешен Хубей)?
鋒	ほう	きっさき とかり ほこさき	Dagger | Sword's Point | Festival Car | Float	връх на меч | кинжал | празнична платформа (шествие)
鋕	し	きざ.む	Engrave	гравирам
鋘	か げ こ	すき	Sword	меч
鋙	ぎょ ご	くいちが.う	Misfit | Discordant | Music Instrument | Hoe	несъответствие | разногласие | мотика
鋜	さく	あしかせ かなほだし	Fetters | Shackles	окови | вериги
鋝	れつ れち せつ せち		6 Oz | Ancient Measurement	старинна мерна единица (тегло)
鋟	せん ちん しん	きざ.む	Carve	дълбая | гравирам
鋤	じょ しょ そ	す.く すき くわ	Spade Up | Plow	мотика | копая | оря
鋨	てつ	くろがね	Osmium (element)	осмий
鋩	ぼう	ほこさき きっさき へさき	Sword Point	връх на меч
鋪	ほ ふ	しく みせ	Shop | Store	магазин | дюкян
鋮	せい		Person's Name	използва се в лични имена?
鋰	り	りちうむ	Lithium (element)	литий
鋲		びょう	Rivet | Tack | Thumbtack | (kokuji)	нит | кабарче
鋸	きょ こ	のこ のこぎり	Saw (cuts Wood)	трион
鋹	ちょ ちょう	するど.い	Sharp | Keen Edge | Sharp Point	остър | остро острие
鋺	えん	かなまり	Metal Bowl	метална купа
錄	ろく りょ	しるす	Copy | Write Down | Record	записвам | копие | протокол
錆	しょう せい	さび くわ.しい	Rust | Tarnish	ръжда | потъмнявам (метал)
錈	けん がん	ま.がる	To Bend Iron	огъвам желязо
錏	あ え	しろこ しころ	Armour Havelock | Helmet Neck Guard	предпазител за врата на шлем
錐	すい	きり	Auger | Drill | Awl | Pyramid | Cone	свредел | шило | конус | пирамида
錔	とう	つつ.む	Cap	капак | калпак
錕	こん ぜん ねん	かりも	Ancient Treasured Sword	старинен ценен меч?
錙	し		Unit Of Weight | Small | Slight	старинна мерна единица (тегло) | незначителен | малък
錚	そう		Gong	гонг
錞	しゅん とん たい ずい		Instrument	старинен музикален инструмент?
錟	たん せん		Long Spear	дълго копие
錡	き	のこぎり かま	Kind Of Pen | Kind Of Chisel	вид длето | инструмент за писане?
錢	せん	ぜに すき	100th Of Yen	стотна част от йена (сен)
錣	てつ てい	しころ	Armor Neckplates	предпазни плочки за врата (броня)
錤	き	すき	Hoe	мотика
錨	びょう みょう	いかり	Anchor | Grapnel	котва
錩	しょう	かなぐ	Vessel	метален съд | обков?
錳	もう	まんがん	Manganese	манган
錴	ろく	ろじうむ	Rhodium (element)	родий
錵	か	にえ	Holmium | Pattern On Sword Blade	холмий | шарка на острие на меч
錶	ひょう		Watch | Clock	часовник
錷	あつ	がどりにうむ	Gadolinium (element)	гадолиний
錺		かざり	Metal Jewelry | (kokuji)	метален накит | украса от метал
錻	ぶ		Tin Plate | (kokuji)	ламарина | тенекия
鍄	りょう きょう		Kind Of Percussion Instrument | Clamp	вид ударен инструмент? | скоба
鍇	かい	てつ	High Quality Iron	висококачествено желязо
鍉	てい たい	うつわ	Spoon | Key	лъжица | ключ
鍊	れん	ねる	Smelt Metals | Forge | Refine	топя метал | изковавам | пречиствам
鍍	と	めっき	Plating | Gilding	позлатявам | покривам с метален слой
鍐	そう す		Headstall | Ornament On A Bride	украшение за глава на кон? | накит за булка?
鍔	がく	つば	Sword Guard | Kettle Brim	предпазител на меч (цуба) | ръб на казан
鍖	ちん		Unsatisfactory	незадоволителен
鍘	さつ ぜち		Sickle For Cutting Grass Or Hay	сърп за трева
鍚	よう	おもがい	Frontlet	челен нагръдник на кон?
鍜	か		Armour Neck Plates	предпазни плочки за врата (броня)
鍠	こう		Sound Of Bells And Drums	звук на камбани и барабани
鍤	そう しょう ちょう	すき	Spade | Shovel | Marking Pin	лопата | мотика | маркировъчен щифт?
鍥	けつ けち けい	かま きざ.む	Sickle | Cut | Carve | Engrave	сърп | режа | гравирам
鍩	てん	と.る	Nobelium (element)	нобелий
鍪	ぼう む も	かま	An Iron Pan | Metal Cap	железен тиган | метална каска
鍫			Shovel	лопата
鍬	しょう しゅう	くわ すき	Hoe With Long Blade At Acute Angle	мотика
鍭	こう ぐ	や	Arrow	стрела
鍮	ちゅう とう		Brass	месинг
鍰	かん げん えん	めかた	Measure | Money | Coins	старинна мерна единица | монета
鍱	よう しょう	いたがね	Thin Plates Of Metal	тънък метален лист
鍶	しょう しゅ し	せりうむ	Strontium (element)	стронций
鍺	た	まきがね	Germanium (element) | Metal Flashing On Axle Of Cart	германий | метална обшивка на ос (кола)?
鎂	び	まぐねしうむ	Magnesium (element)	магнезий
鎊	ほう	けず.る	Pound Sterling	британска лира (паунд)
鎋	かつ	くさび	The Linch-pin Of A Wheel | To Govern Or Control | The Noise Of A Barrow	щифт на колело | управлявам
鎍	さく しゃく	はりがね	Chain | Wire | (watch) Spring	верига | тел | пружина (на часовник)
鎏	りゅう る	うつく.しいかね	Pure Gold	чисто злато
鎒	どう じょく ぬ じゅく	くさぎ.る くわ すき	To Hoe | To Weed	плевя | копая с мотика
鎔	よう	と.ける と.かす いがた	Fuse | Melt	топя се | стопявам | форма за отливане
鎗	そう しょう	やり	Spear | Lance | Javelin	копие | пика
鎘	れき りゃく かく	かなえのつきもの かどみうむ	Cadmium (element)	кадмий
鎚	つい たい	つち	Hammer | Mallet	чук
鎛	はく	かねかざり	Large Bell | Hoe | Spade	голяма камбана | мотика
鎞	へい はい ひ	かんざし	Plowshare | Barb | Lancet	палешник (на плуг) | игла за коса (канзаши)
鎡	し	かなえ	Hoe | Mattock	мотика | кирка
鎣	えい よう けい ぎょう	みが.く	Polish	полирам
鎤	こう	かねのね	Sound Of A Bell | Small Bell	звук на камбанка | малка камбанка
鎦	りゅう る	こしき かま ころ.す	Distill | Lutecium | Surname	дестилирам | лутеций | фамилно име?
鎧	かい がい	よろ.う よろい	Put On Armor | Arm Oneself	броня | въоръжавам се
鎩	さい さつ せち	めば.える	Moult Samarium	покълвам?
鎫	ばん		Ornament Over The Horse's Head	украшение над главата на кон?
鎬	こう	しのぎ なべ	Sword-blade Ridges	ръб на острие на меч | тиган?
鎭	ちん	しず.める しず.まる おさえ	Ancient Peace-preservation Centers	успокоявам | потискам | гарнизонен град
鎰	いつ	かぎ	Unit Of Weight	старинна мерна единица (тегло)
鎴	そく	すとろんしうむ	Strontium (element)	стронций
鎵	か	がりうむ	Gallium (element)	галий
鎶	か	ころむびうむ	Columbium (element)	колумбий (ниобий)
鎹		かすがい	Clamp | (kokuji)	скоба
鏃	そく ぞく	やじり	Arrowhead | Barb	връх на стрела
鏇	せん	ろくろ	Lathe	стругова машина | струг
鏈	れん	くさり	Chain | Irons | Connection	верига | връзка
鏌	ばく まく		Sword	меч
鏐	りゅう		Gold	злато
鏑	てき	かぶら かぶらや やじり	Arrowhead	връх на стрела
鏖	おう	みなごろ.し	Massacre | Annihilation	клане | унищожение
鏗	こう	つく	Clinking Sound	звънтене | дрънчене
鏘	そう しょう		Tinkling Of Jade Or Metal Pendants	звънтене на нефритени или метални висулки
鏜	とう		Boring Tool	инструмент за пробиване
鏝	まん	こて	Soldering Iron | Trowel | Curling Iron | Flat Iron	поялник | мистрия | маша за коса | ютия
鏞	よう ゆ	つりがね	Large Bell Used As Musical Instrument	голяма камбана (музикален инструмент)
鏟	さん せん	いたがね	Spade | Shovel | Trowel | Scoop	лопата | мистрия | черпак
鏢	ひょう	こじり	Dart | Spear | Harpoon | Escort	метателна стрелка | копие | харпун | ескорт
鏤	る ろう	ちりば.める	Inlay | Set | Mount	инкрустирам | вграждам | монтирам
鏥	しゅう	さび	Rust | Corrosion	ръжда | корозия
鏦	しょう しゅ そう	ほこ	Spear	копие
鏨	さん ざん	たがね	Cold Chisel	длето
鏵			Spade | Shovel | Plowshare	лопата | палешник
鏷	ほく	あらがね	Protactinium (element)	протактиний
鏹	きょう こう	ぜに	Coins | Money | Wealth	монети | пари | богатство
鏻	りん れい りょう	つよ.い	Phosphonium (element) | Phosphorus	фосфор
鏽	しゅう	さび	Rust | Corrode	ръжда | корозирам
鐃	どう にょう	どら	Gong	гонг
鐄	こう おう		Bell	камбана
鐇	はん		Hatchet | Vanadium	брадвичка | ванадий
鐏	そん さん	いしづき	Cap	накрайник на копие
鐐	りょう	あしかせ	Silver | Platinum | Chains	сребро | платина | вериги
鐓	たい	いしづき	Ferrule | Butt End	накрайник | долен край на дръжка
鐔	たん しん	つば	Sword Guard | Hilt	предпазител на меч | дръжка
鐙	とう	あぶみ たかつき ひともし	Stirrup	стреме
鐚	わ あ	びた しころ	Coin Of Smallest Value	монета с най-малка стойност
鐟	てい	ちたにうむ	Titanium (element)	титан
鐡	てつ	くろがね	Iron	желязо
鐫	せん	ほ.る え.る き.る のみ	Carve | Engrave | Chisel	дълбая | гравирам | издълбавам
鐮	れん けん	かま	Sickle	сърп
鐲	たく しょく ぞく	ふりがね	Bracelet | Arm-band | Small Bell	гривна | нарамна лента | малка камбанка
鐳	らい	かめ らじうむ	Loach | Misgurnus Anguillicaudatu | Radium (element)	радий | виюн (риба)
鐵	てつ	くろがね	Iron	желязо
鐶	かん	たまき わ	Metal Ring | Link | Drawer Pull	метален пръстен | брънка | дръжка на чекмедже
鐸	たく		Large Hand Bell	голяма ръчна камбана
鐺	と そう とう	くさり こじり こて なべ	Chain | Tip Of A Scabbard | Flatiron	верига | накрайник на ножница | ютия
鐻	きょ こ	かねかけ	Drumstick	палка за барабан
鐿	い	いちるびうむ	Ytterbium (element)	итербий
鑁	ばん		Name	използва се в имена
鑄	ちゅう しゅ しゅう	い.る	Cast | Mint	отливам | сека (монети)
鑊	かく わく	かま	Cauldron | Large Iron Pot	котел | голям железен съд
鑌	ひん	はがね	High Quality Iron	висококачествено желязо
鑒	かん	かんが.みる かがみ	Take Warning From | Learn From | Pattern | Example	вземам поука от | уча се от | пример | образец
鑓		やり	Spear | Javelin | (kokuji)	копие | пика
鑕	しつ しち	かなとこ	Tungsten (element) | Wolfram	волфрам
鑚	さん	き.る	Make Fire By Rubbing Sticks	паля огън с търкане на пръчки
鑛	こう	あらがね	Ore	руда
鑞	ろう		Solder	спойка
鑠	しゃく	とろ.かす と.かす	Melt | Be Charmed | Captivated	топя | очаровам | пленявам
鑢	ろ りょ	やすり	File | Rasp	пила | рашпил
鑣	ひょう	くつわ	Horse's Bit | Bridle | Ride	юзда | повод | яздя
鑪	ろ	いろり	Hearth | Fireplace | Furnace	огнище | камина | пещ
鑫	きん こん くん きょく		Used In Names	използва се в имена
鑭	らん	らんたにうむ	Lanthanum (element)	лантан
鑰	やく	かぎ	Lock	ключалка
鑱	さん ぜん	するど.い	Spade | Trowel	лопата | мистрия
鑲	じょう にょう そう	いがた	Insert | Inlay | Set | Mount | Fill | Fit Into	вмъквам | инкрустирам | монтирам | запълвам
鑵	かん	かま	Steam Boiler	парен котел
鑷	せつ じょう にょう	けぬき	Pluck Hair | Tweezers	скубя косми | пинсети
鑼	ら	どら	Gong	гонг
鑽	さん	き.る	Make Fire By Rubbing Sticks	паля огън с търкане на пръчки
鑾	らん	すず	Bells On Emperor's Carriage	камбанки на императорска карета
鑿	さく	のみ うが.つ	Chisel	длето
钁	かく きゃく		Hoe	мотика
镸	ちょう	なが.い おさ	Long Radical (no. 168)	дълъг
閂	さん せん	かんぬき	Gate Bar	резе (на порта)
閃	せん	ひらめ.く ひらめ.き うかが.う	Flash | Brandish	проблясвам | размахвам
閆			Village Gate	селска порта
閇	へい	と.じる と.ざす し.める し.まる た.てる	Shut | Close | Obstruct | Block Up	затварям | преграждам | запушвам
閈	かん	さと ふせ.ぐ と.じる	Village	село
閊		つか.える	To Be Obstructed | To Be Blocked | (kokuji)	запушвам се | задръствам се
閌	こう		Door	врата
閎	こう おう		Gate | Barrier | Wide | Vast | Expand	порта | преграда | широк | обширен
閏	じゅん	うるう	Intercalation | Illegitimate Throne	високосен | вмъкнат ден/месец | незаконен престол
閔	びん みん	あわ.れむ うれ.える	Grieve | Be Sad | Pity	скърбя | тъжа | съжалявам
閖		ゆり ゆ.る ゆ.れる	Shake While Rinsing | Pan For Gold | (kokuji)	промивам злато?
閘	こう	ひのくち	Water Gate | Lock	водна порта | шлюз
閙	どう とう	さわが.しい	Noisy	шумен
閟	ひ	と.じる	Hide | Keep Secret | Hideaway	крия | пазя в тайна | скривалище
閠	けい ぎょく じゅん	うるう	Intercalation | Illegitimate Throne	високосен | вмъкнат ден/месец | незаконен престол
閡	かい こく がい げ	し.める	Blocked | Separated | To Prevent	преграден | разделен | преча
閤	こう	くぐりど	Small Side Gate	малка странична порта
閦	しゅく	おお.い	Crowd | Transliteration Of Sanskrit "kso" | E.g. Aksobhya	тълпа
閧	こう	とき	War Cry	боен вик
閨	けい け	ねや	Bedroom	спалня
閩	べん みん ぶん もん びん		Fujian Province | River | Tribe	провинция Фуджиен | река | племе
閫	こん	しきみ	Threshold | Women's Quarters	праг | женски покои
閬	ろう とう りょう		High Door | High Gate | High | Loft	висока врата | висока порта | висок
閭	りょ ろ	さと	Rural Area	селска местност
閴	けき	しず.か ひっそり	Quiet	тих
閶	しょう とう		Gate Of Heaven | Main Gate Of Palace	небесна порта | главна порта на двореца
閹	えん あん	おお.う	Eunuch	евнух
閻	えん		Town	град | селище
閼	あ あつ えん よ	とど.める ふさ.ぐ	Obstruct | Conceal	преча | скривам
閽	こん	もんばん	Gatekeeper | Gate | Door	вратар | порта | врата
閾	しき いき きょく よく	くぎり しきい	Threshold	праг
閿	ぶん	みる	Wen Xiang | Henan Province	област Уенсян, провинция Хънан?
闃	げき けき	しずか ひっそり	Quiet | Still	тих | спокоен
闆	はん へん	みる	Boss | The Owner | Person In Charge	шеф | собственик | отговорник
闈	い き		Gate | Door | Living Quarters	порта | врата | вътрешни покои
闉	いん えん		Curved | Bent | Curved Wall Enclosure	извит | огънат | извита крепостна стена
闋	けつ けち けい け	と.じる	Close | Shut | Watch-tower | Rest	затварям | наблюдателна кула | почивка
闌	らん	た.ける たけなわ てすり	Rise High | Be Well Along	в разгара си | напреднал (за нощ, сезон) | перила
闍	と じゃ		Watchtower | Used Phonetically	наблюдателна кула | фонетичен знак
闐	てん き	さかん	Place In Xinjiang Province	местност в Синдзян?
闑	げつ げち けい き	しきみ	The Doorsill	праг на врата
闒	とう ろう	むら	Upper-story Door Or Window	врата или прозорец на горен етаж
闓	かい	ひら.く	Open | Peaceful	отварям | спокоен
闔	こう	とびら	Doors	врати
闕	けつ	か.ける	Lack | Gap | Fail | Imperial Palace	липса | празнина | провал | императорски дворец
闖	ちん	うかが.う	Inquire About	разпитвам | надничам
闚	き	うかが.う	Flash | Flashing | Steal Look	проблясвам | крадешком поглеждам
關	かん	せき かか.わる からくり かんぬき	Connection | Barrier | Gateway | Involve | Concerning	връзка | бариера | порта | засягам | относно
闞	かん けん	のぞ.む	Glance | Peep | Roar | Growl	поглеждам | надничам | реввам | ръмжа
闟	きゅう こう しゅう とう	おちつ.く と.じる	Peacefully | Quietly	спокойно | тихо
闠	かい き		Gate Of A Market	порта на пазар
闡	せん	みち.る	Clarify	изяснявам
闢	へき びゃく	ひら.く	Open	отварям
闤	かん げん わん えん	かき	Wall Around Market Place	стена около пазар
闥	たつ たち		Gate	порта
阝		こざと	Place | Left Village Radical - 2 Stroke Form (no. 170)	място | радикал за хълм/село (лява форма)
阞	ろく		Vein	жила | вена
阡	せん		Thousand	хиляда
阤	ち し た	さか くず.れる	Hill	хълм
阨	やく あい あく	せま.い ふさが.る せま.る	Obstruct | Distress | Narrow	преграждам | притеснение | тесен
阬	こう きょう	あな	Pit | Hole | Shaft	яма | дупка | шахта
阮	げん		Place Name	географско или фамилно име?
阯	し	あと	Foundation | Site | Address	основи | останки (от постройка) | адрес
阱	せい じょう	あな	Pitfall | Trap | Snare	капан | клопка
阳	よう	ひ	"male" Principle | Light | Sun	ян (мъжкото начало) | светлина | слънце
阴			'female' Principle | Dark | Secret	ин (женското начало) | тъмнина | тайна
阸	やく あい あく	せま.い ふさが.る せま.る	Distress | Difficulty	притеснение | трудност
阹	きょ		Pen | To Surround	кошара | ограждам
阼	そ さく		Steps Leading To The Eastern Door Or Throne	стъпала към източния вход (към трона)
陀	た だ い ち じ	けわ.しい ななめ	Steep	стръмен | фонетичен знак (напр. Амида, мандала)
陁	た い ち じ	けわ.しい ななめ	Steep Bank | Declivity	стръмен бряг | наклон
陂	ひ は	つつみ	Levee | Embankment | Hill | Slope	насип | дига | хълм | склон
陋	ろう	いや.しい せま.い	Narrowness | Meanness | Humbleness	теснота | долен | убогост
陌	はく	まち みち	East-west Path Between Paddies | Road	междинна пътека между оризища | път
陏	だ	ずい	Melon | Wrap	пъпеш | увивам
陔	かい け		Step | Terrace | Grade | Ledge	стъпало | тераса | степен | издатина
陗	しょう	まっすぐでたかい けわ.しい たか.い きび.しい せま.る かく.れる せっかち	Steep Hill | Precipitous	стръмен хълм | отвесен
陘	けい きょう	たに	Defile | Mountain Pass | Gorge	планински проход | клисура
陜	きょう こう	せま.い	Narrow	тесен
陝	せん		Place Name	Шаанси (китайска провинция)
陞	しょう	のぼ.る	Go Up | Climb	изкачвам се | повишение (в длъжност)
陟	ちょく とく	すす.む のぼ.る	Climb | Rise	изкачвам се | издигам се
陡	とう つ	そばだ.つ	Steep | Sloping | Abruptly | Sudden	стръмен | наклонен | внезапно | рязък
陦	とう ちょう	しま	Island	остров
陬	すう しゅう	すみ	Corner	ъгъл
陲	すい	ほとり	Boundary	граница
陴	ひ はい	ひめがき	Parapet On A City Wall	парапет на градска стена
陷	かん	おちい.る おとしい.れる	Fall Into | Cave In | Fall (castle) | Slide Into	пропадам | срутвам се | падане (на крепост)
陻	しゅ しょう じゅ とう ず	ふさ.ぐ	Small Hill | Mound | Bury | Dam	малък хълм | могила | погребвам | язовир
陼	しょ と つ ず	しま	Islet	островче
陾	じょう にょう じ に	おお.い	In File	в редица | строй
隂	いん	かげ かげ.る	Shady | Secret | Dark | Mysterious | Cold | The Negative Of Female Principle In Nature	сенчест | таен | тъмен | загадъчен | ин (женското начало)
隃	しゅ ゆ よう	こ.える	To Exceed | State In Shanxi Province	надминавам | местност в Шанси
隄	てい たい し じ	つつ.み	Dike | Embankment	дига | насип
隉	げつ げち	あや.うい	In Disorder | Dangerous Condition Of The State	в безредие | опасно положение (на държавата)
隋	ずい すい た だ		Name Of A Chinese Dynasty | Remains Of Scarifice | Bury | Fall | Sag	династия Суей | погребвам | падам | увисвам
隍	こう	ほり	Dry Moat	сух ров
隕	いん えん うん	おち.る	Fall	падам | метеорит
隖	お う	つつ.み	Entrenchment | Bank | Low Wall	укрепление | насип | ниска стена
隗	かい	けわ.しい	High | Steep	висок | стръмен
隘	あい やく	せま.い	Narrow | Obstruct	тесен | преграждам
隤	たい ずい た	お.ちる	To Fall In Ruins | To Collapse	рухвам | срутвам се
隧	すい つい	みち	Fall | Go Around	тунел | проход?
隨	ずい	まにまに したが.う	At The Mercy Of (the Waves)	следвам | по волята на (вълните)
隩	おう いく	くま	Profound | Subtle | Warm | Inhabited	дълбок | фин | топъл | обитаван
險	けん	けわ.しい	Inaccessible Place | Impregnable Position | Steep Place | Sharp Eyes	непристъпно място | укрепена позиция | стръмно място | остър поглед
隮	せい さい	のぼ.る	To Rise Up | Rainbow | To Fall	издигам се | дъга | падам
隰	しつ しゅう	さわ	Be Moist | Be Wet	влажен | мокър
隱	いん おん	かく.す かく.れる よ.る	Hide | Conceal | Cover	крия | укривам | покривам
隲	ちょく しつ	のぼ.る	Stallion | Climb | Make	жребец | изкачвам се | правя
隳	き	くず.れる	To Destroy | To Overthrow	разрушавам | събарям
隴	ろう りょう	おか	Hill | Mound	хълм | могила
隶	たい		Extend | Give | Cast | Slave Radical (no. 171)	простирам | давам | хвърлям | радикал за роб
隸	れい	したが.う しもべ	Servant | Prisoner | Criminal | Follower	слуга | затворник | престъпник | последовател
隹	さい すい	とり	Bird | Old Bird Radical (no. 172)	птица | радикал за птица
隺	こく かく	あ.がる	Bird Flying | High Ambition	летяща птица | висок стремеж
隽			Superior | Outstanding | Talented	превъзходен | изключителен | талантлив
雉	じ ち	きじ	Pheasant	фазан
雊	こう く		The Crow Of A Male Pheasant	крясък на мъжки фазан
雋	しゅん せん	すぐ.れる	Excel	отличавам се
雍	よう ゆ	ふさ.ぐ やわら.ぐ	Softening | Mitigation	смекчаване | омекотяване
雎	しょ		Osprey	скопа (риболовен орел)
雒	らく	みみずく	Black Horse With White Mane	черен кон с бяла грива
雕	ちょう	きざ.む わし ほ.る	Carving	резба
雖	すい	いえど.も これ	Although | However	въпреки че | обаче
雘	わく こ	しんしゃ	Dye Made From Red Soil | Ochre	боя от червена пръст | охра
雙	そう	たぐい ならぶ ふたつ ふた-	Pair | Set | Comparison | Counter For Pairs	чифт | комплект | сравнение | брояч за чифтове
雚	かん	こうのとり	Heron | Small Cup	чапла | малка чаша
雜	ざつ ぞう	まじ.える まじ.る	Mixed | Blended | Mix | Mingle	смесен | размесвам | смесвам
雝	よう ゆ	やわ.らぐ	Marsh | Pool | Harmonious	блато | вир | хармоничен
雞	けい	にわとり とり	Chickens | Domestic Fowl	пиле | домашна птица
雟	けい え き すい	めぐり つばめ	Sparrow | Revolve | Place Name	врабче | въртя се | местно име
雩	う く きょ こ	あまごい	Offer Sacrifice For Rain	жертвоприношение за дъжд
雯	ぶん もん		Cloud Patterns | Coloring Of Cloud	облачни шарки | оцветяване на облак
雱	ほう		Snowing Heavily	силен снеговалеж
雹	はく ひょく ぼく	ひょう	Hail	градушка
霂	ぼく もく		Fine Rain | Drizzle	ситен дъжд | ръмеж
霃	ちん じん	くも.る	Long Continued Rains	продължителен дъжд
霄	しょう	そら	Sky	небе
霅	しょう そう ぎょう とう	やかま.しい	Thunder	гръм
霆	てい	いかづち	Lightning | Thunder	мълния | гръм
霈	はい	ひさめ	Big Rain | Long Rainy Spell	силен дъжд | продължителен дъждовен период
霉	ばい め	つゆ しめり しみ	Mildew | Mold | Moldy | Mildewed	плесен | мухъл | мухлясал
霍	かく	にわか	Quick | Sudden	бърз | внезапен
霎	しょう そう		Light Rain | Short While	лек дъжд | кратко време
霏	ひ	もや	Falling Rain Or Snow	ситен падащ дъжд или сняг
霑	てん	うるお.う うるお.い	Moisten | Water | Soak	навлажнявам | напоявам | накисвам
霓	げい	にじ	Rainbow	дъга
霖	りん	ながあめ ながめ	Long Rainy Spell	продължителен дъжд
霙	えい よう	みぞれ	Sleet	суграшица
霝	れい りょう		Drops Of Rain | To Fall In Drops	капки дъжд | капя
霡	ばく みゃく べき	こさめ	Drizzling Rain | To Soak (used Fig. Of Favours)	ръмящ дъжд | напоявам (прен. за благодеяния)
霢	ばく みゃく べき	こさめ	Dust	прах
霣	いん こん うん	あめ	Fall	падам
霤	りゅう	あまだれ	Raindrops Falling From The Eaves | Eaves	капки от стряха | стряха
霨	い		Clouding	заоблачаване
霪	いん		Rain Lasting At Least Ten Days	продължителен дъжд (над десет дни)
霰	せん さん	あられ	Hail | Hailstones | Small Cubes	градушка | малки кубчета
霱	いつ いち	めでたいくも	Cloud	облак
霶			Downpouring Of Rain	проливен дъжд
霸	は はく	はたがしら	Supremacy | Leadership	надмощие | водачество
霹	へき ひゃく		Thunder	гръм
霽	せい さい	は.れる は.らす	Clear Up	изяснява се (за времето) | разсейвам
霾	ばい	つちふる	Wind-blown Dust Falling Like Rain	прах, носен от вятъра (като дъжд)
靁	らい	かみなり	Thick | Strong	гъст | силен
靂	れき		Violent | Thunder | Lightening	силен | гръм | мълния
靄	あい	もや	Mist | Haze | Fog	мъгла | омара
靆	たい		Cloud Cover	облачност
靈	れい りょう	たま	Soul | Spirit	душа | дух
靉	あい い		Clouds	облаци
靚	せい しょう		Make Up Face | Ornament | Quiet	гримирам лице | украса | спокоен
靛	てん	あい	Indigo | Any Blue (plant) Dye	индиго | синя растителна боя
靜	せい じょう	しず- しず.か しず.まる しず.める	Quiet	тих | спокоен
靠	こう	もた.れる たが.う よ.る	Lean On	облягам се
靡	ひ び み	なび.く ない わ.ける	Flutter | Wave | Bow To | Obey | Seduce	развявам се | покланям се | подчинявам се | съблазнявам
靤	ほう	にきび	Pimple	пъпка
靦	てん		Unashamed	безсрамен
靧	かい け	かおをあら.う	Wash Face	мия лицето си
靨	よう	えくぼ	Dimple	трапчинка
靪	てい ちょう だい	おぎなう	To Cobble | To Patch	кърпя (обувки) | закърпвам
靫	じん にん さ さい さつ	うつぼ うつお しな.やか ゆぎ	Quiver	колчан
靭	じん にん さ さい さつ	うつぼ しな.やか ゆぎ	Soft | Pliable | Quiver	мек | гъвкав | колчан
靮	てき ちゃく	たづな	Bridle	юзда
靱	じん にん さ さい さつ	うつぼ うつお しな.やか ゆぎ	Soft | Pliable | Quiver	мек | гъвкав | колчан
靳	きん こん	むながい	Ornamental Trappings Under Collar	украса под яката (на впряг)
靶	は	たづな	Target | Splashboard On Chariot	мишена | предпазна дъска на колесница
靷	いん ちん じん	ひきづな	The Leather Belts That Connect H	кожени ремъци (свързващи впряг с каруца)
靸	そう しゅう	くつ	Child's Shoes | Slippers	детски обувки | чехли
靹	けつ		Archer's Arm Protector	предпазител за ръка на стрелец
靺	まつ ばつ		Leather Tabi | Tungusic Tribe	кожени таби (чорапи) | тунгуско племе
靼	たん たち たつ	なめ.す なめしがわ	Tanned Leather | Smooth Leather	щавена кожа | гладка кожа
靿	おう よう	かわぐつ	The Leg Of A Boot	горнище на ботуш
鞀	とう	ふりつづみ	Drum	барабан
鞁	ひ		Reins | Saddle Cover	юзди | покривало за седло
鞄	はく ほう びょう	かばん	Suitcase | Bag | Briefcase	куфар | чанта | дипломатическо куфарче
鞅	おう よう	むながい	Martingale | Breast Harness | Saddle Girth | Fetter | Shackle | Carry On Back	нагръдник (за кон) | колан на седло | окови | нося на гръб
鞆		とも	Archer's Arm Protector | (kokuji)	предпазител за ръка на стрелец
鞉	とう	ふりつづみ	Drum	барабан
鞋	あい かい	わらじ くつ	Straw Sandals	сламени сандали
鞏	きょう	かたい	Hard | Firm	твърд | здрав
鞐		こはぜ	Clamp | Fastener | (kokuji)	закопчалка | скоба
鞗	ちょう とう	たづな	Reins	юзди
鞘	しょう そう	さや	Sheath | Case | Margin | Difference | Shells (of Beans)	ножница | калъф | марж | разлика | шушулка
鞙	けん		Fine	фин
鞚	こう く	おもがい	Bridle	юзда
鞜	とう	くつ	Shoes | Boots	обувки | ботуши
鞞	へい ひょう ひ ばい	さや	Sheath	ножница
鞟	かく		Skin	кожа
鞣	じゅう にゅう	なめ.す なめしがわ	Tanned Leather	щавя (кожа) | щавена кожа
鞦	しゅう	ふらん.に しりがい	Swing	люлка
鞨	かつ がち せつ ぜち	かわぐつ	Leather Boots | Drum | Tribe Name	кожени ботуши | барабан | име на племе
鞫	きく		Investigate A Crime	разследвам престъпление
鞬	けん こん	ゆみぶくろ	Quiver On A Horse | Store	колчан (на кон) | съхранявам
鞭	べん へん	むち むちうつ	Whip | Rod | Counter For Whippings	камшик | пръчка | брояч за удари с камшик
鞮	てい たい	かわぐつ	Leather Shoes	кожени обувки
鞲	こう く	ゆごて	Leather Arm Guard	кожен предпазител за ръка
鞳	とう		Rumbling	тътен
鞴	ひ び ふく	ふいご	Bellows	духало
鞵	あい かい	わらじ くつ	Shoes | Boots	обувки | ботуши
鞶	はん		Big Leather Belt	голям кожен колан
鞸	ひつ ひち へい ひょう	ひざかけ	Leather Arm Guard	кожен предпазител за ръка
鞹	かく		Skin	кожа
鞺	とう		Sound Of Drums	звук на барабани
鞾	か	くつ	Boots	ботуши
韁	きょう こう	たづな	Reins | Halter | Bridle	юзди | оглавник
韃	だつ たつ		Whip | Region Name	камшик | име на регион
韅	けん		Harness	хамут
韆	せん		Swing | Trapeze	люлка | трапец
韈	べつ もち ばつ まち	しとうず	Tabi | Socks | Stockings	таби | чорапи
韉	せん	したぐら	Saddle Blanket	чул за седло
韊	らん れん	やづつ えびら	Case For A Bow	калъф за лък
韋	い	そむ.く	Tanned Leather Radical (no. 178)	щавена кожа
韌	じん にん	しなや.か	Strong And Pliable | Resilient	силен и гъвкав | издръжлив
韍	ふつ ふち ひ	ひざかけ	Leather Garment	кожена дреха
韎	ばい まい ばつ	あかねぞめのかわ	Red	червен | боядисана в червено кожа
韐	こう きょう	かわ	Knee-pad Made Of Red-dyed Leather	наколенник от боядисана в червено кожа
韔	ちょう りょう	ゆみぶくろ	Wrapper Or Case For Bow	калъф за лък
韘	しょう	ゆがけ	Archer's Thumb Ring	пръстен за палеца при стрелба с лък
韙	い	ただ.しい	Right | Proper | Propriety	правилен | уместен | приличие
韜	とう	ゆぶくろ ゆみぶくろ つつ.む	Bag | Wrapping	торба | обвивка
韝	こう く	ゆごて	Leather Arm-band	кожена нарамна лента
韞	おん うん	かきいろ	An Orange Color | Hide | Conceal	оранжев цвят | крия | скривам
韠	ひつ ひち	ひざかけ	Knee-pad	наколенник
韡	い	さかん	Gorgeous	великолепен | разкошен
韤	べつ もち ばつ まち	くつした たび	Socks | Stockings	чорапи
韭	きゅう く		Leek Radical (no. 179)	праз лук (радикал)
韯	せん	やまにら	Wild Onions Or Leeks	див лук | див праз
韱	せん	やまにら	Wild Onions Or Leeks	див лук | див праз
韲	せい さい	あえもの なます あ.える	Dress (salad) Vegetables	подправени зеленчуци (салата)
韵	いん	ひびき	Rhyme | Vowel	рима | гласна
韶	しょう		Beautiful | Emperor Shun's Music	красив | музиката на император Шун
韺	えい よう		Music	музика
頁	けつ	ぺえじ おおがい かしら	Page | Leaf	страница | лист
頄			Cheekbone	скула
頇	かん がつ がち	おお.きい	Large Face | Flat Face | Stupid	голямо лице | плоско лице | глупав
頊	きょく こく ぎょく	ただ.しい	Grieved | Anxious	скърбящ | тревожен
頍	き けん	あたまをあ.げる	To Raise One's Head	вдигам глава
頎	き げ きん こん	かたちがよい	Tall And Slim	висок и слаб
頏	こう	のど	Alight | Land | Throat | Neck	кацам | гърло | шия
頔	てき じゃく	うつく.しい よい	Good And Beautiful	добър и красив
頖	はん	わかつ	Zhou Dynasty School | Disperse | Fall Apart	училище от династията Джоу? | разпръсквам | разпадам се
頗	は	すこぶ.る かたよ.る	Prejudiced | Exceedingly	пристрастен | изключително
頙	さく しゃく しん	ただ.しい	Correct	правилен
頜	かん ごん こう	あご	Mouth | Jaw	уста | челюст
頞	あつ あち あん	はなすじ	(nose) Bridge	мост на носа
頠	がい ぎ	しとやか	Quiet	тих | спокоен
頡	けつ きつ かつ けち		Take Wing | Fly Up	литвам | издигам се във въздуха
頣	しん	うかがいみる	To View Others With Raised Eyes	гледам някого с вдигнати очи, надменно
頤	い	おとがい あご	Chin | Jaw	брадичка | челюст
頦	かい	あご	Chin	брадичка
頫	ふ ばん まん	うつむ.く	Bow | Nod | Condescend	кланям се | кимам | снизходя
頮	かい け	かおをあら.う	Wash	мия лицето
頯	かい きゅう ぐ	ほおぼね	Cheekbone	скула
頲	てい ちょう		Straight	прав | изправен
頳	てい ちょう	あか.い	Red	червен
頴	えい	ほさき のぎ	Heads Of Grain | Cleverness	житен клас | съобразителност
頷	がん かん	うなず.く あご	Nod Approval	кимам одобрително
頸	けい	くび	Neck | Head	шия | глава
頽	たい	くず.れる	Decline | Slide	упадък | срутвам се
頾	し	ひげ くちひげ	Beard	брада | мустаци
顆	か	つ.ぶ	Grain (e.g. Rice)	зърно (напр. ориз)
顇	すい しゅつ じゅう	やつ.れる	Be Worn-out | Be Haggard	изтощен | изпит
顋	さい	あご えら	Lower Part Of Face | Jaw | Gills Of A Fish	долна част на лицето | челюст | хриле на риба
顏	がん	かお	Face | Expression	лице | изражение
顑	かん こん けん	きいろい	Yellow	жълт
顒	ぎょう ぐ	おお.きい	Solemn | Large | Grand | Majestic	тържествен | голям | величествен
顓	せん	うやうや.しい	Good | Honest | Simple | Respectful	добър | честен | прост | почтителен
顖	しん し	ひよめき	Top Of The Head | Skull	теме | череп
顗	ぎ げ がい	うやうや.しい	Quiet	тих | спокоен
顙	そう	ひたい	The Forehead | To Kowtow	чело | коленопреклонно покланяне
顚	てん	いただ.き たお.れる	Top | Peak | Summit | Upset	връх | вершина | преобръщам
顛	てん	いただき たお.れる	Overturn | Summit | Origin	преобръщам | връх | произход
顢	ばん まん	おおきなかお	Dawdling | Thoughtless | Careless	мудене | безразсъден | небрежен
顣	しゅく せき しゃく	まゆをひそ.める	Frown	мръщя се
顥	こう	しろ.い	Luminous | Clarity | White | Hoary	светъл | яснота | бял | побелял
顦	しょう	やつ.れる	Be Worn-out | Emaciated | Haggard	изтощен | изпит | слаб
顫	せん	ふる.える	Shudder	треперя
顬	じゅ にゅ	こめかみ	The Temporal Bone | Temple (of The Head)	слепоочна кост | слепоочие
顯	けん	あきらか あらわ.れる	Manifest | Display | Evident | Clear	проявявам | показвам | очевиден | ясен
顰	ひん	ひそ.める しか.める	Scowl | Raise Eyebrows	мръщя се | вдигам вежди
顱	ろ	かしら あたま	Head | Skull	глава | череп
顳	しょう		Temple (of Head)	слепоочие
顴	けん かん		Cheekbone	скула
颪		おろし	Wind From Mountains | (kokuji)	вятър от планините
颫	ふ		Storm	буря
颭	せん	そよぐ	Sway In Wind	люлея се на вятъра
颮	ひょう	つむじかぜ	Storm Whirlwind	вихрушка | буря
颱	たい		Typhoon	тайфун
颴	せん	つむじかぜ	Whirlwind	вихрушка
颶	ぐ く		Storm	буря | ураган
颷	ひょう	つむじかぜ	Whirlwind	вихрушка
颸	し	すずしいかぜ	Cool Breeze Of Autumn	хладен есенен ветрец
颺	よう	あ.げる	Soar | Fly | Float | Scatter	издигам се | летя | нося се | разпръсквам
颻	よう		Floating In Air | Drifting With Wind	нося се във въздуха | отнасян от вятъра
颼			Sound Of Wind | Blow Chilly	звук на вятър | духам студено
颿	はん ぼん へん	はし.る	Sail	платно (на кораб)
飂	りゅう る りく ろく	ふく	Wind In High Places	вятър във висините
飃	ひょう	ひるが.える つむじかぜ	Whirlwind | Cyclone | Floating	вихрушка | циклон | носене от вятъра
飄	ひょう	ひるが.える つむじかぜ	Turn Over | Wave	преобръщам | вея
飆	ひょう	つむじかぜ	Whirlwind	вихрушка
飇	ひょう	つむじかぜ	Whirlwind | Stormy Gale	вихрушка | силна буря
飈	ひょう	つむじかぜ	Whirlwind	вихрушка
飌	ふう ふ	かぜ かざ-	Wind	вятър
飜	はん ほん	ひるがえ.す ひるがえ.る	Flip Over | Upset | Capsize	преобръщам | прекатурвам
飠			Eat | Food | Radical Number 184	ям | храна (радикал)
飡	さん そん	の.む くら.う	Meal | Eat	ястие | ям
飣	てい ちょう	たくわ.える	Display Food For Show Only | Sacrifice	храна, изложена само за показ | жертвоприношение
飥	たく	もち	Rice Cake	оризова питка
飦	けん こん せん かん	かゆ ほしいい	Well-boiled Congee Or Gruel | Thick | Rich	добре сварена каша | гъст | богат
飧	そん	ばんめし	Evening Meal | Supper | Cooked Food	вечеря | сготвена храна
飩	どん とん		Japanese Noodles	юфка (напр. удон)
飪	じん にん	に.る	Cooked Food | Cook Until Well Done	сготвена храна | сготвям добре
飫	よう お よ	あき.る	Satiety	ситост
飭	ちょく ちき	いまし.める ただ.す	Correct | Rectify	поправям | коригирам
飮	いん おん	の.む	Drink	пия | напитка
飱			Evening Meal	вечеря
飴	い し	あめ やしな.う	Rice Jelly | Candy	бонбон | захарен сироп
飶	ひつ びち へつ べち	かおり	Odour	аромат | мирис
餂	てん	うまい	To Obtain By Hook	добивам с хитрост?
餃	ぎょう きょう こう		Gyoza	гьоза (китайски кнедли)
餇	と ず	くいもの	Food	храна
餈	し	もち	Rice Cake	оризова питка
餉	しょう	け かれい かれい.い べんとう	(dried) Boiled Rice	сушен варен ориз | храна за из път
餐	さん そん	の.む くら.う	Eat | Drink | Swallow	ям | пия | гълтам
餑	ほつ ぼち こう	なが.い	Ferrule | Cakes | Biscuits	сладкиши | бисквити
餒	だい い	う.える	Hunger | Spoil	глад | развалям се
餔	ほ ふ	く.う ゆうめし	Eat | Late Afternoon Meal	ям | следобедно хранене
餕	しゅん せん	たべのこし	Leftovers	остатъци от храна
餖	とう ず		Food Item Set Out For Show Only	храна за показ?
餗	そく さく	かゆ	Food In Tripod | Rice Porridge	храна в трипод? | оризова каша
餘	よ	あま.る あま.り あま.す	Surplus | Excess | Remainder	излишък | остатък
餚	こう ぎょう	そな.える	Prepared Meat | Food	приготвено месо | храна
餛	こん		Dumpling Soup | Wonton	вонтон | супа с кнедли
餜	か	もち	Cakes | Biscuits | Pastry	сладкиши | бисквити | тестени изделия
餝	こう しき しょく	かざり かざ.る	Decorate | Ornament | Adorn | Embellish	украсявам | орнамент
餞	せん	はなむけ	Farewell Gift	прощален подарък
餟	てつ てち てい	まつ.る	Libation	възлияние (ритуално вино)
餠	へい ひょう	もち もちい	Rice Cake	оризова питка | моти
餡	あん かん		Bean Jam	боб паста | плънка
餤	たん		Eat | Feed | Advance | Lure | Incite | Food Baked In Dough	ям | храня | подмамвам
餦	ちょう	あめ もち	Candy | Pastry	бонбон | сладкиш
餧	だい い	う.える	Steamed Bread | To Feed	хляб на пара | храня
餫	うん こん	おく.る	Dumpling | Supply	кнедла | снабдявам
餬	こ	かゆ	Rice Broth	оризова каша
餮	てつ	むさぼ.る	Voracious | Gluttonous	лаком | прежаден
餱	こう ぐ	ほしいい	Dry Goods | Dry Provisions	сушени провизии
餲	えい あつ あち あい	くさる	Spoiled | Sour | Moldy	развален | кисел | мухлясал
餳	とう せい	あめ	Sugar | Syrup | Malt Sugar | Sticky	захар | сироп | лепкав
餵	だい い	う.える	To Feed | To Raise	храня | отглеждам
餹	とう	あめ	Sugar | Sugared | Candy | Crystallized Sweetmeats	захар | бонбон | захаросани сладкиши
餺	はく		Rice Cake	оризова питка
餻	こう	こなもち	Cakes | Pastry	сладкиши | тестени изделия
餼	き け	おくりもの	Sacrificial Victim | Gift | Grain	жертвено животно | подарък | зърно
餽	き	おく.る	Give | Provide	давам | предоставям
餾	りゅう		Steaming Rice	варя ориз на пара
饁	よう おう こう	おく.る	Carry Meal To Workers In Field	нося храна на работници в полето
饂	うん	うどん	Japanese Noodles | (kokuji)	удон (японска юфка)
饅	まん		Bean-jam Dumpling | Manjuu	манджу (сладка кнедла с боб)
饇	よ お う おう	あく	To Eat Too Much | Surfeited | To Confer	преяждам | пресищам се
饈	しゅう しゅ	すす.める	Food | Meal | Eat | Offer	храна | ястие | поднасям
饉	きん	う.える	Hunger	глад
饋	き	おく.る	Give | Provide | Offer	давам | предоставям | поднасям
饌	せん さん	そな.える	Food | Offering	храна | жертвоприношение
饍	せん	かしわ すす.める そな.える	Meals | Provisions | Board	храна | провизии
饎	し き	さけさかな む.す	Wine And Food Eaten With Wine	вино и мезе
饐	い えい えつ	す.える むせ.ぶ	Go Bad | Sour	развалям се | вкисвам се
饑	き	う.える	Hunger | Thirst	глад | жажда
饒	じょう にょう	ゆたか	Abundant	изобилен | плодороден
饔	よう ゆ	に.る	Breakfast | Eat Prepared Food	закуска | готова храна
饕	とう	むさぼ.る	Be Greedy | Be Ravenous	лаком | прежаден
饘	せん	かゆ	Gruel	каша
饜	えん	あく	Be Satiated | Eat One's Full	наситен | преял
饞	さん ぜん	むさぼ.る	Gluttenous | Greedy | Lewd | Lecher	лаком | похотлив
饟	しょう	げ け かれい かれい.い べんとう	Rations And Pay For Soldiers | Dried Rice	дажби и заплата за войници | сушен ориз
饠	ら	もち	Rice Cake	оризова питка
馗	き		Road	път
馘	かく きょく	くびき.る みみき.る	Behead | Dismiss	обезглавявам | уволнявам
馛	はつ ばち へつ へち	にお.い こうば.しい	Fragrance | Fragrant	аромат | ароматен
馝	ひつ びち へつ べち	かおり	Fragrance	аромат
馟	と ず	こうば.しい	Fragrant	ароматен
馥	くく ひょく ふく	か かお.る	Perfume	парфюм | аромат
馭	ぎょ		Driving (horse)	управлявам (кон) | кочияш
馮	ひょう ふ ふう	たの.む よ.る	Displeasure | Proper Name	недоволство | собствено име
馱	た たい	の.せる	Carry On Back | Horse Load	нося на гръб | товар за кон
馳	ち じ	は.せる	Run | Gallop | Sail | Drive (a Wagon) | Win (fame) | Despatch	тичам | галопирам | гощавка
馴	じゅん しゅん くん	な.れる な.らす したが.う	Get Used To | Experienced | Tamed	опитомявам | свиквам | опитен
馵	しゅ そく ぞく		Horse With White Back Legs	кон с бели задни крака
馹	じつ にち	はやうま	Post Horse | Relay Horse	пощенски кон | сменен кон
馼	ぶん もん		Zebra With Yellow Eyes And Red Mane	зебра с жълти очи и червена грива
馿	ろ りょ	うさぎうま	Ass | Donkey	магаре
駁	はく ばく	ぶち まじ.る まだら	Refutation | Contradiction	опровержение | противоречие
駃	けつ けち がい け	らば	Gallop	галопирам
駈	く	か.ける か.る	Run | Gallop | Advance	тичам | препускам | подкарвам
駉	けい きょう	まき まきば	Big	голям
駑	ど	にぶ.い	Slow Horse | Foolish Fellow	бавен кон | глупак
駓	ひ	しらかげ	Gallop	галопирам
駔	そう そ しょ	うま	Excellent Horse | Noble Steed	отличен кон | благороден кон
駕	か が	かご が.する しのぐ のる	Vehicle | Palanquin | Litter | Hitch Up An Animal	паланкин | носилка | впрягам
駘	たい		Stupid	глупав
駙	ふ	そえうま ちか.い	Extra Horse | Imperial Son-in-law	резервен кон | зет на императора
駛	し	は.せる はや.い	Run Fast	тичам бързо
駜	ひつ びち ひ	こ.える	Strong Horse	силен кон
駝	だ た	せむし	Hunchback | Load	гърбица | товар
駞	た	せむし	Camel	камила
駟	し		Four Horses	четворка коне
駢	へん	なら.ぶ	Two-horse Carriage	двуконна карета
駪	しん	おお.い	Crowd	тълпа
駬	じ に	しゅんめ	Name Of A Legendary Swift Horse	легендарен бърз кон
駭	がい かい	おどろ.く おどろ.かす	Be Surprised	изненадвам се
駮	かく はく	ぶち まだら	Spots	петна
駰	いん	どろあしげ	Grey Horse	сив кон
駱	らく	かわらげ	White Horse	бял кон
駲	しゅう じゅん		Horse's Buttocks | Horse's Tail	задница на кон | опашка на кон
駴	かい あい	おどろ.く	Drum	барабан
駸	しん		Speed | Horses Running	бързина (на кон) | препускане на коне
駹	ぼう もう		Black Horse With A White Face	черен кон с бяло лице
駻	かん		Rage | Run Wild	ярост | буйство (на кон)
駽	けん		Grey	сив (кон)
駾	たい	はし.る	Run Away	бягам
騁	てい	はせ.る	Run Fast | Gallop | As One Pleases	препускам | галопирам | по своя воля
騂	せい しょう けい きょう	あかうま	Red | Brown | Bay | Neat | Harmonious	червен | кафяв | дорест кон | спретнат | хармоничен
騃	がい し い ぎ たい	おろ.か	Stupid | Foolish	глупав | тъп
騄	りょく ろく		Name Of A Legendary Swift Horse	легендарен бърз кон (име)
騅	すい	あしげ	Grey Horse	сив кон
騋	らい		Tall (7 Chi) Horse	висок кон
騌	そう	たてがみ	Horse's Mane | Bristles	грива на кон | четина
騏	き		Fast Horse	бърз кон
騐	けん	あかし しるし ため.す	To Verity | To Fulfill | To Examine | To Hold An Inquest	проверявам | изпълнявам | изследвам | разследвам
騑	ひ	そえうま	Horse | Run	кон | тичам
騖	ぶ む	はせる	Gallop | Rush About | Pursue | Run	галопирам | тичам насам-натам | преследвам | тичам
騙	へん	かた.る だま.す	Deceive	мамя | лъжа
騠	てい だい		Horse	кон
騢	か げ	つきげ	Bay	дорест кон
騣	そう す	たてがみ	Mane	грива
騤	き けつ けち	すす.む	(of A Horse) Lively | Vigorous	буен (за кон) | енергичен
騧	か い かい げ		Tan Horse	жълтеникав кон
騨	たん だん た だ てん		Dappled Grey Horse	сив на петна кон
騫	けん		Lift Up | Err | Hopping	повдигам | греша | подскачане
騭	しつ しち ちょく	おすうま	Stallion | Promote	жребец | повишавам
騮	りゅう る	くりげ	Famous Horse	известен кон
騳	とく	はし.る	Run | Race	тичам | надбягване
騵	げん がん が		Bay	дорест кон
騶	しゅう しゅ す ちゅ すう	うまかい	Mounted Escort | Groom	конен ескорт | коняр
騷	そう	さわ.ぐ うれい さわが.しい	Harass | Bother | Annoy | Disturb | Agitate | Sad | Grieved	безпокоя | дразня | смущавам | тъга | скръб
騸	せん		Geld | Castrate	скопявам
騾	ら		Mule	муле
驀	ばく		Going Straight Forward	право напред | устремено напред
驁	ごう ぎょう	おご.る	Wild Horse | Mustang | Wild	дива кобила | мустанг | див
驂	さん	そえうま	Extra Driver Or Horse	допълнителен впрегатен кон
驃	ひょう		White Horse	бял кон
驄	そう す	あしげ	Horse With A Bluish White Color	синьо-бял кон
驅	く	か.ける か.る	Spur A Horse On | Expel | Drive Away	пришпорвам (кон) | прогонвам | изгонвам
驇	ち	おもい	Heavy Horse | Horse Unable To Move Because Of Twisted Leg | Plodding	тежък кон | куц кон | тътрещ се
驊	か げ	あかくりげ	An Excellent Horse	отличен кон
驌	しゅく すく		Name Of A Famous Horse	известен кон (име)
驍	ぎょう きょう	たけし つよ.い	Strong | Good Horse | Gallant | Brave | Ferocious	силен | храбър | доблестен | свиреп
驒	たん だん だ	まだらうま	Dappled	пъстър | на петна
驔	てん たん どん	くろくりげ	Black Horse	черен кон
驕	きょう	おご.る	Pride | Haughtiness	гордост | надменност
驖	てつ でち	くろくりげ	Black (horse)	черен (кон)
驗	けん げん	あかし しるし ため.す ためし	Verification | Effect | Testing	проверка | ефект | изпитание
驘			Mule	муле
驛	えき		Station	гара
驟	しゅう	にわか はせ.る	Run | Suddenly	тичам | внезапно
驢	ろ りょ	うさぎうま	Donkey	магаре
驤	じょう しょう	あ.がる	Lift One's Head	вдигам глава
驥	き		Fast Horse | Talent	бърз кон | талант
驩	かん	よろこ.ぶ	Greetings | Be Happy | Celebrate	поздрав | радвам се | празнувам
驪	り れい		Black Horse	черен кон
驫	しょう		Many Horses	много коне
骪	い	ま.がる ま.げる あつ.まる すておく	Crooked Bones	изкривени кости
骭	かん	はぎ	Leg | Shin	крак | пищял
骯	こう		Dirty	мръсен
骰	とう	さい	Dice | Bones	зар | кости
骴	し さい じゃ	ほね	Putrid Carcass	гниещ труп
骶	てい たい	しり	Coccyx | Backbone | Hips	кръстцова кост | гръбнак | ханш
骷			Skeleton	скелет
骼	かく		Bleached Bones	избелени кости
骾	こう きょう		Any Object That Sticks In Throat | Bony	заседнало в гърлото | костелив
髀	ひ へい	もも	Thigh	бедро
髁	かい け か	もも	Thigh Bone | Hipbone | Kneecap	бедрена кост | тазова кост | капаче на коляното
髃	ぐ ごう がい		Shoulder Bone	раменна кост
髆	はく	かいがらぼね	Shoulder Blade	лопатка
髈	ほう	もも	Pelvis | Hip-bone | Humerus	таз | тазова кост | мишнична кост
髎	りょう ろお りゅう	こしぼね	Hip-bone	тазова кост
髏	ろ		Skull	череп
髑	どく とく		Skull	череп
髒	そう	きたない	Dirty | Firm | Fat	мръсен | твърд | дебел
髓	ずい		Marrow | Pith	костен мозък | сърцевина
體	たい てい	からだ かたち	The Body | Substance | Object | Reality	тяло | същност | предмет | действителност
髕	ひん		Kneecap	капаче на коляното
髖	かん こん	こしぼね	Hipbone | Hip	тазова кост | ханш
髗	ろ	かしら あたま	The Skull | The Forehead	череп | чело
髞	そう		Hurry | High	бързам | висок
髟	ひゅう ひょう		Hair Hanging Long | Mane | Long Hair Radical (no.190)	дълга висяща коса | грива | радикал за дълга коса (бр. 190)
髠	こん	そる	Shave Head As Punishment | Prune	обръсвам глава (като наказание) | подрязвам
髢	てい せき	かもじ	Wig	перука
髣	ほう		Dimly	смътно | неясно
髥	ぜん ねん	おおひげ	Beard | Mustache	брада | мустаци
髦	ぼう もう	たれがみ	Bangs | Long Hair | Excellence	бретон (коса) | дълга коса | изключителност
髧	たん どん		Long Hair	дълга коса
髫	ちょう	うな.る うな.い	Children's Long Hair | Small Child	дълга детска коса | малко дете
髭	し	ひげ くちひげ	Beard | Mustache	мустаци | брада
髮	はつ	かみ	Hair	коса
髯	ぜん	ひげ	Beard | Mustache	брада | мустаци
髱	ほう	たぼ	Topknot | Bun | Coiled Hairknot	кок | плитка на тила
髲	ひ	かもじ	Wig	перука
髳	ぼう む もう	たれがみ	State	древно китайско племе? | състояние
髴	ふつ		Dimly	смътно | неясно
髵	じ に	あごひげ	Whiskers | Bristles On The Jaws Of An Animal	мустаци на животно | четина по челюстта
髷	きょく	まげ わげ	Topknot	кок
髺	がち かつ	たば.ねる	The Hair Disheveled | As In Mourning	разрошена коса (в траур)
髻	けい きつ	たぶさ みずら もとどり	Samurai Topknot	самурайски кок
髽	さ せ	くくりがみ	To Dress The Hair	правя прическа
鬀	てい	かみ まい そ.る す.る	To Shave	бръсна | стрижа коса
鬁	り		Favus	фавус
鬂	ひん		The Hair On The Temples	коса на слепоочията
鬃	そう ず ぞう	たてがみ	Mane | Neck Bristles	грива | четина на врата
鬅	ほう		Unkempt Hair | Loose | Flowing Hair	разрошена коса | разпусната коса
鬆	しょう そう しゅ		Loose | Dishevelled | Pore | Cavity In Overboiled Daikon	хлабав | разрошен | пора | остеопороза
鬈	けん	うるわ.しい	Fine Growth Of Hair Curly Hair	къдрава коса | гъста коса
鬋	せん		Forelock | Bangs	перчем | бретон
鬍	こ		Beard | Mustache | Whiskers	брада | мустаци
鬎	らつ		Favus | Scabies	фавус | краста
鬐	き	たてがみ	Horse's Mane | Fins	грива на кон | перки
鬒	しん	おお.い	Black | Glossy Hair	черна лъскава коса
鬖	さん しん せん		Wild Hair	разрошена коса
鬘	ばん まん	かつら	Wig | Hair Piece	перука
鬙	そう	みだ.れる	Matted Hair	сплъстена коса
鬚	しゅ す	ひげ	Beard | Mustache	брада | мустаци
鬜	かん けん さん ぜん	は.げる	To Go Bald	оплешивявам
鬟	かん	わげ みずら	Topknot | Chignon | Male Hairstyle Of Looped Ponytails	кок | мъжка прическа с примки
鬠	かつ がち かい け	たば.ねる もとゆい	To Make A Top Knot	правя кок | връзвам коса на кок
鬢	びん ひん		Sideburns	бакенбарди
鬣	りょう	たてがみ	Mane	грива
鬥			Broken Gate Radical (no. 191)	радикал „счупена порта“ (№191)
鬦	とう	たたか.う あらそ.う	Struggle | Fight | Compete | Contend	боря се | сражавам се | съревновавам се
鬧	とう どう	さわが.しい	Quarrel | Dispute Hotly	карам се | шумен спор
鬨	こう ぐ	とき	Fight | War Cry	бой | боен вик
鬩	けき かく げき	せめ.ぐ	Quarrel	карам се | споря
鬪	とう	たたか.う あらそ.う	Fighting	бой | борба
鬭	とう	たたか.う あらそ.う	Struggle | Fight | Compete | Contend	боря се | сражавам се | съревновавам се
鬮	きゅう	くじ	Lottery | Lot | Raffle	жребий | лотария
鬯	ちょう	かおりぐさ	Fragrant Herbs | Spiced Liqueur | Grow | Spread	ароматни билки | подправено вино | раста | разпространявам се
鬲	かく れき	かなえ へだ.てる	Tripod	трипод
鬴	ふ れき りゃく	かま	Pot	котел
鬵	せん しん	おおがま	Big Iron Pot | Cauldron	голям железен котел
鬷	そう す	あつ.まる	Pot	котел
鬻	いく しゅく	かゆ かい ひさ.ぐ	Sell | Deal In | Rice Gruel	продавам | търгувам | оризова каша
魃	はつ ばつ		(god Of) Drought	бог на сушата | суша
魄	はく たく	たましい	Soul | Spirit	душа | дух
魈	しょう	すだま	Mischievous | One Footed Spirit That Dwells In The Mountains	палав | планински дух с един крак
魋	たい ずい つい		Bear	мечка
魍	もう ぼう		Spirits Of Mountains And Streams	духове на планини и реки
魎	りょう	こだま	Spirits Of Trees And Rocks	духове на дървета и скали
魑	ち	すだま	Mountain Spirits	планински духове
魘	えん よう	うな.される	Have A Nightmare	сънувам кошмар
魛	とう	たちうお	The Mullet	кефал
魞		えり	Fish Trap	рибарска клопка | верша
魣	しょ よ	たなご かます	Barracuda	баракуда
魦	さ しゃ しょう	さめ ちちぶ	Shark Family | Including Some Rays And Skates	акула | скатове
魨	とん	ふぐ	Blowfish | Globefish | Spheroides Vermicular	риба балон | фугу
魫	しん	さかなのこ	The Young Of Fish	рибена малка
魬	はん	かれい	Sole Or Flounder	морски език | писия
魲	ろ		Fish Name	вид риба?
魳	し そう	ぶり はまち かます	Barracuda	баракуда
魴	ほう	かがみたい おしきうお かがみだい	Type Of Sea Bream	вид морски костур
魵	ふん	えび	Shrimp	скарида
魷	ゆう		Cuttlefish	сепия
鮀	た	なまず	Snakefish	сом
鮃	ひょう へい	ひらめ	Flounder | Flatfish	писия | камбала
鮆	せい ざい し じ	えつ	Fish	риба
鮉	ちょう	たい	Bream	морска платика
鮐	たい い	ふぐ	Blowfish | Globefish | Tetraodon	риба балон | фугу
鮑	ほ ほう	あわび	Abalone	морско ухо
鮒	ほ ふ ぶ	ふな	Carp	каракуда | шаран
鮓	さ	すし	Sushi | Seasoned Rice	суши
鮖		かじか	Bullhead | (kokuji)	рогатка
鮗		このしろ	Gizzard Shad | (kokuji)	вид сельдова риба?
鮚	きつ ぎち けつ けち	はまぐり	Clam | Oyster	мида | стрида
鮝	しょう よう	ふか ひもの	Dried Fish	сушена риба
鮞	じ に じく にく	はららご	Roe | Milt | Fish Eggs	хайвер
鮟	あん		Angler-fish	морски дявол
鮠	かい げ がい	はえ はや	Dace (carp) | (kokuji)	клен (риба)
鮦	とう ず	かつお	Snakefish	змиевидна риба | паламуд
鮧	い てい だい し	なまず すけそう	The Sheat Fish	сом
鮨	し き	すし	Sushi | Seasoned Rice	суши
鮪	き ゆう い	まぐろ しび	Tuna	риба тон
鮰	かい		Small Kind Of Sturgeon, Found In The Yangtze	малка есетра (от Яндзъ)?
鮴		めばる まて こち ごり	Bullhead | Rockfish | Razor Clam | Flathead | (kokuji)	рогатка | скален костур
鮹	しょう そう	たこ	Octopus	октопод
鮿	ちょう	ほしうお	Dried Fish	сушена риба
鯀	こん		Large Mythical Fish | Proper Name	голяма митична риба | собствено име
鯁	こう きょう		Fish Bones | Honest | Upright	рибена кост | честен | почтен
鯆	ふ ほ	いるか	Type Of Herring	вид херинга?
鯇	かん	あめのうお	Carp	шаран
鯈	ゆう ゆ	はや はえ	Fish	риба
鯊	さ しゃ	さめ はぜ	Goby (fish)	попче
鯎		うぐい	Japanese Dace	японски клен?
鯏		あさり うぐい	Short Necked Clam | Dace | Chub | (kokuji)	мида | клен
鯑		かずのこ	Yellow Fish (herring) Eggs (sushi) | (kokuji)	хайвер от херинга
鯒		こち	Flathead (fish) | (kokuji)	плоскоглава риба
鯔	し	ぼら とど	Mullet (fish)	кефал
鯖	せい しょう	さば	Mackerel	скумрия
鯗	しょう よう	ふか ひもの	Dried Fish	сушена риба
鯝	こ く	はらわた	Fish Guts	рибени вътрешности
鯡	ひ	にしん はららご	Herring	херинга
鯢	げい	さんしょううお	Salamander | Female Whale | Small Fish | Old Person's Teeth	саламандър | женски кит
鯣	えき	するめ	Cuttlefish	сушен калмар
鯤	こん		Large Mythical Fish | Roe	голяма митична риба | хайвер
鯧	しょう	まながつお	Pomfret | Stromateoides Argenteus	помфрет (риба)?
鯪	りょう	せんざんこう	Carp	шаран
鯫	そう す	みごい	Small Fish | Small | Minnow	дребна риба | попче
鯰	ねん	なまず	Fresh-water Catfish | (kokuji)	сом
鯱		しゃちほこ しゃち	Fabulous Dolphin-like Fish | Killer Whale | (kokuji)	шачихоко (митично морско същество) | косатка
鯲		どじょう	Loach | Lamprey | (kokuji)	кротушка (вид риба) | минога
鯵	そう	あじ	Horse Mackerel	сафрид
鯷	い てい だい し	ひしこ なまず すけそう	Anchovy	хамсия
鯸	こう ぐ	ふぐ	Blowfish	риба балон
鯺	しょ	ふぐ	Blowfish	риба балон
鯽	せき しゃく しょく そく	ふな たなご	Carassius Auratus | Crucian Carp | Surf Perch	каракуда | сребърист карас
鯿	へん	おしきうお	Bream	платика
鰂	そく	いか	Cuttlefish	сепия
鰄	い		A Type Of Fish	вид риба?
鰆	しゅん	さわら	Spanish Mackerel	испанска скумрия
鰈	ちょう とう	かれい	Sole | Flatfish | Flounder	морски език | камбала | писия
鰉	こう	ちょうざめ ひがい	Sturgeon	есетра
鰊	れん	にしん	Herring	херинга
鰋	えん おん	なまず	Sheat	сом
鰌	しゅ しゅう	どじょう	Loach (fish)	кротушка
鰍	しゅう しゅ	かじか いなだ どじょう	Bullhead	попче
鰐	がく	わに	Alligator | Crocodile	алигатор | крокодил
鰒	ふく	あわび ふぐ	Abalone | Puffer Fish	морско ухо | риба балон
鰓	さい し	えら	Gills | Gill Slits	хриле
鰔	かん	かれい たら	Flatfish | Turbot | Cod	камбала | калкан | треска
鰕	か	えび	Shrimp | Prawn | Lobster	скарида | лангуста
鰛	おん	いわし	Sardine	сардина
鰜	けん かん げん	にしん	Big-mouthed Flounder	голямоуста камбала?
鰞	お う	いか	Squid	калмар
鰡	りゅう る	ぼら	Type Of Fish | Mullet	кефал
鰣	し	このしろ はす	Reeves' Shad | Hilsa Herring	шад (вид херинга)?
鰤	し そう	ぶり はまち かます	Yellowtail	жълтоопашата риба (сериола)?
鰥	かん こん	やもめ やもお	Widower | Unmarried Man	вдовец | ерген
鰨	ちょう とう	かれい	Sole	морски език
鰩	よう	えい	The Nautilus | The Ray	скат | наутилус?
鰭	き ぎ	ひれ	Fin	перка
鰮	おん	いわし	Sardine	сардина
鰯		いわし	Sardine | (kokuji)	сардина
鰰		はたはた	Sandfish | (kokuji)	хатахата (вид риба)?
鰱	れん	たなご	Silver Carp | Hypophthalmiathys	толстолоб
鰲	ごう	おおがめ	Huge Sea Turtle	огромна морска костенурка
鰵	びん みん	いしもち	Codfish	треска
鰷	ちょう じょう しょう	はや	Minnow	гулеш (вид дребна рибка)?
鰹	けん	かつお	Bonito	паламуд
鰺	そう	あじ	Horse Mackerel	сафрид
鰻	まん ばん	うなぎ	Eel	змиорка
鰽	しゅう じゅ	このしろ	Herring	херинга
鰾	ひょう	ふえ うきぶくろ	Fish Bladder	плувен мехур на риба
鱄	せん たん れん		Anchovy	хамсия
鱅	しょう じゅ ゆ よう	このしろ	Kind Of Tench	вид лин?
鱆	しょう	たこ	Octopus	октопод
鱇	こう		Anglerfish	морски дявол
鱈	せつ	たら	Codfish | (kokuji)	треска
鱉	へつ	すっぽん	Turtle	костенурка
鱏	しん いん	かじき えい	Ray | Skate	скат
鱐	しゅく すく しゅう しゅ	ほしうお	Dried Fish	сушена риба
鱓	せん た	うつぼ うみへび ごまめ	Moray Eel	мурена
鱔	せん	うみへび ごまめ	Eel	змиорка
鱖	けい け けつ かち	さけ	Mandarin Fish	мандаринова риба (вид костур)?
鱘	しん	ちょうざめ かじき	Sturgeon	есетра
鱚		きす	Sillaginoid | (kokuji)	вид риба (кису)?
鱛		えそ	Fish Name	вид риба?
鱟	こう ぐ よく おく	かぶとがに	King Crab	мечоопашка
鱠	かい け	えそ なます	Lizard Fish	риба дракон? | намасу (японско ястие от суров рибен фарш)?
鱣	たん せん てん	こい	Sturgeon	есетра
鱧	れい	はも	Conger | Sea Eel	конгер | морска змиорка
鱨	しょう	ぎぎ	Codfish	треска
鱭			Anchovy	хамсия
鱮	しょ よ	たなご	Bream | Minnow	лещанка | дребна рибка
鱶	しょう よう	ふか ひもの	Shark	акула
鱷	がく	わに	Crocodile | Alligator	крокодил | алигатор
鱸	ろ	すずき	Sea Bass	лаврак
鱺			Eel	змиорка
鱻	せん	あたらしい すく.ない	Fresh | New | Delicious | Rare | Few	пресен | нов | вкусен | рядък | малко
鳦	いつ いち あつ えち	つばめ	Swallow	лястовица
鳧	ふ	けり かも	Wild Duck | End | Suffix	дива патица | край (идиом.)?
鳫	がん	かり かりがね	Wild Goose	дива гъска
鳬	ふ	けり かも	Wild Duck | End | Suffix	дива патица | край (идиом.)?
鳰		にお	Grebe | (kokuji)	гмурец
鳲	し	よぶこどり	Turtledove | Cuckoo	гургулица | кукувица
鳶	えん	とび とんび	Black Kite | Fireman | Hook	черна каня | пожарникар? | кука
鳷	し き		Bird	вид птица?
鴂	けつ けち けい け	さざき	The Tailor-bird The Working Bird	шивашка птица?
鴃	けい けき けつ	もず	Shrike	сврачка
鴆	ちん		A Poisonous Chinese Bird	отровна митична птица (чжен)?
鴇	ほう	とき のがん	Wild Goose | Madam Of A Brothel | Crested Ibis	дива гъска | японски ибис | съдържателка на публичен дом
鴉	あ	からす	Crow | Raven	врана | гарван
鴒	れい		Wagtail	стърчиопашка
鴕	だ た		Chinese Ostrich	щраус
鴛	えん おん	おし おしどり	Male Mandarin Duck	мъжка мандаринова патица
鴝	く	ははつちょう	Mynah	майна
鴞	よう きょう	ふくろう	Owl	бухал
鴟	し	とび	Kite	каня
鴣	こ		Partridge	яребица
鴦	おう		Female Mandarin Duck	женска мандаринова патица
鴪	いつ		Flying Fast | Swooping	летящ бързо | спускащ се стремглаво
鴫		しぎ	Snipe | (kokuji)	бекас
鴬	おう	うぐいす	Nightingale | Bush Warbler	славей | японска коприварка (угуису)?
鴯	じ に		Swallow	лястовица
鴰	かつ かち けち	まなづる	The Crow	жерав (белошиест)?
鴳	あん えん	うずら	Quail	пъдпъдък
鴺	てい だい い		The Pelican	пеликан
鴽	じょ にょ	うずら	Species Of Bird Resembling Quail	птица, подобна на пъдпъдък
鴾	ぼう	とき	Crested Ibis	японски ибис
鴿	こう	はと どばと	Dove | Temple Pigeon	гълъб | домашен гълъб
鵁	こう		Night Heron	нощна чапла
鵂	きゅう く	みみずく	Horned Owl | Scops Chinensis | Bird Of Ill Omen	ушата сова | птица, вещаеща нещастие
鵄	し	とび	Kite | Horned Owl | Wine Cups	каня (птица) | ушата сова | чаша за вино
鵆		ちどり	Plover | (kokuji)	дъждосвирец
鵈		とび	Kite (bird)	каня (птица)
鵐	ぶ む		Unmottled Quail	пъдпъдък
鵑	けん		Cuckoo	кукувица
鵒			Mynah Bird	майна (птица)
鵓	ほつ ぼち		Species Of Pigeon	вид гълъб
鵙	けき げき	もず	Shrike	сврачка
鵝	が		Goose	гъска
鵞	が		Goose	гъска
鵟	きょう ごう	よたか	Buzzard	мишелов
鵡	ぶ む		Cockatoo	какаду
鵤		いかる いかるが	Grosbeak | Hawkfinch | (kokuji)	дебелоклюн (птица) | мазурка
鵩	ふく	みみずく	Owl-like Bird | Buzzard	птица, наподобяваща сова | мишелов
鵪	あん おん	うずら	Quail	пъдпъдък
鵫	とう ちょう たく	きじ やまどり	Pheasant	фазан
鵯	ひ ひつ	ひよどり	Brown Eared Bulbul	кафяв ушат бюлбюл
鵰	ちょう	きざ.む わし ほ.る	Eagle	орел
鵲	しゃく じゃく	かささぎ	Magpie	сврака
鵷	えん おん		Co-worker	колега
鵺	こう や	ぬえ	Fabulous Night Bird | Chimera	митична нощна птица | химера
鵻	すい しゅん	こばと	Pigeon	гълъб
鵾	うん こん	とうまる しゃも	Bird Resembling The Crane	птица, наподобяваща жерав
鶃	げき		Hawk	ястреб
鶇	とう つ	つぐみ	Thrush	дрозд
鶉	じゅん しゅん	うずら	Quail	пъдпъдък
鶊	こう きょう		Oriole	авлига
鶍		いすか	Crossbill	кръстоклюн
鶖	しゅう しゅ	う	Large Waterfowl With Naked Head	голяма водна птица с гола глава
鶗	てい だい し	ほととぎす	Kind Of Hawk	вид ястреб
鶘	こ ご		Pelican	пеликан
鶚	がく	みさご	Osprey	скопа
鶡	かつ がち ふん かい かく	やまどり	Crossbill | Species Of Nightingale	кръстоклюн | вид славей
鶤	うん こん	とうまる しゃも	Type Of Black Songbird	вид черна певча птица
鶩	ぼく ぶ む	あひる	Domestic Duck	домашна патица
鶫	とう つ	つぐみ	Thrush | (kokuji)	дрозд
鶬	そう しょう	まなづる	Oriole	авлига
鶯	おう	うぐいす	Nightingale	славей
鶱	けん こん	とぶ	Soar	издигам се във въздуха
鶲		ひたき	Crested Flycatcher | Peewee	качулата мухоловка
鶵	すう す じゅ	ひな ひよこ	Chick | Fledging | Infant | Toddler	пиле | малко (на птица) | бебе | невръстно дете
鶸	じゃく	ひわ	Siskin | Greenfinch | Light Yellow-green	скатия | зеленика | светложълто-зелен
鶹	りゅう る	みみずく	The Owl	сова
鶺	せき		Wagtail	стърчиопашка
鶻	こつ かつ	はやぶさ	Falcon | Eagle	сокол | орел
鶼	けん かん	ついば.む	Fabulous Mythical Bird	митична приказна птица
鶽			A Hawk	ястреб
鶿	し	う	Cormorant	корморан
鷀			The Fishing Cormorant	корморан (риболовна птица)
鷁	げき		Waterfowl Which Flies High But Not Against The Wind	водна птица, летяща високо, но не срещу вятъра
鷂	よう	はいたか	Sparrow Hawk	врабчар
鷃	あん えん	うずら	Quail	пъдпъдък
鷄	けい	にわとり とり	Chicken	кокошка
鷆	てん しん	かすい	Yellow-white Mottled Songbird	жълто-бяла шарена певча птица
鷇	こう く かく こく	ひな	Chicks | Fledglings	пилета | малки птичета
鷊	げき ぎゃく		Pheasant	фазан
鷏	てん しん	かすい	Yellow-white Mottled Songbird	жълто-бяла шарена певча птица
鷓	しゃ		Partridge	яребица
鷕	よう い ゆい	な.く	Call	крясък (на птица)
鷖	えい	かもめ	Seagull	чайка
鷗	おう	かもめ	Seagull | Tern	чайка | рибарка
鷙	ごう し ちつ		Bird Of Prey | Desolate | Rough | Daring | Bravery	хищна птица | пуст | груб | дързък | храброст
鷚	りゅう る ぼう む	ひばり	Anthus | Skylark	бъбрица | чучулига
鷞	そう しょう	たか	The Turquoise Kingfisher	тюркоазено земеродно рибарче
鷟	さく	おおとり	Phoenix	феникс
鷥	し	しらさぎ	The Egret	бяла чапла
鷦	しょう		Wren	орехче
鷧	い えい	う	Cormorant	корморан
鷩	へつ へち へい ひ		Pheasant	фазан
鷫	しゅく すく		Turquoise Kingfisher	тюркоазено земеродно рибарче
鷭	はん ば	ばん	Water Hen | Gallinulle	зеленоножка
鷯	りょう		Wren	орехче
鷳	かん けん	とび しらきじ	Silver Pheasant | Phasianus Nycth	сребърен фазан
鷴	かん げん	とび しらきじ	Silver Pheasant Badge Worn By Civil Officials Of The 5th Grade	значка със сребърен фазан за чиновници от пети ранг?
鷸	いつ	しぎ	Kingfisher | Snipe	земеродно рибарче | бекас
鷽	かく あく	うそ	Long-tailed Bird | Dove | Bullfinch	птица с дълга опашка | гълъб | червенушка
鷾	い		Swallow	лястовица
鸂	けい	おしどり	Kind Of Water Bird	патица мандаринка
鸇	せん けん	はやぶさ	Kind Of Bird Of Prey | Hawk	вид хищна птица | ястреб
鸎	よう おう		The Mango-bird | The Chinese Oriole	китайска авлига
鸑	がく		Kind Of Large Waterfowl With Red	вид голяма водна птица с червено оперение
鸒	よ		The Eastern Jackdaw	чавка
鸕	ろ	かしら あたま	Cormorant	корморан
鸚	いん おう よう		Parrot | Parakeet	папагал
鸛	かん	こうのとり	Japanese Stork	японски щъркел
鸜	く	ははつちょう	Species Of Mynah	вид майна (птица)
鸝	り れい らい		Chinese Oriole	китайска авлига
鸞	らん		Fabulous Mythical Bird | Imperial	митична приказна птица | императорски
鹵	ろ	しお しおち たて	Salt	сол
鹸	けん かん せん	あ.く	Saltiness	соленост
鹹	かん だい	から.い しおからい しおけ せいしゅ	Salty	солен
鹺	さ し	しお	Salty | Salt	солен | сол
鹻	かん けん	しおけ	Impure Carbonate Of Sodium Of Natron	примесен натриев карбонат
鹼	けん かん せん	あ.く	Alkaline | Alkali | Lye | Salt	алкален | алкали | луга | сол
鹽	えん	しお	Salt	сол
麀	ゆう ゆ	めじか	Female Deer | Doe	сърна (женски елен) | кошута
麁	そ	あら.い	Rough | Crude | Coarse	груб | недодялан | грапав
麂	き		Species Of Deer	вид елен
麃	ほう びょう	おおしか	Till | Plow	оране | изоравам
麄	そ	はな.れる あら.い	Coarse | Rough | Rude	груб | недодялан
麅	ほう びょう	おおしか	Small Spotted Deer Found In N. China	вид петнист елен (Северен Китай)
麇	きん くん	のろ	General Name For The Hornless Deer | To Collect | To Band Together	безрог елен | събирам се | струпвам се
麈	しゅ す	おおじか	Moose | Priest's Horsehair Flapper | Elk	лос | опашка от косъм (за прогонване на мухи)
麋	び	なれしか	Reindeer	северен елен
麌	ぐ ご	おじか	Stag | Buck | Hart	сръндак | мъжки елен
麑	げい べい	こじか かのこ	Fawn	еленче | малко на елен
麒	き		Chinese Unicorn | Genius | Giraffe | Bright | Shining	китайски еднорог (цилин) | жираф | гений | блестящ
麕	きん くん	のろ	Roe Deer	сръндак
麘	きょう こう		Scent	аромат | мирис
麛	べい まい		Fawn	еленче
麝	じゃ しゃ		Musk Deer	мускусен елен
麞	しょう	のろ	Roebuck | Moschus Chinloo	сръндак
麤	そ	はな.れる あら.い	Rough | Coarse | Big	груб | недодялан | едър
麥	ばく	むぎ	Wheat	пшеница
麩	ふ	ふすま	Light Wheat-gluten Bread	пшеничен глутен | трици
麪	めん べん	むぎこ	Noodles | Wheat Flour	юфка | пшенично брашно
麭	ほう	こなもち	Sticky Rice Ball	оризова топка
麮	きょ こ	むぎがゆ	Porridge	каша
麯	きく	こうじ	Yeast | Leaven	мая | квас
麰	ぼう む		Barley	ечемик
麴	きく	こうじ	Yeast | Leaven | Surname	мая (коджи) | квас
麵	めん べん	むぎこ	Flour | Dough | Noodles	брашно | тесто | юфка
麸	ふ	ふすま	Light Wheat-gluten Bread	пшеничен глутен | трици
麼	び み ば ま も		Rope	въже?
麽			Interrogative Final Particle | Insignificant | Small | Tiny	въпросителна частица | незначителен | дребен
麾	き	さしまね.く さしずばた	Beckon To | Command	давам знак | командвам
黃	こう おう	き	Yellow | Surname	жълт
黈	とう つ	きいろ	Yellow | Augment | Increase	жълт | увеличавам
黌	こう おう		School	училище
黍	しょ	きび	Millet	просо
黏	ねん	ねば.り ねば.る	Stick To | Glutinous | Sticky | Glue	лепя се | лепкав | лепило
黐	ち り	もち	Bird-lime	лепило за птици (клей)
黑	こく	くろい くろ	Black | Dark | Evil | Sinister	черен | тъмен | зъл
黔	けん きん	くろ.い	Black	черен
黕	たん とん ちん	あか	Red	червен
默	ぼく もく	だ.まる もだ.す	Silent | Quiet | Still | Dark	мълчалив | тих
黜	ちゅつ	しりぞ.ける	Draw Back	отблъсквам | отстранявам
黝	ゆう	あおぐろ	Black	черен
點	てん	つ.ける つ.く た.てる さ.す とぼ.す とも.す ぼち	Point | Mark | Speck | Decimal Pt	точка | петно | десетична точка
黟	えい い	こくたん	Black And Shining | Ebony	черен и лъскав | абанос
黠	かつ	さと.い わるがしこ.い	Crafty	хитър
黤	えん あん おん	あおぐろい	Blue-black	синьо-черен
黥	けい げい	いれずみ	Tatooing	татуировка
黧	れい らい り	くろ.い	Dark, Sallow Colour	тъмен | жълтеникаво-мургав
黨	とう	なかま むら	Party | Faction | Clique	партия | фракция | клика
黮	たん どん ちん じん	くろ.い	Black | Dark | Unclear | Private	черен | тъмен | неясен
黯	あん	くら.い	Black | Dark	черен | тъмен
黰	しん あん えん	くろかみ	Young Girl's Hair Style	прическа на млада жена?
黲	さん	うすあおぐろい	Grey Black	сивочерен
黴	ばい び まい み	かび かび.る か.びる	Mold | Mildew	мухъл | плесен
黶	あん えん	ほくろ	Mole | Scar | Blemish	бенка | белег | петно
黷	とく	けが.す けが.れる	Make Dirty | Become Dirty	изцапвам | оцапвам се
黹	ち	ぬう ぬいとり	Sewing Radical (no. 204)	шев | шиене
黻	ふつ	あや	Lap Robe | Embroidery Pattern	везмо (шарка) | покривало за колене
黼	ふ ほ	あや	Embroidery	везба
黽	ぼう びん べん みん めん	あおがえる つと.める	Green Frog | Industry	зелена жаба | трудолюбие
黿	げん がん	あおうみがめ	Large Turtle | Sea Turtle	голяма костенурка | морска костенурка
鼂	ちょう じょう	うみがめ	Kind Of Sea Turtle | Surname	вид морска костенурка
鼃	わい かい	か.える	The Edible Water-frog	ядлива водна жаба
鼇	ごう		Great Sea Turtle	голяма морска костенурка
鼈	べつ へつ	すっぽん	Snapping Turtle | Fresh-water Turtle	мека костенурка | сладководна костенурка
鼉	た たん せん	わに	Large Reptile | Water Lizard	едро влечуго | воден гущер (алигатор)
鼎	てい	かなえ	Three Legged Kettle	триножен съд (бронзов, Древен Китай)
鼏	べき みゃく けい		Cover Of Tripod Cauldron	капак на триножен съд
鼐	だい ない どう のう	かなえ	Incense Tripod	триножник за тамян
鼒	し	かなえ	Large Tripod Cauldron With Small	голям триножен съд с тясно гърло
鼔	こ く	つづみ	Drum | To Drum, From Whence Comes: To Rouse | To Swell | To Bulge	барабан | бия барабан | издувам се
鼕	とう		Beating Of Drums	биене на барабани
鼖	ふん	つつみうつ	Drum	барабан
鼗	とう	ふりつづみ	Small Revolving Drum With Knobs	малък въртящ се барабан с топчета
鼙	へい ばい	つつ.み	Drum Carried On Horseback	барабан, носен на кон
鼚	ちょう		Drumming	барабанене
鼛	こう	おおつづみ	Drum	барабан
鼠	そ しょ	ねずみ ねず	Rat | Mouse | Dark Gray	плъх | мишка | тъмносив
鼡	そ しょ	ねずみ ねず	Rat | Mouse | Dark Gray	плъх | мишка | тъмносив
鼢	ふん	もぐらもち	Variety Of Mole	вид къртица
鼪	せい しょう そう	いたち	Weasel	невестулка
鼫	せき じゃく	むささび	Marmot | Squirrel	мармот | катерица
鼬	ゆう ゆ	いたち	Weasel | Skunk | Ermine	невестулка | скункс | хермелин
鼯	ご	むささび	Flying Squirrel	летяща катерица
鼴	えん おん	もぐら	Kind Of Insectivorous Rodent	вид къртица
鼷	けい	はつかねずみ	Mouse	мишка
鼹	えん おん	もぐら	Kind Of Insectivorous Rodent | Mole	къртица
鼽	ぐ きゅう	つ.まる	Clogged Nose	запушен нос
鼾	かん	いびき	Snoring	хъркане
齁	こう く こ	かぎばな	Snore Loudly | Very | Extremely	силно хъркане | много | изключително
齄	しゃ さ	はなのわき	Red Sores On Nose	червени пъпки по носа
齅	きゅう	か.ぐ	Smell | To Smell	мириша | усещам мирис
齆	おう お よう	はなづまり	Stuffed Nose	запушен нос
齊	せい さい	そろ.う ひと.しい ひと.しく あたる はやい	Alike | Equal | Similar | Saito	еднакъв | равен | подобен
齋	さい	つつし.む とき ものいみ	Buddhist Food | Room | Religious Purification | Worship | Avoid | Alike	пречистване (будистко) | стая за молитва | пост
齎	せい さい し	もたら.す もた.らす	Bring | Take | Bring About	донасям | причинявам
齏	せい さい	あえもの なます あ.える	Dishes Seasoned With Vinegar Or Miso	ястие, подправено с оцет или мисо
齒	し	よわい は よわ.い よわい.する	Tooth | Cog	зъб | зъбец (на зъбно колело)
齔	しん そん とん	かけば	Losing Baby Teeth | Child	смяна на млечни зъби | дете
齕	こつ ごち けつ	か.む	Gnaw | Bite | Nibble	гриза | хапя
齗	きん	はぐき	Gums (of The Teeth) | To Dispute	венци | споря
齚	さく じゃく さ じゃ	か.む	To Chew	дъвча
齝	ち し	にれ.がむ にげ.かむ	Chew The Cud	предъвквам | преживям (за преживни животни)
齞	げん		To Display The Teeth	показвам зъби
齟	そ さ しょ	かむ	Uneven | Bite | Disagree	неравен | хапя | разминаване | несъгласие
齠	ちょう		Baby Teeth | Young Child	млечни зъби | малко дете
齡	れい	よわ.い とし	Age	възраст
齣	しゃく しゅつ せき	こま	A Paragraph | Section	раздел | откъс | кадър | сцена
齦	ぎん こん	はぐき	Gums	венци
齧	げつ けつ	かじ.る か.む	Gnaw | Nibble | Munch | Have A Smattering Of	гриза | хапя леко | повърхностни знания
齩	こう ごう	か.む か.じる	To Chew | To Bite	дъвча | хапя
齪	さく そく せく しゅく しゅう	せま.る	Grating The Teeth	скърцане със зъби
齬	ご		Irregular Teeth	неравни зъби | разминаване
齭	しょ そ	いた.む	Tooth-ache	зъбобол
齮	き	か.む	Bite	хапя
齯	げい じ に		Teeth Grown In Old Age	зъби, поникнали в старост
齰	さく じゃく さ じゃ	か.む	To Bite	хапя
齲	く う	むしば	Decayed Tooth | Cavity	развален зъб | кариес
齳	ぐん		Toothless	беззъб
齵	ごう ぐ		Uneven (teeth)	неравни зъби
齶	がく	あご はぐき	Jaw	челюст
齷	あく		Grating The Teeth | Fretful	скърцане със зъби | притеснен | дребнав
龐	ほう ろう る	たかどの	Disorderly | Messy | Huge | Big	безреден | разхвърлян | огромен | голям
龑	えん げん		High And Bright	висок и светъл?
龔	きょう く よう ゆ	そな.える	Give | Present | Referential	давам | поднасям | почтителен
龕	かん がん	れい	Alcove For An Image	ниша за икона или статуя
龖	とう そう	おそ.れる	Flight Of A Dragon | Dragons Moving	полет на дракон | движещи се дракони
龜	き きゅう きん	かめ	Turtle | Tortoise	костенурка
龝	しゅう	あき とき	Autumn	есен
龞	べつ へつ	すっぽん	Turtle	мека костенурка
龠	やく	ふえ	Flute	флейта
龡	すい	ふく ふきな.らす	To Blow | Exhale	духам | издишвам
龢	わ お か	やわ.らぐ やわ.らげる なご.む なご.やか	In Harmony | Calm | Peaceful	в хармония | спокоен | мирен
龥	やく ゆ	よ.ぶ	Beg | Appeal For Help	моля | апелирам за помощ
欄			Railing | Balustrade | Animal Pan	парапет | ограда | рубрика (в таблица или вестник)
廊			Corridor | Porch | Veranda	коридор | веранда
朗			Clear | Bright | Distinct	ясен | светъл | ведър
虜			Capture | Imprison | Seize | Prison	пленявам | залавям | пленник
殺			Kill | Slaughter | Murder | Hurt	убивам | заколвам | убийство | нараняване
類			Class | Group | Kind | Category	вид | клас | категория
隆			Prosperous | Plentiful | Abundant	процъфтяващ | изобилен
塚	ちょう	つか	Cemetery | Tomb	гроб | могила
凞	き	やわらぐ	Bright	светъл
猪	ちょ	いのしし い	Pig	дива свиня | глиган
神	しん じん	かみ こう たましい	Spirit	дух | бог | божество
祥	しょう	さいわい	Good Luck	късмет | благоприятна поличба
福	ふく	さいわい ひもろぎ	Happiness	щастие | благополучие
諸	しょ	もろ これ	Several	няколко | различни
𠂢	は はい		To Branch	разклонявам се
𠂤	たい		To Store Up | To Pile Up	трупам | натрупвам
𢦏			To Cut | Wound | Hurt	режа | раня
